{"type": "FeatureCollection", "features": [{"type": "Feature", "properties": {"depth_ft": 0.0, "lake": "Clearwater", "dow": "86025201"}, "geometry": {"type": "LineString", "coordinates": [[-94.125484, 45.305809], [-94.125491, 45.305781], [-94.125478, 45.305771], [-94.125452, 45.30579], [-94.125335, 45.305894], [-94.125258, 45.306016], [-94.125207, 45.30611], [-94.125077, 45.306251], [-94.12496, 45.306336], [-94.124765, 45.306505], [-94.124557, 45.306647], [-94.124387, 45.306761], [-94.124178, 45.306903], [-94.12397, 45.307044], [-94.1238, 45.307139], [-94.123603, 45.307216], [-94.123446, 45.307292], [-94.123196, 45.307369], [-94.122933, 45.307427], [-94.122564, 45.307506], [-94.122262, 45.307574], [-94.122064, 45.307613], [-94.121906, 45.307661], [-94.12171, 45.307784], [-94.121527, 45.307889], [-94.121359, 45.308049], [-94.121176, 45.308153], [-94.121006, 45.308248], [-94.120756, 45.308334], [-94.120573, 45.308401], [-94.120231, 45.308489], [-94.119744, 45.308596], [-94.119573, 45.308663], [-94.119363, 45.308749], [-94.118982, 45.308864], [-94.118666, 45.308923], [-94.118456, 45.309], [-94.1181, 45.309069], [-94.117692, 45.309138], [-94.117415, 45.309187], [-94.116954, 45.309269], [-94.116598, 45.30931], [-94.11623, 45.309379], [-94.11582, 45.309411], [-94.11553, 45.30946], [-94.115121, 45.309502], [-94.114726, 45.309543], [-94.114409, 45.309564], [-94.114039, 45.309587], [-94.113722, 45.309599], [-94.113485, 45.309648], [-94.113195, 45.309688], [-94.112786, 45.309739], [-94.112391, 45.309798], [-94.112022, 45.309886], [-94.111653, 45.309917], [-94.111482, 45.309947], [-94.111112, 45.309969], [-94.110847, 45.309972], [-94.110555, 45.30991], [-94.11025, 45.309829], [-94.109931, 45.309766], [-94.109625, 45.309676], [-94.109215, 45.309624], [-94.108949, 45.309562], [-94.10863, 45.309472], [-94.108192, 45.309364], [-94.10758, 45.309183], [-94.107327, 45.309083], [-94.107074, 45.308983], [-94.106886, 45.308845], [-94.106805, 45.308753], [-94.106618, 45.308671], [-94.106325, 45.308525], [-94.106124, 45.308405], [-94.105854, 45.308138], [-94.105691, 45.307915], [-94.105634, 45.307674], [-94.105507, 45.307293], [-94.105489, 45.307013], [-94.105443, 45.306697], [-94.105436, 45.306361], [-94.105377, 45.306045], [-94.105265, 45.305646], [-94.105182, 45.305442], [-94.105111, 45.305191], [-94.105053, 45.304939], [-94.104955, 45.30467], [-94.104833, 45.304494], [-94.104711, 45.304356], [-94.104616, 45.304235], [-94.104535, 45.304152], [-94.104308, 45.304043], [-94.104175, 45.303969], [-94.103962, 45.303897], [-94.103762, 45.303833], [-94.103563, 45.303789], [-94.103337, 45.303726], [-94.102939, 45.303636], [-94.102501, 45.303557], [-94.102223, 45.303522], [-94.101799, 45.303461], [-94.101494, 45.303417], [-94.101123, 45.303356], [-94.100699, 45.303341], [-94.100421, 45.303288], [-94.100036, 45.303226], [-94.099625, 45.303165], [-94.099162, 45.303123], [-94.098725, 45.303071], [-94.098313, 45.302982], [-94.097862, 45.302893], [-94.097556, 45.302812], [-94.097158, 45.302732], [-94.096932, 45.30266], [-94.09656, 45.302542], [-94.096228, 45.302443], [-94.095843, 45.302353], [-94.095564, 45.302291], [-94.095312, 45.302256], [-94.094861, 45.302158], [-94.094568, 45.302067], [-94.094117, 45.301978], [-94.093891, 45.301934], [-94.093586, 45.301862], [-94.09344, 45.301808], [-94.093253, 45.301744], [-94.09288, 45.301561], [-94.092679, 45.301461], [-94.092391, 45.301296], [-94.09223, 45.301167], [-94.092002, 45.30102], [-94.091827, 45.300854], [-94.091626, 45.300688], [-94.091463, 45.300494], [-94.091248, 45.300301], [-94.091126, 45.300125], [-94.091016, 45.29993], [-94.09088, 45.299708], [-94.090783, 45.299503], [-94.090633, 45.299244], [-94.090577, 45.299095], [-94.090479, 45.298807], [-94.090314, 45.298455], [-94.090245, 45.298297], [-94.090228, 45.298111], [-94.090211, 45.297924], [-94.090151, 45.297561], [-94.090095, 45.297348], [-94.090037, 45.297106], [-94.090005, 45.296836], [-94.089894, 45.296539], [-94.089853, 45.296455], [-94.089727, 45.296214], [-94.089711, 45.296065], [-94.089615, 45.29588], [-94.089572, 45.295712], [-94.089517, 45.295573], [-94.089501, 45.295452], [-94.08939, 45.295183], [-94.089386, 45.29495], [-94.089355, 45.294689], [-94.089283, 45.294429], [-94.089199, 45.294141], [-94.089182, 45.293936], [-94.089164, 45.293731], [-94.089066, 45.293443], [-94.088968, 45.293155], [-94.088979, 45.293034], [-94.088948, 45.292792], [-94.088917, 45.292531], [-94.088925, 45.292289], [-94.088879, 45.291963], [-94.088781, 45.291628], [-94.088686, 45.291508], [-94.088383, 45.291232], [-94.088181, 45.291047], [-94.088019, 45.290834], [-94.087697, 45.290623], [-94.08751, 45.290504], [-94.087296, 45.290394], [-94.087122, 45.290274], [-94.086961, 45.290136], [-94.086879, 45.289978], [-94.086769, 45.289737], [-94.086659, 45.289514], [-94.086536, 45.289311], [-94.086426, 45.289097], [-94.08629, 45.288875], [-94.08614, 45.288681], [-94.085993, 45.288551], [-94.085858, 45.288441], [-94.085751, 45.288339], [-94.08555, 45.288229], [-94.085363, 45.288119], [-94.085111, 45.288038], [-94.084992, 45.288039], [-94.08494, 45.288105], [-94.084902, 45.288208], [-94.084891, 45.288292], [-94.084946, 45.288412], [-94.085053, 45.288495], [-94.085148, 45.288606], [-94.085244, 45.28881], [-94.085339, 45.288949], [-94.085394, 45.289051], [-94.085464, 45.289265], [-94.085466, 45.289349], [-94.085468, 45.289479], [-94.085352, 45.289583], [-94.085234, 45.289631], [-94.085023, 45.289688], [-94.084879, 45.289736], [-94.084721, 45.289775], [-94.08451, 45.289796], [-94.084285, 45.28977], [-94.084073, 45.289744], [-94.083821, 45.289691], [-94.083648, 45.289655], [-94.083475, 45.289582], [-94.083328, 45.289481], [-94.083208, 45.289417], [-94.083061, 45.289372], [-94.082927, 45.289261], [-94.08282, 45.289215], [-94.082581, 45.289143], [-94.082461, 45.289088], [-94.082434, 45.289042], [-94.082316, 45.28908], [-94.082237, 45.289109], [-94.082066, 45.289139], [-94.081962, 45.289261], [-94.081924, 45.289345], [-94.08178, 45.289412], [-94.081583, 45.289488], [-94.081372, 45.289509], [-94.081148, 45.289502], [-94.080936, 45.289513], [-94.080805, 45.289533], [-94.080514, 45.289545], [-94.080343, 45.289584], [-94.080172, 45.289623], [-94.080001, 45.28968], [-94.079804, 45.289719], [-94.079552, 45.289684], [-94.079247, 45.289613], [-94.079047, 45.289559], [-94.078742, 45.289459], [-94.078567, 45.289312], [-94.078353, 45.289164], [-94.078231, 45.288998], [-94.077988, 45.28873], [-94.077865, 45.288545], [-94.07778, 45.288228], [-94.077738, 45.288098], [-94.077747, 45.287884], [-94.077832, 45.287501], [-94.077947, 45.287286], [-94.07801, 45.287136], [-94.078099, 45.286949], [-94.078136, 45.286808], [-94.078235, 45.286463], [-94.07827, 45.286258], [-94.078372, 45.286024], [-94.078473, 45.285799], [-94.078574, 45.285556], [-94.078753, 45.285209], [-94.078802, 45.285023], [-94.078904, 45.284844], [-94.079084, 45.284591], [-94.079278, 45.284338], [-94.07951, 45.284019], [-94.079716, 45.283756], [-94.079871, 45.283558], [-94.080154, 45.283146], [-94.080515, 45.282685], [-94.080799, 45.282347], [-94.081033, 45.282131], [-94.081272, 45.281881], [-94.081546, 45.281683], [-94.081728, 45.281542], [-94.08199, 45.281446], [-94.082213, 45.281332], [-94.08245, 45.281274], [-94.082607, 45.281235], [-94.082938, 45.281232], [-94.083228, 45.281229], [-94.083451, 45.281152], [-94.083754, 45.281094], [-94.084057, 45.281025], [-94.084372, 45.28092], [-94.08461, 45.280908], [-94.084834, 45.280888], [-94.085019, 45.280877], [-94.085376, 45.280938], [-94.085748, 45.281047], [-94.086159, 45.281099], [-94.08661, 45.281206], [-94.086955, 45.281278], [-94.087419, 45.281357], [-94.087817, 45.281446], [-94.087978, 45.281538], [-94.088125, 45.281639], [-94.08826, 45.281768], [-94.088394, 45.281898], [-94.088542, 45.282036], [-94.088716, 45.282156], [-94.088837, 45.282248], [-94.089064, 45.282367], [-94.089264, 45.282458], [-94.089477, 45.28254], [-94.089769, 45.28263], [-94.090075, 45.28273], [-94.090461, 45.282857], [-94.090701, 45.282975], [-94.090913, 45.283029], [-94.091086, 45.283084], [-94.091233, 45.283166], [-94.091353, 45.283202], [-94.091511, 45.283219], [-94.09171, 45.283218], [-94.091855, 45.283244], [-94.092093, 45.283232], [-94.092251, 45.283194], [-94.092396, 45.283164], [-94.09262, 45.283162], [-94.092846, 45.283225], [-94.093032, 45.283279], [-94.093127, 45.283381], [-94.093181, 45.283455], [-94.093327, 45.28351], [-94.093512, 45.283499], [-94.093671, 45.283557], [-94.09379, 45.283556], [-94.094081, 45.283572], [-94.094452, 45.283625], [-94.094903, 45.283704], [-94.095182, 45.283767], [-94.095434, 45.283839], [-94.095581, 45.283931], [-94.095781, 45.283985], [-94.096059, 45.284019], [-94.096285, 45.284101], [-94.096512, 45.284229], [-94.096764, 45.284283], [-94.096858, 45.284347], [-94.097004, 45.284392], [-94.09715, 45.284419], [-94.097349, 45.284445], [-94.097481, 45.284444], [-94.097626, 45.284442], [-94.097824, 45.28444], [-94.098009, 45.284439], [-94.098274, 45.284464], [-94.098566, 45.284508], [-94.098699, 45.284553], [-94.098924, 45.284616], [-94.09919, 45.284688], [-94.09972, 45.284758], [-94.099906, 45.284784], [-94.100158, 45.284847], [-94.100489, 45.284899], [-94.100807, 45.284952], [-94.101073, 45.285006], [-94.101311, 45.28505], [-94.101578, 45.28515], [-94.10179, 45.285222], [-94.10207, 45.285313], [-94.102282, 45.285376], [-94.102497, 45.285532], [-94.102952, 45.285854], [-94.103166, 45.285973], [-94.103353, 45.286093], [-94.10354, 45.286203], [-94.103689, 45.28636], [-94.103743, 45.286434], [-94.103851, 45.286535], [-94.103931, 45.2866], [-94.104025, 45.286646], [-94.104225, 45.286737], [-94.104358, 45.286791], [-94.104436, 45.286827], [-94.10445, 45.286855], [-94.104609, 45.286909], [-94.104796, 45.286982], [-94.104996, 45.287073], [-94.105144, 45.287202], [-94.105225, 45.287304], [-94.10528, 45.287434], [-94.105389, 45.287601], [-94.105524, 45.287721], [-94.105698, 45.287859], [-94.105925, 45.287978], [-94.105993, 45.28808], [-94.106061, 45.288163], [-94.106193, 45.288171], [-94.106432, 45.288206], [-94.106631, 45.288278], [-94.106698, 45.288278], [-94.106803, 45.288267], [-94.106854, 45.288192], [-94.106959, 45.288117], [-94.107063, 45.288041], [-94.107061, 45.287939], [-94.107164, 45.287807], [-94.107282, 45.287732], [-94.107451, 45.287618], [-94.107568, 45.287514], [-94.107659, 45.287439], [-94.107684, 45.287355], [-94.107682, 45.287262], [-94.107587, 45.287151], [-94.107519, 45.287039], [-94.107463, 45.286882], [-94.107356, 45.286808], [-94.107209, 45.286726], [-94.107155, 45.286652], [-94.107193, 45.286595], [-94.107297, 45.286501], [-94.10735, 45.286482], [-94.10743, 45.286509], [-94.107563, 45.286554], [-94.107748, 45.286581], [-94.107815, 45.286599], [-94.107934, 45.286644], [-94.108067, 45.286661], [-94.108226, 45.286697], [-94.108479, 45.286816], [-94.108639, 45.286879], [-94.108746, 45.286925], [-94.108786, 45.286962], [-94.108894, 45.287054], [-94.108961, 45.287128], [-94.109068, 45.287174], [-94.109255, 45.287265], [-94.10936, 45.287255], [-94.109427, 45.287301], [-94.109467, 45.287309], [-94.109546, 45.287299], [-94.109691, 45.28727], [-94.109782, 45.287223], [-94.109794, 45.287148], [-94.109793, 45.287073], [-94.109723, 45.286878], [-94.109747, 45.286785], [-94.109785, 45.286682], [-94.109836, 45.286598], [-94.109967, 45.286512], [-94.110124, 45.286427], [-94.110229, 45.286417], [-94.110453, 45.286368], [-94.110612, 45.286376], [-94.110837, 45.286401], [-94.111022, 45.286418], [-94.111234, 45.286425], [-94.111341, 45.286499], [-94.111408, 45.286564], [-94.111673, 45.286589], [-94.111765, 45.28656], [-94.111884, 45.28655], [-94.112029, 45.286567], [-94.112134, 45.286538], [-94.112255, 45.286611], [-94.112347, 45.28662], [-94.112401, 45.286647], [-94.112442, 45.28674], [-94.11247, 45.286805], [-94.112445, 45.286852], [-94.112379, 45.286899], [-94.112368, 45.286974], [-94.112356, 45.287039], [-94.112397, 45.287113], [-94.112451, 45.287178], [-94.112531, 45.287224], [-94.11261, 45.287214], [-94.11265, 45.287241], [-94.112717, 45.287259], [-94.112717, 45.287287], [-94.112704, 45.287297], [-94.112678, 45.287325], [-94.112692, 45.287362], [-94.112784, 45.287324], [-94.11277, 45.287296], [-94.112742, 45.287222], [-94.112781, 45.287156], [-94.112778, 45.287026], [-94.112763, 45.286942], [-94.112669, 45.28685], [-94.112734, 45.286802], [-94.112614, 45.28671], [-94.112573, 45.286645], [-94.112571, 45.28658], [-94.112757, 45.286597], [-94.112863, 45.286624], [-94.112982, 45.286632], [-94.113128, 45.286687], [-94.113236, 45.286779], [-94.113382, 45.286824], [-94.113516, 45.286897], [-94.113675, 45.286924], [-94.113793, 45.286895], [-94.113884, 45.286828], [-94.11395, 45.286828], [-94.114083, 45.286826], [-94.114147, 45.286761], [-94.114159, 45.286686], [-94.114197, 45.286602], [-94.114276, 45.286601], [-94.114489, 45.286636], [-94.114675, 45.2867], [-94.114834, 45.286735], [-94.114941, 45.28679], [-94.115114, 45.286835], [-94.11526, 45.286899], [-94.115328, 45.286991], [-94.115447, 45.287009], [-94.11562, 45.287035], [-94.115872, 45.287126], [-94.116045, 45.287189], [-94.116218, 45.287244], [-94.116382, 45.287223], [-94.116541, 45.287231], [-94.11678, 45.287303], [-94.11698, 45.287385], [-94.117127, 45.287449], [-94.117392, 45.287493], [-94.117551, 45.287548], [-94.117685, 45.287621], [-94.117726, 45.287695], [-94.117782, 45.287844], [-94.117835, 45.28788], [-94.117837, 45.287973], [-94.117761, 45.288114], [-94.117766, 45.288366], [-94.117794, 45.288459], [-94.117875, 45.28856], [-94.117997, 45.28868], [-94.11809, 45.288754], [-94.118224, 45.288818], [-94.118344, 45.288891], [-94.118399, 45.288975], [-94.118413, 45.28904], [-94.118428, 45.289123], [-94.11839, 45.289198], [-94.11826, 45.289302], [-94.118129, 45.289359], [-94.117997, 45.289398], [-94.117825, 45.289381], [-94.11768, 45.289373], [-94.117507, 45.289319], [-94.117426, 45.289236], [-94.117436, 45.289068], [-94.11742, 45.288938], [-94.11739, 45.288742], [-94.117348, 45.288612], [-94.117305, 45.288435], [-94.117261, 45.288231], [-94.117259, 45.288138], [-94.117164, 45.287989], [-94.117094, 45.287785], [-94.116999, 45.287674], [-94.116839, 45.28761], [-94.116772, 45.287564], [-94.116692, 45.287509], [-94.116637, 45.287435], [-94.116609, 45.287361], [-94.11653, 45.287371], [-94.116465, 45.287409], [-94.116414, 45.287512], [-94.11635, 45.287597], [-94.116338, 45.287671], [-94.116313, 45.287746], [-94.116261, 45.287784], [-94.116222, 45.287812], [-94.116223, 45.287868], [-94.116291, 45.287961], [-94.116253, 45.288064], [-94.116229, 45.288157], [-94.116231, 45.288259], [-94.116247, 45.288408], [-94.116357, 45.288612], [-94.116438, 45.288723], [-94.116506, 45.288807], [-94.116614, 45.288936], [-94.116656, 45.289038], [-94.116736, 45.289093], [-94.116685, 45.289206], [-94.116621, 45.2893], [-94.116558, 45.28944], [-94.116493, 45.289525], [-94.116482, 45.289636], [-94.116578, 45.289785], [-94.116647, 45.289952], [-94.116742, 45.290072], [-94.116867, 45.29036], [-94.116923, 45.290555], [-94.117019, 45.290722], [-94.117048, 45.290871], [-94.117076, 45.290936], [-94.117013, 45.291076], [-94.116989, 45.291188], [-94.116969, 45.2913], [-94.117024, 45.291374], [-94.117183, 45.291438], [-94.117304, 45.29153], [-94.117439, 45.291659], [-94.117587, 45.291816], [-94.117603, 45.291918], [-94.117724, 45.292029], [-94.117805, 45.292112], [-94.117926, 45.292232], [-94.118045, 45.29224], [-94.118297, 45.292275], [-94.118614, 45.292281], [-94.118825, 45.29227], [-94.119117, 45.292304], [-94.119461, 45.292357], [-94.11978, 45.292428], [-94.11998, 45.29251], [-94.120287, 45.292684], [-94.120367, 45.29273], [-94.120581, 45.292812], [-94.120767, 45.292866], [-94.120913, 45.29293], [-94.12102, 45.292966], [-94.12114, 45.29303], [-94.12122, 45.293085], [-94.121342, 45.293205], [-94.121449, 45.293269], [-94.121476, 45.293325], [-94.121531, 45.293446], [-94.121572, 45.29352], [-94.12172, 45.293611], [-94.121825, 45.293601], [-94.121864, 45.293573], [-94.121943, 45.293535], [-94.121942, 45.293497], [-94.121995, 45.293488], [-94.122074, 45.293477], [-94.122153, 45.293467], [-94.122178, 45.293421], [-94.122271, 45.29341], [-94.12239, 45.293428], [-94.122656, 45.2935], [-94.122948, 45.293553], [-94.123173, 45.293606], [-94.123386, 45.293679], [-94.123573, 45.293761], [-94.123786, 45.293833], [-94.124038, 45.293878], [-94.124211, 45.293941], [-94.124292, 45.294052], [-94.124399, 45.294088], [-94.124519, 45.294134], [-94.124599, 45.294189], [-94.124547, 45.294227], [-94.124627, 45.294263], [-94.12468, 45.294272], [-94.124694, 45.2943], [-94.12476, 45.294337], [-94.12484, 45.294364], [-94.124855, 45.294429], [-94.124842, 45.294466], [-94.124909, 45.294475], [-94.124963, 45.29453], [-94.124964, 45.294586], [-94.125083, 45.294604], [-94.12511, 45.294613], [-94.125085, 45.294688], [-94.125086, 45.294753], [-94.12514, 45.294808], [-94.12522, 45.294854], [-94.125286, 45.294825], [-94.125351, 45.294787], [-94.12539, 45.294759], [-94.125415, 45.294703], [-94.125349, 45.294676], [-94.125334, 45.294601], [-94.125346, 45.294554], [-94.125319, 45.294499], [-94.125331, 45.294433], [-94.125316, 45.294378], [-94.125263, 45.294378], [-94.125184, 45.294351], [-94.125078, 45.294371], [-94.125039, 45.294399], [-94.124933, 45.294353], [-94.124893, 45.294335], [-94.124865, 45.294289], [-94.124838, 45.294243], [-94.124758, 45.294197], [-94.124704, 45.294151], [-94.124876, 45.294149], [-94.124917, 45.294214], [-94.124942, 45.294167], [-94.124994, 45.29412], [-94.12514, 45.294146], [-94.125207, 45.294211], [-94.125262, 45.294285], [-94.125246, 45.294164], [-94.125231, 45.294052], [-94.125176, 45.293941], [-94.125109, 45.293932], [-94.125134, 45.293867], [-94.125265, 45.2938], [-94.125365, 45.29352], [-94.125362, 45.293352], [-94.125318, 45.293147], [-94.125197, 45.293018], [-94.125129, 45.292935], [-94.12518, 45.292822], [-94.125403, 45.292746], [-94.125535, 45.292716], [-94.125667, 45.292724], [-94.125826, 45.292732], [-94.126024, 45.29273], [-94.126156, 45.292738], [-94.126253, 45.292683], [-94.126251, 45.292608], [-94.126276, 45.292543], [-94.126355, 45.292542], [-94.126476, 45.292634], [-94.126518, 45.292718], [-94.12661, 45.292717], [-94.126727, 45.292613], [-94.126871, 45.292546], [-94.126976, 45.292527], [-94.127068, 45.292479], [-94.127094, 45.292451], [-94.127066, 45.292377], [-94.127012, 45.292303], [-94.126958, 45.292285], [-94.126958, 45.292257], [-94.127116, 45.292227], [-94.127288, 45.292225], [-94.127407, 45.292261], [-94.127501, 45.292344], [-94.127688, 45.292417], [-94.127795, 45.292472], [-94.127968, 45.292536], [-94.128128, 45.292599], [-94.128221, 45.292645], [-94.128328, 45.292709], [-94.128425, 45.292913], [-94.12848, 45.293062], [-94.128522, 45.293155], [-94.12867, 45.293321], [-94.128752, 45.293423], [-94.128767, 45.293506], [-94.128701, 45.293544], [-94.128582, 45.293508], [-94.128542, 45.293509], [-94.128504, 45.293565], [-94.128519, 45.293658], [-94.128587, 45.293778], [-94.128642, 45.29389], [-94.128712, 45.294066], [-94.12874, 45.294168], [-94.12882, 45.294214], [-94.1289, 45.294251], [-94.129086, 45.294258], [-94.129191, 45.294266], [-94.129246, 45.29435], [-94.129234, 45.294424], [-94.129328, 45.29447], [-94.129501, 45.294543], [-94.129621, 45.294616], [-94.12973, 45.294755], [-94.129838, 45.294875], [-94.129945, 45.294958], [-94.130069, 45.295218], [-94.129967, 45.295387], [-94.129982, 45.29548], [-94.129959, 45.295666], [-94.129935, 45.295778], [-94.129845, 45.295882], [-94.129767, 45.295948], [-94.129636, 45.296014], [-94.129518, 45.296071], [-94.129348, 45.296138], [-94.129229, 45.296168], [-94.129084, 45.296188], [-94.128952, 45.296208], [-94.128715, 45.296238], [-94.128569, 45.296221], [-94.128409, 45.296129], [-94.128288, 45.296018], [-94.128128, 45.295945], [-94.128059, 45.295816], [-94.128043, 45.295667], [-94.128053, 45.295489], [-94.128076, 45.295312], [-94.128128, 45.295274], [-94.128033, 45.295163], [-94.128004, 45.295042], [-94.127975, 45.294922], [-94.127881, 45.294829], [-94.127853, 45.294774], [-94.127852, 45.294708], [-94.127797, 45.294606], [-94.127718, 45.294607], [-94.127547, 45.294665], [-94.127496, 45.294721], [-94.127458, 45.294843], [-94.127461, 45.294983], [-94.127464, 45.295122], [-94.127505, 45.295178], [-94.127506, 45.295262], [-94.127508, 45.295336], [-94.127603, 45.295457], [-94.127605, 45.295578], [-94.127542, 45.295746], [-94.127558, 45.295895], [-94.127494, 45.295989], [-94.127483, 45.296092], [-94.127392, 45.296176], [-94.127341, 45.296261], [-94.127303, 45.296317], [-94.127317, 45.296363], [-94.127384, 45.296419], [-94.127436, 45.2964], [-94.127464, 45.296446], [-94.127332, 45.296494], [-94.127281, 45.29655], [-94.127228, 45.296579], [-94.127042, 45.296534], [-94.126816, 45.296443], [-94.126709, 45.296379], [-94.126654, 45.296277], [-94.126545, 45.296129], [-94.126438, 45.296046], [-94.126331, 45.295954], [-94.126263, 45.295861], [-94.126288, 45.295786], [-94.126313, 45.29573], [-94.126363, 45.295609], [-94.12632, 45.295441], [-94.126266, 45.295358], [-94.126159, 45.295284], [-94.126052, 45.29522], [-94.125997, 45.295137], [-94.125956, 45.295072], [-94.125916, 45.295026], [-94.125875, 45.294989], [-94.125795, 45.294934], [-94.125741, 45.294888], [-94.125661, 45.294851], [-94.125543, 45.294871], [-94.125477, 45.294909], [-94.125466, 45.295012], [-94.125495, 45.295132], [-94.125549, 45.295197], [-94.125444, 45.295226], [-94.125365, 45.295227], [-94.125403, 45.295152], [-94.125323, 45.295143], [-94.125272, 45.295228], [-94.12526, 45.295265], [-94.125301, 45.295339], [-94.125291, 45.295526], [-94.125281, 45.295703], [-94.125271, 45.295862], [-94.125287, 45.295983], [-94.125329, 45.296085], [-94.125398, 45.296243], [-94.125452, 45.296317], [-94.125493, 45.2964], [-94.125509, 45.296521], [-94.125498, 45.296633], [-94.1255, 45.296717], [-94.125488, 45.29681], [-94.125503, 45.296857], [-94.125505, 45.296969], [-94.125597, 45.296985], [-94.125679, 45.297087], [-94.125684, 45.297357], [-94.125701, 45.297553], [-94.125677, 45.297693], [-94.125682, 45.297917], [-94.125621, 45.29816], [-94.125639, 45.298439], [-94.125643, 45.298616], [-94.125646, 45.298803], [-94.125716, 45.298998], [-94.125789, 45.299332], [-94.125806, 45.299528], [-94.125876, 45.299704], [-94.125988, 45.300039], [-94.126007, 45.300309], [-94.126024, 45.300523], [-94.125963, 45.300775], [-94.125915, 45.301037], [-94.125906, 45.301205], [-94.125868, 45.301308], [-94.125833, 45.301532], [-94.12577, 45.301668], [-94.12577, 45.301688]]}}, {"type": "Feature", "properties": {"depth_ft": 0.0, "lake": "Clearwater", "dow": "86025201"}, "geometry": {"type": "Polygon", "coordinates": [[[-94.125787, 45.303592], [-94.125677, 45.303602], [-94.125602, 45.303586], [-94.125516, 45.30356], [-94.125466, 45.303552], [-94.125465, 45.303491], [-94.125525, 45.30343], [-94.125536, 45.303352], [-94.12556, 45.303325], [-94.125622, 45.303342], [-94.125758, 45.303367], [-94.125858, 45.303418], [-94.125871, 45.303461], [-94.125885, 45.303531], [-94.125898, 45.303574], [-94.125898, 45.303591], [-94.125849, 45.303592], [-94.125787, 45.303592]]]}}, {"type": "Feature", "properties": {"depth_ft": 0.0, "lake": "Clearwater", "dow": "86025201"}, "geometry": {"type": "Polygon", "coordinates": [[[-94.1239, 45.304688], [-94.123985, 45.304652], [-94.124009, 45.304626], [-94.12407, 45.3046], [-94.124156, 45.304564], [-94.12418, 45.304529], [-94.124117, 45.304486], [-94.124079, 45.304434], [-94.124017, 45.304392], [-94.123991, 45.304331], [-94.123953, 45.304253], [-94.123915, 45.304201], [-94.123963, 45.304166], [-94.124012, 45.304148], [-94.124086, 45.304156], [-94.124171, 45.304086], [-94.124182, 45.304043], [-94.124181, 45.303964], [-94.124144, 45.303947], [-94.12407, 45.303948], [-94.124008, 45.303931], [-94.123946, 45.303915], [-94.123897, 45.303915], [-94.123847, 45.303916], [-94.12381, 45.303916], [-94.123811, 45.303951], [-94.123874, 45.304002], [-94.123862, 45.304037], [-94.12385, 45.304072], [-94.123851, 45.304115], [-94.123877, 45.30415], [-94.123865, 45.304167], [-94.12379, 45.304142], [-94.123741, 45.304142], [-94.123742, 45.304186], [-94.123792, 45.304211], [-94.123842, 45.304246], [-94.12388, 45.304297], [-94.123868, 45.304341], [-94.123819, 45.304359], [-94.123795, 45.304368], [-94.123746, 45.304394], [-94.123747, 45.304429], [-94.123723, 45.304481], [-94.123674, 45.304517], [-94.123613, 45.304517], [-94.123526, 45.304501], [-94.123453, 45.30451], [-94.123416, 45.304554], [-94.123405, 45.304589], [-94.123405, 45.304615], [-94.123517, 45.304631], [-94.123591, 45.304648], [-94.123629, 45.304691], [-94.12369, 45.304699], [-94.123764, 45.304698], [-94.123826, 45.304697], [-94.1239, 45.304688]]]}}, {"type": "Feature", "properties": {"depth_ft": 0.0, "lake": "Clearwater", "dow": "86025201"}, "geometry": {"type": "Polygon", "coordinates": [[[-94.124449, 45.30384], [-94.124509, 45.303761], [-94.124607, 45.303734], [-94.124656, 45.303682], [-94.124581, 45.303622], [-94.124519, 45.303622], [-94.12447, 45.303631], [-94.124359, 45.303606], [-94.124223, 45.303599], [-94.124162, 45.303626], [-94.124163, 45.303687], [-94.12425, 45.303747], [-94.124325, 45.303789], [-94.124314, 45.303824], [-94.12424, 45.303842], [-94.124203, 45.30386], [-94.124217, 45.303903], [-94.124315, 45.303894], [-94.124401, 45.303867], [-94.124425, 45.303858], [-94.124449, 45.30384]]]}}, {"type": "Feature", "properties": {"depth_ft": 0.0, "lake": "Clearwater", "dow": "86025201"}, "geometry": {"type": "Polygon", "coordinates": [[[-94.123597, 45.303727], [-94.123535, 45.303701], [-94.123547, 45.303658], [-94.123558, 45.303623], [-94.123595, 45.303623], [-94.123645, 45.30364], [-94.123658, 45.303674], [-94.123646, 45.303709], [-94.123597, 45.303727]]]}}, {"type": "Feature", "properties": {"depth_ft": 0.0, "lake": "Clearwater", "dow": "86025201"}, "geometry": {"type": "Polygon", "coordinates": [[[-94.125153, 45.303312], [-94.125078, 45.303252], [-94.124955, 45.303218], [-94.124868, 45.303211], [-94.124794, 45.303203], [-94.12467, 45.303178], [-94.124622, 45.303204], [-94.124622, 45.303239], [-94.124561, 45.303266], [-94.124401, 45.303241], [-94.124351, 45.303224], [-94.124277, 45.303242], [-94.124303, 45.303286], [-94.124279, 45.303312], [-94.12423, 45.303356], [-94.124119, 45.30334], [-94.124069, 45.303314], [-94.123995, 45.303263], [-94.123944, 45.303211], [-94.123944, 45.303176], [-94.123968, 45.303141], [-94.124016, 45.303115], [-94.124053, 45.30308], [-94.124151, 45.303087], [-94.124311, 45.303068], [-94.124434, 45.303067], [-94.124569, 45.303031], [-94.124655, 45.303013], [-94.124765, 45.303003], [-94.124852, 45.303011], [-94.124914, 45.303036], [-94.124989, 45.303096], [-94.125088, 45.30313], [-94.125163, 45.303173], [-94.125237, 45.30319], [-94.125323, 45.303189], [-94.125385, 45.303205], [-94.125411, 45.303231], [-94.12546, 45.303266], [-94.125486, 45.3033], [-94.125486, 45.303309], [-94.125375, 45.30331], [-94.125314, 45.303345], [-94.125265, 45.303346], [-94.125216, 45.303364], [-94.125191, 45.303346], [-94.125153, 45.303312]]]}}, {"type": "Feature", "properties": {"depth_ft": 0.0, "lake": "Clearwater", "dow": "86025201"}, "geometry": {"type": "Polygon", "coordinates": [[[-94.125637, 45.302864], [-94.125551, 45.302882], [-94.125478, 45.302901], [-94.125355, 45.302902], [-94.125268, 45.302868], [-94.125219, 45.302868], [-94.125083, 45.302852], [-94.12497, 45.302775], [-94.124871, 45.302724], [-94.124821, 45.302699], [-94.124734, 45.302639], [-94.124609, 45.302579], [-94.124572, 45.302553], [-94.124532, 45.302432], [-94.12452, 45.302406], [-94.124494, 45.302372], [-94.124493, 45.302311], [-94.124554, 45.302284], [-94.124628, 45.302301], [-94.124716, 45.302352], [-94.124791, 45.302404], [-94.124852, 45.302403], [-94.124939, 45.302428], [-94.125026, 45.302497], [-94.125089, 45.302548], [-94.125213, 45.302582], [-94.125324, 45.302589], [-94.125386, 45.302632], [-94.125485, 45.30264], [-94.125571, 45.302639], [-94.125658, 45.302664], [-94.125746, 45.302742], [-94.125808, 45.302776], [-94.12587, 45.30281], [-94.125945, 45.302853], [-94.125983, 45.302878], [-94.125958, 45.302887], [-94.125896, 45.302888], [-94.125786, 45.302924], [-94.125724, 45.302898], [-94.125699, 45.302872], [-94.125637, 45.302864]]]}}, {"type": "Feature", "properties": {"depth_ft": 0.0, "lake": "Clearwater", "dow": "86025201"}, "geometry": {"type": "Polygon", "coordinates": [[[-94.119757, 45.303634], [-94.119682, 45.303591], [-94.119645, 45.303548], [-94.119668, 45.303505], [-94.11973, 45.303495], [-94.119766, 45.303469], [-94.119815, 45.303469], [-94.119866, 45.30352], [-94.119843, 45.303599], [-94.119831, 45.303633], [-94.119794, 45.303651], [-94.119757, 45.303634]]]}}, {"type": "Feature", "properties": {"depth_ft": 0.0, "lake": "Clearwater", "dow": "86025201"}, "geometry": {"type": "Polygon", "coordinates": [[[-94.119222, 45.303655], [-94.119181, 45.303616], [-94.119175, 45.303587], [-94.11922, 45.303554], [-94.119255, 45.303518], [-94.11927, 45.303478], [-94.119321, 45.303477], [-94.119352, 45.30351], [-94.119389, 45.303542], [-94.119441, 45.30357], [-94.119446, 45.303592], [-94.119426, 45.303603], [-94.119395, 45.30361], [-94.119375, 45.303628], [-94.119325, 45.303651], [-94.119279, 45.303665], [-94.119253, 45.303666], [-94.119222, 45.303655]]]}}, {"type": "Feature", "properties": {"depth_ft": 0.0, "lake": "Clearwater", "dow": "86025201"}, "geometry": {"type": "Polygon", "coordinates": [[[-94.118358, 45.30339], [-94.118307, 45.303412], [-94.118235, 45.303412], [-94.11822, 45.303391], [-94.118218, 45.303322], [-94.118238, 45.303279], [-94.118283, 45.303257], [-94.118319, 45.303246], [-94.11837, 45.303252], [-94.118386, 45.303292], [-94.118392, 45.303339], [-94.118383, 45.303378], [-94.118358, 45.30339]]]}}, {"type": "Feature", "properties": {"depth_ft": 0.0, "lake": "Clearwater", "dow": "86025201"}, "geometry": {"type": "Polygon", "coordinates": [[[-94.112854, 45.288635], [-94.112675, 45.288688], [-94.112583, 45.288714], [-94.112481, 45.28873], [-94.112341, 45.288698], [-94.112285, 45.288688], [-94.112208, 45.288707], [-94.112043, 45.288676], [-94.111924, 45.288641], [-94.11181, 45.288595], [-94.111722, 45.288541], [-94.111689, 45.288462], [-94.111715, 45.288451], [-94.111802, 45.288461], [-94.111895, 45.288489], [-94.111978, 45.288513], [-94.11204, 45.288535], [-94.112092, 45.288556], [-94.112112, 45.288516], [-94.112204, 45.288508], [-94.112301, 45.288489], [-94.112373, 45.288463], [-94.112424, 45.288466], [-94.112471, 45.288491], [-94.112537, 45.288486], [-94.112676, 45.288467], [-94.112758, 45.288452], [-94.112814, 45.288418], [-94.112833, 45.28836], [-94.112776, 45.288314], [-94.112734, 45.288274], [-94.112712, 45.288238], [-94.112779, 45.288248], [-94.112847, 45.288306], [-94.112904, 45.288312], [-94.112941, 45.288363], [-94.112993, 45.288424], [-94.11303, 45.288467], [-94.113077, 45.288506], [-94.113109, 45.28855], [-94.11312, 45.288611], [-94.113106, 45.288651], [-94.113044, 45.28867], [-94.112946, 45.288634], [-94.112884, 45.288621], [-94.112854, 45.288635]]]}}, {"type": "Feature", "properties": {"depth_ft": 0.0, "lake": "Clearwater", "dow": "86025201"}, "geometry": {"type": "Polygon", "coordinates": [[[-94.112316, 45.28793], [-94.112219, 45.287942], [-94.112204, 45.287986], [-94.112143, 45.288019], [-94.112035, 45.288009], [-94.111995, 45.288042], [-94.111851, 45.288058], [-94.111738, 45.288074], [-94.111624, 45.28801], [-94.111525, 45.287953], [-94.111447, 45.287888], [-94.11141, 45.287813], [-94.11145, 45.287783], [-94.111486, 45.287783], [-94.111557, 45.28772], [-94.111669, 45.287687], [-94.111694, 45.287639], [-94.111714, 45.287621], [-94.111827, 45.287631], [-94.11194, 45.28763], [-94.112002, 45.287629], [-94.1121, 45.287643], [-94.112193, 45.287671], [-94.11226, 45.287681], [-94.112311, 45.287659], [-94.112352, 45.28768], [-94.112368, 45.287713], [-94.11236, 45.287803], [-94.112371, 45.287843], [-94.112371, 45.287872], [-94.112362, 45.287908], [-94.112352, 45.287923], [-94.112316, 45.28793]]]}}, {"type": "Feature", "properties": {"depth_ft": 0.0, "lake": "Clearwater", "dow": "86025201"}, "geometry": {"type": "Polygon", "coordinates": [[[-94.110282, 45.287925], [-94.11022, 45.287926], [-94.110178, 45.287875], [-94.11012, 45.287789], [-94.110052, 45.287721], [-94.109994, 45.287656], [-94.109921, 45.287595], [-94.109853, 45.287549], [-94.109817, 45.28752], [-94.109816, 45.287495], [-94.109888, 45.287476], [-94.109928, 45.287446], [-94.109943, 45.287425], [-94.109994, 45.287413], [-94.110056, 45.287409], [-94.110097, 45.287405], [-94.110133, 45.28743], [-94.11017, 45.287484], [-94.110212, 45.28752], [-94.110259, 45.287541], [-94.110295, 45.287573], [-94.110357, 45.287576], [-94.110393, 45.287591], [-94.110419, 45.287605], [-94.110409, 45.287627], [-94.110389, 45.287652], [-94.110405, 45.287681], [-94.110452, 45.287717], [-94.110504, 45.287738], [-94.110495, 45.287785], [-94.110464, 45.287804], [-94.110444, 45.287818], [-94.110425, 45.287876], [-94.110415, 45.28792], [-94.1104, 45.287942], [-94.110364, 45.287939], [-94.110328, 45.287932], [-94.110313, 45.287928], [-94.110282, 45.287925]]]}}, {"type": "Feature", "properties": {"depth_ft": 0.0, "lake": "Clearwater", "dow": "86025201"}, "geometry": {"type": "Polygon", "coordinates": [[[-94.112742, 45.288162], [-94.112746, 45.288126], [-94.112777, 45.288111], [-94.112802, 45.288111], [-94.112813, 45.288147], [-94.112804, 45.288168], [-94.112773, 45.288176], [-94.112757, 45.288173], [-94.112742, 45.288162]]]}}, {"type": "Feature", "properties": {"depth_ft": 0.0, "lake": "Clearwater", "dow": "86025201"}, "geometry": {"type": "Polygon", "coordinates": [[[-94.110497, 45.289678], [-94.1106, 45.289695], [-94.110662, 45.289705], [-94.110724, 45.289737], [-94.110761, 45.28978], [-94.110879, 45.289779], [-94.110919, 45.289742], [-94.110976, 45.289745], [-94.111043, 45.289781], [-94.111151, 45.289758], [-94.111233, 45.28975], [-94.111285, 45.289786], [-94.111316, 45.289822], [-94.111378, 45.289821], [-94.111402, 45.289767], [-94.111448, 45.289734], [-94.111566, 45.289729], [-94.111643, 45.289732], [-94.11174, 45.289694], [-94.111837, 45.289665], [-94.111935, 45.289656], [-94.111981, 45.289656], [-94.112013, 45.289703], [-94.112059, 45.289731], [-94.112115, 45.289702], [-94.112125, 45.289651], [-94.112139, 45.289607], [-94.112215, 45.289563], [-94.112291, 45.28949], [-94.112336, 45.289421], [-94.112314, 45.289345], [-94.112251, 45.289313], [-94.112179, 45.289299], [-94.112072, 45.289304], [-94.111964, 45.289334], [-94.111908, 45.28936], [-94.111874, 45.289436], [-94.111818, 45.289476], [-94.111736, 45.289499], [-94.111639, 45.289493], [-94.111556, 45.289464], [-94.111438, 45.289458], [-94.111325, 45.289467], [-94.111197, 45.289479], [-94.111099, 45.289501], [-94.111048, 45.289524], [-94.111013, 45.289564], [-94.111014, 45.289604], [-94.11103, 45.289647], [-94.11101, 45.289665], [-94.110938, 45.289655], [-94.110866, 45.28966], [-94.110805, 45.289678], [-94.110718, 45.289679], [-94.11064, 45.289647], [-94.110583, 45.289633], [-94.110516, 45.289634], [-94.110475, 45.289642], [-94.11047, 45.289652], [-94.110497, 45.289678]]]}}, {"type": "Feature", "properties": {"depth_ft": 0.0, "lake": "Clearwater", "dow": "86025201"}, "geometry": {"type": "Polygon", "coordinates": [[[-94.112229, 45.289233], [-94.112332, 45.289218], [-94.112377, 45.289167], [-94.112371, 45.289109], [-94.11235, 45.289073], [-94.112354, 45.289036], [-94.112333, 45.289011], [-94.112282, 45.289037], [-94.112304, 45.289084], [-94.112299, 45.289124], [-94.112254, 45.289153], [-94.112192, 45.289161], [-94.112142, 45.289209], [-94.112122, 45.289242], [-94.112158, 45.289263], [-94.112204, 45.289233], [-94.112229, 45.289233]]]}}, {"type": "Feature", "properties": {"depth_ft": 0.0, "lake": "Clearwater", "dow": "86025201"}, "geometry": {"type": "Polygon", "coordinates": [[[-94.114892, 45.28716], [-94.114838, 45.2872], [-94.114783, 45.287225], [-94.11474, 45.28724], [-94.114692, 45.287244], [-94.114641, 45.287223], [-94.11459, 45.287174], [-94.114537, 45.287153], [-94.114527, 45.287128], [-94.114501, 45.287086], [-94.114476, 45.287054], [-94.114472, 45.287014], [-94.114456, 45.286975], [-94.114428, 45.286948], [-94.114462, 45.286925], [-94.114496, 45.286916], [-94.114553, 45.286901], [-94.114576, 45.286916], [-94.114617, 45.286944], [-94.114641, 45.286986], [-94.114669, 45.286997], [-94.114699, 45.287031], [-94.114729, 45.287055], [-94.114782, 45.287064], [-94.114821, 45.287071], [-94.114849, 45.287091], [-94.114893, 45.287089], [-94.114924, 45.287079], [-94.114956, 45.28708], [-94.114998, 45.287089], [-94.115014, 45.287105], [-94.114996, 45.287117], [-94.114943, 45.287117], [-94.114921, 45.287124], [-94.114901, 45.287143], [-94.114901, 45.287148], [-94.114892, 45.28716]]]}}, {"type": "Feature", "properties": {"depth_ft": 0.0, "lake": "Clearwater", "dow": "86025201"}, "geometry": {"type": "Polygon", "coordinates": [[[-94.12303, 45.294492], [-94.122992, 45.294541], [-94.122949, 45.294589], [-94.122857, 45.294597], [-94.122736, 45.294598], [-94.122663, 45.294568], [-94.122633, 45.294517], [-94.122709, 45.294434], [-94.122771, 45.294396], [-94.122721, 45.294331], [-94.122701, 45.294297], [-94.122734, 45.29426], [-94.122705, 45.294229], [-94.122666, 45.294223], [-94.122704, 45.294171], [-94.122781, 45.294143], [-94.122773, 45.294027], [-94.122695, 45.293987], [-94.122656, 45.29399], [-94.122617, 45.293946], [-94.122625, 45.293898], [-94.122726, 45.29385], [-94.122823, 45.293825], [-94.122827, 45.29379], [-94.122792, 45.29374], [-94.12282, 45.293705], [-94.122913, 45.293738], [-94.122944, 45.29382], [-94.122935, 45.293861], [-94.122926, 45.293923], [-94.122966, 45.293963], [-94.122928, 45.294005], [-94.122841, 45.294026], [-94.122832, 45.294071], [-94.122833, 45.294115], [-94.1228, 45.294167], [-94.122797, 45.294232], [-94.122818, 45.29432], [-94.122834, 45.294375], [-94.122898, 45.294429], [-94.123018, 45.294387], [-94.123062, 45.294407], [-94.123048, 45.294462], [-94.12303, 45.294492]]]}}, {"type": "Feature", "properties": {"depth_ft": 0.0, "lake": "Clearwater", "dow": "86025201"}, "geometry": {"type": "Polygon", "coordinates": [[[-94.122144, 45.294074], [-94.122105, 45.29403], [-94.122066, 45.294024], [-94.122041, 45.293986], [-94.122079, 45.293935], [-94.122038, 45.293863], [-94.122028, 45.293815], [-94.122013, 45.293795], [-94.122007, 45.293723], [-94.12205, 45.293692], [-94.122113, 45.293719], [-94.122167, 45.293749], [-94.12225, 45.293803], [-94.122319, 45.293857], [-94.122349, 45.293898], [-94.122341, 45.293959], [-94.122322, 45.29399], [-94.122303, 45.294014], [-94.122275, 45.294049], [-94.122246, 45.294087], [-94.122232, 45.294097], [-94.122188, 45.294097], [-94.122154, 45.294088], [-94.122144, 45.294074]]]}}, {"type": "Feature", "properties": {"depth_ft": 0.0, "lake": "Clearwater", "dow": "86025201"}, "geometry": {"type": "Polygon", "coordinates": [[[-94.120496, 45.305951], [-94.120381, 45.305917], [-94.120322, 45.305904], [-94.120306, 45.305859], [-94.120321, 45.305834], [-94.120295, 45.305789], [-94.120245, 45.305759], [-94.120206, 45.305762], [-94.120196, 45.305794], [-94.120156, 45.305759], [-94.120141, 45.305718], [-94.12017, 45.305697], [-94.120234, 45.305689], [-94.120262, 45.305644], [-94.120271, 45.305591], [-94.120255, 45.305539], [-94.120274, 45.305497], [-94.120328, 45.305458], [-94.120382, 45.305441], [-94.120437, 45.305464], [-94.120403, 45.305524], [-94.120394, 45.305552], [-94.12041, 45.30559], [-94.120445, 45.305649], [-94.120466, 45.305704], [-94.120511, 45.305742], [-94.120571, 45.30578], [-94.120607, 45.305832], [-94.120642, 45.305883], [-94.120663, 45.305922], [-94.120663, 45.305953], [-94.120614, 45.30595], [-94.12057, 45.305954], [-94.120535, 45.305954], [-94.120496, 45.305951]]]}}, {"type": "Feature", "properties": {"depth_ft": 0.0, "lake": "Clearwater", "dow": "86025201"}, "geometry": {"type": "Polygon", "coordinates": [[[-94.117083, 45.297801], [-94.117084, 45.297859], [-94.117085, 45.297921], [-94.117053, 45.298004], [-94.116993, 45.2981], [-94.116947, 45.298173], [-94.116866, 45.298217], [-94.116791, 45.298228], [-94.11664, 45.2982], [-94.116578, 45.298177], [-94.116529, 45.298115], [-94.116441, 45.29813], [-94.1164, 45.298116], [-94.116392, 45.298073], [-94.116418, 45.298015], [-94.116506, 45.297966], [-94.11658, 45.297931], [-94.11662, 45.297863], [-94.116673, 45.297781], [-94.116753, 45.297718], [-94.116794, 45.297674], [-94.116855, 45.297659], [-94.116998, 45.297653], [-94.117093, 45.297652], [-94.117135, 45.297661], [-94.117149, 45.297714], [-94.117102, 45.297758], [-94.117083, 45.297801]]]}}, {"type": "Feature", "properties": {"depth_ft": 0.0, "lake": "Clearwater", "dow": "86025201"}, "geometry": {"type": "Polygon", "coordinates": [[[-94.116401, 45.299228], [-94.116442, 45.299222], [-94.116503, 45.299231], [-94.11655, 45.299173], [-94.116604, 45.299129], [-94.116637, 45.299071], [-94.116642, 45.299004], [-94.116675, 45.298955], [-94.116736, 45.298902], [-94.116796, 45.298819], [-94.116815, 45.298742], [-94.116764, 45.298594], [-94.116728, 45.298512], [-94.11668, 45.298474], [-94.116651, 45.298426], [-94.116623, 45.298359], [-94.11656, 45.298297], [-94.116499, 45.298293], [-94.116465, 45.298322], [-94.116473, 45.298365], [-94.116474, 45.298433], [-94.11644, 45.298448], [-94.11627, 45.298449], [-94.116195, 45.298474], [-94.116196, 45.298517], [-94.116197, 45.298556], [-94.116259, 45.298598], [-94.116348, 45.298598], [-94.116374, 45.298568], [-94.116408, 45.298563], [-94.116463, 45.298568], [-94.116525, 45.298606], [-94.11654, 45.298644], [-94.116554, 45.298687], [-94.116535, 45.298735], [-94.116488, 45.298779], [-94.116448, 45.298857], [-94.116443, 45.298929], [-94.116437, 45.298977], [-94.116411, 45.299025], [-94.11637, 45.299069], [-94.11633, 45.299079], [-94.116255, 45.299085], [-94.116201, 45.299104], [-94.116202, 45.299186], [-94.116257, 45.299205], [-94.116346, 45.299228], [-94.116401, 45.299228]]]}}, {"type": "Feature", "properties": {"depth_ft": 0.0, "lake": "Clearwater", "dow": "86025201"}, "geometry": {"type": "Polygon", "coordinates": [[[-94.115902, 45.298496], [-94.115806, 45.298473], [-94.115738, 45.298493], [-94.115691, 45.298508], [-94.115609, 45.298509], [-94.115534, 45.298533], [-94.115459, 45.298544], [-94.115405, 45.298583], [-94.115481, 45.298621], [-94.115617, 45.298605], [-94.115767, 45.298598], [-94.115883, 45.298583], [-94.115965, 45.298553], [-94.115957, 45.298529], [-94.115936, 45.298515], [-94.115902, 45.298496]]]}}, {"type": "Feature", "properties": {"depth_ft": 0.0, "lake": "Clearwater", "dow": "86025201"}, "geometry": {"type": "Polygon", "coordinates": [[[-94.115823, 45.300062], [-94.115845, 45.30011], [-94.115885, 45.300071], [-94.115884, 45.300013], [-94.115924, 45.299946], [-94.115963, 45.299883], [-94.115982, 45.299776], [-94.116035, 45.299733], [-94.116055, 45.299665], [-94.116046, 45.299588], [-94.116011, 45.299521], [-94.11599, 45.299483], [-94.115982, 45.29942], [-94.115987, 45.299348], [-94.115959, 45.299295], [-94.115945, 45.299276], [-94.115877, 45.299306], [-94.115844, 45.299345], [-94.115823, 45.299364], [-94.115791, 45.299441], [-94.115785, 45.299504], [-94.115806, 45.299538], [-94.115829, 45.299624], [-94.11587, 45.299667], [-94.115912, 45.299695], [-94.115927, 45.299758], [-94.115921, 45.299816], [-94.115854, 45.29986], [-94.115827, 45.299884], [-94.115821, 45.299951], [-94.115816, 45.300033], [-94.115816, 45.300048], [-94.115823, 45.300062]]]}}, {"type": "Feature", "properties": {"depth_ft": 0.0, "lake": "Clearwater", "dow": "86025201"}, "geometry": {"type": "Polygon", "coordinates": [[[-94.113093, 45.294211], [-94.113062, 45.294284], [-94.11303, 45.294327], [-94.113009, 45.294362], [-94.112988, 45.294404], [-94.112989, 45.294473], [-94.113039, 45.294484], [-94.113054, 45.294415], [-94.113063, 45.294357], [-94.113106, 45.294303], [-94.113143, 45.294268], [-94.113176, 45.294237], [-94.113142, 45.29421], [-94.113126, 45.294191], [-94.113109, 45.294199], [-94.113093, 45.294211]]]}}, {"type": "Feature", "properties": {"depth_ft": 30.0, "lake": "Clearwater", "dow": "86025201"}, "geometry": {"type": "LineString", "coordinates": [[-94.125756, 45.302072], [-94.125746, 45.302074], [-94.125471, 45.302076], [-94.125067, 45.30199], [-94.124864, 45.301902], [-94.124567, 45.30166], [-94.124342, 45.301417], [-94.124227, 45.301134], [-94.12422, 45.300812], [-94.124287, 45.300488], [-94.124424, 45.299984], [-94.124383, 45.299765], [-94.124235, 45.299702], [-94.124052, 45.299717], [-94.123708, 45.299875], [-94.123456, 45.300071], [-94.123131, 45.300293], [-94.122769, 45.300503], [-94.122423, 45.300597], [-94.122077, 45.300652], [-94.121599, 45.300554], [-94.12123, 45.300402], [-94.12099, 45.300263], [-94.120636, 45.299944], [-94.120373, 45.299592], [-94.120313, 45.299334], [-94.120288, 45.298999], [-94.120168, 45.298484], [-94.12005, 45.29806], [-94.120043, 45.297711], [-94.120138, 45.296962], [-94.120225, 45.296716], [-94.12035, 45.296573], [-94.120532, 45.296533], [-94.120624, 45.29657], [-94.120921, 45.296774], [-94.121277, 45.297183], [-94.121505, 45.297632], [-94.121585, 45.29798], [-94.121701, 45.298301], [-94.121815, 45.298494], [-94.122002, 45.298698], [-94.122576, 45.299054], [-94.123036, 45.299191], [-94.123182, 45.29919], [-94.123305, 45.298944], [-94.123302, 45.298776], [-94.123053, 45.298198], [-94.12301, 45.297863], [-94.122802, 45.296601], [-94.122615, 45.296409], [-94.122448, 45.296294], [-94.122221, 45.296387], [-94.122095, 45.296466], [-94.121877, 45.296571], [-94.121658, 45.296573], [-94.121548, 45.296548], [-94.121381, 45.29646], [-94.120988, 45.296018], [-94.120707, 45.295634], [-94.120607, 45.295209], [-94.120546, 45.294926], [-94.120449, 45.294656], [-94.120337, 45.294541], [-94.119694, 45.29438], [-94.119143, 45.294269], [-94.118774, 45.294131], [-94.118313, 45.293903], [-94.117668, 45.29369], [-94.117025, 45.293516], [-94.116526, 45.293276], [-94.116082, 45.293035], [-94.115711, 45.29278], [-94.115265, 45.292417], [-94.114888, 45.291827], [-94.114638, 45.291198], [-94.114552, 45.290541], [-94.114564, 45.290244], [-94.114525, 45.290102], [-94.114255, 45.289408], [-94.114167, 45.289288], [-94.114046, 45.289229], [-94.113963, 45.289314], [-94.113931, 45.289436], [-94.113933, 45.289556], [-94.113829, 45.290354], [-94.113563, 45.290767], [-94.113095, 45.291303], [-94.112909, 45.291425], [-94.112297, 45.2916], [-94.111374, 45.291645], [-94.11122, 45.291635], [-94.111117, 45.291612], [-94.110997, 45.291565], [-94.110858, 45.291494], [-94.110772, 45.291434], [-94.110667, 45.291338], [-94.11039, 45.291172], [-94.110252, 45.291101], [-94.110063, 45.291055], [-94.109909, 45.291032], [-94.109721, 45.291034], [-94.10955, 45.29106], [-94.108851, 45.291306], [-94.108632, 45.291372], [-94.108013, 45.291481], [-94.107593, 45.29155], [-94.106645, 45.292042], [-94.106441, 45.292128], [-94.106168, 45.292167], [-94.106048, 45.292156], [-94.105928, 45.292133], [-94.105756, 45.292086], [-94.105135, 45.291827], [-94.104028, 45.291198], [-94.103681, 45.290923], [-94.10255, 45.289896], [-94.102025, 45.289298], [-94.101884, 45.28907], [-94.101776, 45.288817], [-94.101546, 45.288421], [-94.101373, 45.288302], [-94.101166, 45.288207], [-94.100994, 45.288173], [-94.100754, 45.288151], [-94.100464, 45.288166], [-94.099796, 45.288148], [-94.099675, 45.288077], [-94.099393, 45.287609], [-94.099259, 45.287348], [-94.099109, 45.28708], [-94.098813, 45.286805], [-94.098692, 45.286734], [-94.098571, 45.286675], [-94.098261, 45.286593], [-94.098141, 45.28657], [-94.097458, 45.286625], [-94.0971, 45.286665], [-94.096451, 45.286695], [-94.096314, 45.286697], [-94.095526, 45.286644], [-94.095372, 45.286621], [-94.093679, 45.286649], [-94.093199, 45.28657], [-94.092613, 45.28631], [-94.092422, 45.286203], [-94.091923, 45.286014], [-94.091131, 45.285756], [-94.089188, 45.285208], [-94.089016, 45.285137], [-94.088705, 45.284983], [-94.088548, 45.284827], [-94.088408, 45.28466], [-94.088249, 45.284383], [-94.08782, 45.283422], [-94.087291, 45.282651], [-94.086565, 45.282166], [-94.086376, 45.282096], [-94.085892, 45.281983], [-94.08549, 45.281974], [-94.084942, 45.28203], [-94.084578, 45.282111], [-94.084052, 45.282361], [-94.082548, 45.283134], [-94.082465, 45.283267], [-94.082416, 45.283377], [-94.082418, 45.283485], [-94.082566, 45.284027], [-94.082754, 45.284322], [-94.082977, 45.284462], [-94.083399, 45.284548], [-94.083763, 45.28448], [-94.083926, 45.284401], [-94.084089, 45.284296], [-94.084199, 45.283637], [-94.084231, 45.28354], [-94.084364, 45.283334], [-94.084483, 45.283297], [-94.084586, 45.283284], [-94.084706, 45.283307], [-94.084983, 45.283497], [-94.085036, 45.283581], [-94.085232, 45.283978], [-94.085427, 45.284338], [-94.085743, 45.284818], [-94.085918, 45.284985], [-94.086299, 45.285235], [-94.086593, 45.285413], [-94.087404, 45.285828], [-94.087717, 45.286067], [-94.087947, 45.286463], [-94.087969, 45.286728], [-94.087924, 45.287042], [-94.087807, 45.287188], [-94.087201, 45.287725], [-94.087035, 45.28798], [-94.087002, 45.288053], [-94.087062, 45.288475], [-94.08729, 45.288763], [-94.087515, 45.288905], [-94.08791, 45.289034], [-94.088168, 45.289092], [-94.08906, 45.289229], [-94.089163, 45.289252], [-94.089283, 45.289263], [-94.089437, 45.289261], [-94.089574, 45.289284], [-94.089711, 45.289283], [-94.090902, 45.288958], [-94.091089, 45.288932], [-94.091486, 45.289073], [-94.09171, 45.289167], [-94.092441, 45.289824], [-94.092839, 45.290098], [-94.093219, 45.290288], [-94.094148, 45.290593], [-94.094493, 45.290734], [-94.095237, 45.291149], [-94.095341, 45.291233], [-94.095881, 45.291747], [-94.096129, 45.292215], [-94.096225, 45.292734], [-94.096209, 45.292806], [-94.096316, 45.293034], [-94.096389, 45.293275], [-94.097282, 45.294329], [-94.097884, 45.295386], [-94.098287, 45.295913], [-94.098462, 45.29608], [-94.099016, 45.296437], [-94.099433, 45.296783], [-94.099504, 45.296891], [-94.099578, 45.297204], [-94.099481, 45.297483], [-94.099313, 45.297641], [-94.09928, 45.297726], [-94.099197, 45.297824], [-94.098018, 45.298776], [-94.097582, 45.299264], [-94.097516, 45.299373], [-94.097484, 45.299482], [-94.097487, 45.299615], [-94.097505, 45.299699], [-94.09761, 45.299807], [-94.097816, 45.299853], [-94.097971, 45.299876], [-94.098277, 45.299824], [-94.09872, 45.299723], [-94.100268, 45.29925], [-94.101266, 45.298709], [-94.101334, 45.29866], [-94.101805, 45.298233], [-94.102288, 45.297601], [-94.10284, 45.29699], [-94.103927, 45.296534], [-94.104471, 45.296396], [-94.106286, 45.296451], [-94.106627, 45.296436], [-94.106883, 45.296409], [-94.107105, 45.296371], [-94.107241, 45.296333], [-94.10814, 45.295962], [-94.108343, 45.295828], [-94.108646, 45.295583], [-94.108738, 45.295488], [-94.109462, 45.295068], [-94.10988, 45.294948], [-94.110338, 45.294956], [-94.110835, 45.295119], [-94.111185, 45.295284], [-94.111681, 45.295646], [-94.111906, 45.295907], [-94.111978, 45.296121], [-94.111982, 45.296277], [-94.111952, 45.296493], [-94.111922, 45.29672], [-94.111842, 45.296949], [-94.111779, 45.297189], [-94.111647, 45.297417], [-94.111422, 45.297597], [-94.111229, 45.297697], [-94.110807, 45.297856], [-94.110369, 45.298004], [-94.109998, 45.298128], [-94.109626, 45.298215], [-94.109268, 45.298123], [-94.109045, 45.297981], [-94.108905, 45.297803], [-94.108882, 45.297492], [-94.108894, 45.297205], [-94.108771, 45.297002], [-94.108572, 45.297057], [-94.108421, 45.297203], [-94.108371, 45.297264], [-94.107831, 45.297748], [-94.107635, 45.298008], [-94.107177, 45.29829], [-94.10421, 45.29967], [-94.103397, 45.300089], [-94.103262, 45.300175], [-94.102396, 45.300509], [-94.102176, 45.300608], [-94.101956, 45.30073], [-94.101872, 45.300828], [-94.101839, 45.300889], [-94.102047, 45.301019], [-94.102338, 45.301053], [-94.102749, 45.301073], [-94.103023, 45.301106], [-94.103126, 45.30113], [-94.104617, 45.301272], [-94.104926, 45.301317], [-94.10515, 45.301376], [-94.105631, 45.301468], [-94.105768, 45.301502], [-94.106561, 45.301797], [-94.106647, 45.301844], [-94.10689, 45.302011], [-94.107568, 45.302571], [-94.107955, 45.303123], [-94.108151, 45.303544], [-94.108136, 45.30364], [-94.108278, 45.303917], [-94.108315, 45.304025], [-94.108339, 45.304375], [-94.108263, 45.304907], [-94.107811, 45.306275], [-94.107796, 45.30636], [-94.107667, 45.306772], [-94.107661, 45.307339], [-94.107853, 45.307567], [-94.108504, 45.307609], [-94.108743, 45.307582], [-94.108966, 45.307616], [-94.110164, 45.307604], [-94.110266, 45.307591], [-94.110489, 45.307613], [-94.110558, 45.307637], [-94.110712, 45.307672], [-94.111321, 45.308161], [-94.111737, 45.308434], [-94.112599, 45.308812], [-94.113373, 45.308974], [-94.113441, 45.308997], [-94.11385, 45.308909], [-94.114019, 45.30881], [-94.114104, 45.308737], [-94.114371, 45.308433], [-94.114536, 45.308105], [-94.114568, 45.307984], [-94.114742, 45.307855], [-94.114882, 45.307753], [-94.115051, 45.307661], [-94.115199, 45.307599], [-94.115454, 45.307522], [-94.11572, 45.307489], [-94.115976, 45.307486], [-94.116242, 45.307491], [-94.116627, 45.307525], [-94.116852, 45.307576], [-94.117002, 45.307634], [-94.117131, 45.307686], [-94.117336, 45.307759], [-94.117613, 45.307749], [-94.117708, 45.307718], [-94.117834, 45.307634], [-94.117874, 45.307498], [-94.117904, 45.307377], [-94.117955, 45.307264], [-94.118059, 45.307143], [-94.118143, 45.307067], [-94.118302, 45.30702], [-94.118485, 45.307078], [-94.118701, 45.307227], [-94.118851, 45.307293], [-94.119064, 45.307268], [-94.119202, 45.307199], [-94.119392, 45.307107], [-94.119476, 45.307054], [-94.119645, 45.306992], [-94.119804, 45.306938], [-94.11993, 45.306801], [-94.120012, 45.306672], [-94.120021, 45.306567], [-94.119987, 45.306462], [-94.119878, 45.30635], [-94.119748, 45.306269], [-94.119564, 45.306176], [-94.119456, 45.306101], [-94.119357, 45.30596], [-94.119312, 45.305832], [-94.11934, 45.305644], [-94.119348, 45.305508], [-94.119335, 45.305373], [-94.1193, 45.305223], [-94.119243, 45.305043], [-94.119133, 45.304849], [-94.118988, 45.304565], [-94.118835, 45.30434], [-94.118607, 45.304147], [-94.118348, 45.304007], [-94.118156, 45.303971], [-94.117899, 45.303921], [-94.117683, 45.303825], [-94.117539, 45.303732], [-94.11739, 45.303604], [-94.117315, 45.303515], [-94.117292, 45.303315], [-94.117343, 45.303108], [-94.117437, 45.302772], [-94.117445, 45.302675], [-94.117416, 45.302636], [-94.117297, 45.302637], [-94.117179, 45.302651], [-94.116951, 45.302679], [-94.11686, 45.302726], [-94.116622, 45.302747], [-94.116494, 45.302729], [-94.11629, 45.302576], [-94.116202, 45.302325], [-94.116088, 45.302114], [-94.11602, 45.301914], [-94.116006, 45.301643], [-94.115983, 45.301421], [-94.11585, 45.301182], [-94.115762, 45.301032], [-94.115641, 45.300845], [-94.115433, 45.300599], [-94.115119, 45.300339], [-94.11487, 45.300124], [-94.114652, 45.299893], [-94.114552, 45.299698], [-94.114248, 45.299355], [-94.113753, 45.299216], [-94.113346, 45.299196], [-94.112531, 45.299216], [-94.11214, 45.29916], [-94.11185, 45.299079], [-94.111744, 45.298889], [-94.111707, 45.298721], [-94.111685, 45.298482], [-94.111647, 45.298267], [-94.111608, 45.298004], [-94.111654, 45.297764], [-94.111902, 45.297427], [-94.112065, 45.297066], [-94.112108, 45.296671], [-94.11236, 45.296537], [-94.112768, 45.296592], [-94.113298, 45.296743], [-94.114448, 45.29712], [-94.114545, 45.297157], [-94.114706, 45.297223], [-94.114867, 45.297251], [-94.115181, 45.297481], [-94.1153, 45.297563], [-94.115439, 45.297622], [-94.11561, 45.297643], [-94.115823, 45.297626], [-94.116012, 45.297575], [-94.116247, 45.297519], [-94.116445, 45.297463], [-94.116703, 45.297407], [-94.116923, 45.297329], [-94.117105, 45.297231], [-94.11721, 45.297165], [-94.117274, 45.2971], [-94.117387, 45.296888], [-94.117524, 45.296819], [-94.117683, 45.296765], [-94.117885, 45.296733], [-94.118151, 45.296715], [-94.118439, 45.296713], [-94.118664, 45.296741], [-94.118941, 45.296768], [-94.119112, 45.296796], [-94.119295, 45.296877], [-94.119395, 45.297049], [-94.119418, 45.297169], [-94.119284, 45.297381], [-94.119094, 45.297481], [-94.118914, 45.297558], [-94.118629, 45.297718], [-94.11845, 45.297825], [-94.11824, 45.297978], [-94.117939, 45.298198], [-94.117813, 45.298297], [-94.117772, 45.298417], [-94.117817, 45.29853], [-94.117905, 45.298634], [-94.118109, 45.298715], [-94.118495, 45.298809], [-94.118709, 45.298859], [-94.119009, 45.298939], [-94.119363, 45.299033], [-94.119674, 45.299158], [-94.119944, 45.299298], [-94.120281, 45.299656], [-94.120413, 45.299865], [-94.120483, 45.300135], [-94.120542, 45.300443], [-94.12059, 45.300713], [-94.120628, 45.301014], [-94.120676, 45.301284], [-94.120808, 45.301603], [-94.120963, 45.30191], [-94.121064, 45.302157], [-94.121207, 45.302389], [-94.121403, 45.302575], [-94.121575, 45.302686], [-94.121768, 45.302722], [-94.121982, 45.302734], [-94.122183, 45.30268], [-94.122417, 45.302617], [-94.122607, 45.302555], [-94.122766, 45.302479], [-94.122965, 45.302296], [-94.123112, 45.302174], [-94.123375, 45.302021], [-94.123745, 45.30186], [-94.124074, 45.301781], [-94.12447, 45.301823], [-94.124728, 45.301925], [-94.12505, 45.302058], [-94.125309, 45.30219], [-94.125481, 45.302256], [-94.125632, 45.302261], [-94.125801, 45.302248], [-94.125807, 45.302248]]}}, {"type": "Feature", "properties": {"depth_ft": 10.0, "lake": "Clearwater", "dow": "86025201"}, "geometry": {"type": "LineString", "coordinates": [[-94.125935, 45.302555], [-94.12584, 45.302578], [-94.125602, 45.302595], [-94.125408, 45.302529], [-94.125228, 45.302443], [-94.125019, 45.302329], [-94.124853, 45.302263], [-94.124715, 45.302235], [-94.124536, 45.302227], [-94.124426, 45.302257], [-94.124345, 45.302335], [-94.124251, 45.302453], [-94.124131, 45.302629], [-94.123914, 45.302805], [-94.123737, 45.303138], [-94.123576, 45.303373], [-94.123362, 45.303676], [-94.123064, 45.303872], [-94.122775, 45.303914], [-94.122447, 45.303995], [-94.122228, 45.304055], [-94.121929, 45.304242], [-94.121657, 45.304381], [-94.121411, 45.30448], [-94.121219, 45.304492], [-94.120942, 45.304427], [-94.120775, 45.304312], [-94.120621, 45.304168], [-94.120451, 45.303918], [-94.120377, 45.303637], [-94.120329, 45.303308], [-94.120242, 45.303095], [-94.120182, 45.302853], [-94.120084, 45.302747], [-94.119585, 45.302578], [-94.119309, 45.302532], [-94.119063, 45.302583], [-94.118845, 45.302711], [-94.118587, 45.302879], [-94.11837, 45.303007], [-94.118275, 45.303095], [-94.11818, 45.303183], [-94.118113, 45.303242], [-94.118129, 45.303358], [-94.118185, 45.303435], [-94.118268, 45.303454], [-94.11849, 45.30351], [-94.118975, 45.303738], [-94.119225, 45.303833], [-94.119326, 45.304074], [-94.119608, 45.30442], [-94.119807, 45.304739], [-94.119941, 45.305261], [-94.119933, 45.305581], [-94.12002, 45.305803], [-94.120301, 45.306082], [-94.12058, 45.306138], [-94.121006, 45.306105], [-94.121293, 45.306025], [-94.121594, 45.305964], [-94.121994, 45.305998], [-94.122271, 45.306093], [-94.122436, 45.306101], [-94.122545, 45.306016], [-94.122475, 45.305929], [-94.122295, 45.305863], [-94.122087, 45.305797], [-94.121797, 45.305732], [-94.121507, 45.305677], [-94.121258, 45.305602], [-94.121036, 45.305497], [-94.120935, 45.305285], [-94.120919, 45.305149], [-94.121038, 45.304915], [-94.121282, 45.304748], [-94.121665, 45.304599], [-94.121856, 45.304548], [-94.122035, 45.304566], [-94.122257, 45.304651], [-94.122575, 45.304745], [-94.122989, 45.304819], [-94.123347, 45.304796], [-94.123772, 45.304753], [-94.124281, 45.304767], [-94.124693, 45.304734], [-94.125189, 45.304739], [-94.125463, 45.304717], [-94.125656, 45.304734], [-94.125756, 45.304908], [-94.125718, 45.305063], [-94.125677, 45.305093], [-94.125191, 45.305553], [-94.124976, 45.305798], [-94.124624, 45.306083], [-94.124271, 45.306329], [-94.123863, 45.306556], [-94.12348, 45.306666], [-94.123029, 45.306836], [-94.122499, 45.306923], [-94.121088, 45.306947], [-94.120676, 45.307019], [-94.12024, 45.307227], [-94.120024, 45.307423], [-94.119727, 45.30762], [-94.119593, 45.30773], [-94.118935, 45.308243], [-94.118545, 45.308404], [-94.118102, 45.308493], [-94.117468, 45.308439], [-94.116884, 45.308312], [-94.116364, 45.308123], [-94.116019, 45.308088], [-94.115443, 45.308161], [-94.1151, 45.308242], [-94.11476, 45.308401], [-94.114653, 45.308596], [-94.114713, 45.308809], [-94.114704, 45.309051], [-94.114544, 45.309315], [-94.114313, 45.309453], [-94.113983, 45.309505], [-94.113441, 45.309544], [-94.113298, 45.30953], [-94.113006, 45.309484], [-94.112525, 45.309356], [-94.112231, 45.309238], [-94.112059, 45.309155], [-94.111816, 45.309001], [-94.111038, 45.308574], [-94.110934, 45.308502], [-94.110377, 45.308037], [-94.110189, 45.308003], [-94.109249, 45.308072], [-94.108463, 45.30814], [-94.108224, 45.308142], [-94.107898, 45.308097], [-94.107675, 45.308063], [-94.107278, 45.30791], [-94.107105, 45.307779], [-94.107, 45.307671], [-94.106945, 45.307491], [-94.106889, 45.307226], [-94.106951, 45.306923], [-94.107033, 45.306705], [-94.107655, 45.305311], [-94.107714, 45.304815], [-94.107706, 45.304405], [-94.107737, 45.304236], [-94.107711, 45.303777], [-94.107445, 45.303273], [-94.107148, 45.30295], [-94.106209, 45.302174], [-94.106053, 45.302103], [-94.105435, 45.301952], [-94.104887, 45.301946], [-94.10475, 45.301923], [-94.104527, 45.301901], [-94.103141, 45.301902], [-94.102354, 45.301919], [-94.102235, 45.301935], [-94.102132, 45.301912], [-94.101585, 45.301929], [-94.100745, 45.301817], [-94.099885, 45.301571], [-94.099764, 45.3015], [-94.099608, 45.301393], [-94.099485, 45.301249], [-94.099484, 45.301165], [-94.099548, 45.300947], [-94.099478, 45.300851], [-94.099272, 45.300817], [-94.099117, 45.300806], [-94.098195, 45.300887], [-94.098058, 45.300889], [-94.097184, 45.300801], [-94.096961, 45.300754], [-94.096738, 45.300732], [-94.096567, 45.300734], [-94.096499, 45.300747], [-94.096346, 45.300809], [-94.096195, 45.300955], [-94.096165, 45.301185], [-94.096012, 45.30121], [-94.095276, 45.301205], [-94.095053, 45.301159], [-94.094864, 45.3011], [-94.094588, 45.300994], [-94.094415, 45.300912], [-94.094259, 45.300768], [-94.094066, 45.300553], [-94.093747, 45.29994], [-94.093621, 45.299615], [-94.093544, 45.299182], [-94.093541, 45.299049], [-94.093574, 45.298952], [-94.093891, 45.298526], [-94.094481, 45.298098], [-94.094698, 45.297818], [-94.094862, 45.297479], [-94.095119, 45.296595], [-94.095096, 45.295388], [-94.095127, 45.294313], [-94.095105, 45.294096], [-94.094991, 45.293506], [-94.094704, 45.292821], [-94.094634, 45.292701], [-94.094528, 45.292557], [-94.093955, 45.292115], [-94.093145, 45.291785], [-94.092989, 45.291666], [-94.092919, 45.291582], [-94.092831, 45.291438], [-94.092777, 45.291294], [-94.092757, 45.291185], [-94.092787, 45.290944], [-94.092367, 45.290465], [-94.092142, 45.290298], [-94.092072, 45.290226], [-94.091914, 45.290022], [-94.091462, 45.289628], [-94.091306, 45.289533], [-94.091169, 45.289486], [-94.090946, 45.289488], [-94.089942, 45.289727], [-94.089445, 45.289708], [-94.089343, 45.289697], [-94.089137, 45.289663], [-94.088794, 45.28963], [-94.088503, 45.289632], [-94.087646, 45.289496], [-94.087405, 45.289438], [-94.087026, 45.289272], [-94.085982, 45.288341], [-94.085743, 45.288195], [-94.085458, 45.288035], [-94.085241, 45.287974], [-94.085025, 45.287965], [-94.084786, 45.288062], [-94.084747, 45.288179], [-94.08475, 45.288334], [-94.084855, 45.28876], [-94.084803, 45.288925], [-94.084571, 45.289029], [-94.084351, 45.289041], [-94.084075, 45.288976], [-94.08348, 45.288797], [-94.083025, 45.288724], [-94.082688, 45.288698], [-94.082619, 45.288686], [-94.082517, 45.288687], [-94.081783, 45.288779], [-94.080561, 45.289261], [-94.080153, 45.289398], [-94.079999, 45.289423], [-94.079367, 45.289454], [-94.07873, 45.28923], [-94.07838, 45.289001], [-94.078213, 45.288848], [-94.078085, 45.288548], [-94.078077, 45.288162], [-94.078492, 45.28747], [-94.078609, 45.287336], [-94.078845, 45.287189], [-94.079399, 45.28664], [-94.079484, 45.286591], [-94.079618, 45.286469], [-94.079754, 45.286384], [-94.080346, 45.286064], [-94.08133, 45.285632], [-94.081325, 45.285403], [-94.081253, 45.285186], [-94.081137, 45.284463], [-94.081009, 45.28403], [-94.081017, 45.283559], [-94.081262, 45.282989], [-94.081363, 45.282855], [-94.081547, 45.28266], [-94.082019, 45.282306], [-94.082963, 45.281878], [-94.083172, 45.281812], [-94.083292, 45.281799], [-94.083411, 45.281774], [-94.084331, 45.281608], [-94.085168, 45.28154], [-94.086042, 45.281628], [-94.086522, 45.28172], [-94.08666, 45.281767], [-94.086884, 45.281861], [-94.08745, 45.282265], [-94.087614, 45.282482], [-94.088173, 45.283068], [-94.088208, 45.283128], [-94.088278, 45.283224], [-94.088365, 45.283296], [-94.088608, 45.283475], [-94.089335, 45.283951], [-94.090026, 45.28433], [-94.090458, 45.284519], [-94.091008, 45.284695], [-94.091111, 45.284706], [-94.091438, 45.2848], [-94.092011, 45.284889], [-94.09382, 45.285091], [-94.094077, 45.285076], [-94.094658, 45.285071], [-94.095427, 45.285051], [-94.097103, 45.285035], [-94.097924, 45.285051], [-94.098831, 45.285047], [-94.099036, 45.285065], [-94.099602, 45.285156], [-94.100582, 45.285436], [-94.100772, 45.285519], [-94.102465, 45.286396], [-94.102843, 45.286525], [-94.103739, 45.286854], [-94.10412, 45.287104], [-94.104295, 45.287308], [-94.104333, 45.287525], [-94.104151, 45.28784], [-94.10307, 45.288527], [-94.102615, 45.288857], [-94.102616, 45.288906], [-94.102635, 45.289002], [-94.102688, 45.289086], [-94.102775, 45.28917], [-94.102948, 45.289277], [-94.103087, 45.289384], [-94.103669, 45.290389], [-94.104003, 45.290628], [-94.105642, 45.291427], [-94.106468, 45.291487], [-94.106714, 45.291407], [-94.106959, 45.291298], [-94.107357, 45.291217], [-94.107891, 45.291143], [-94.108411, 45.291003], [-94.108396, 45.290915], [-94.108228, 45.290762], [-94.108075, 45.290666], [-94.107716, 45.290612], [-94.107289, 45.290577], [-94.106588, 45.290574], [-94.105901, 45.29062], [-94.104676, 45.290593], [-94.104179, 45.290491], [-94.103902, 45.290387], [-94.103719, 45.290165], [-94.103647, 45.289962], [-94.103669, 45.289729], [-94.103724, 45.289619], [-94.103807, 45.289498], [-94.103925, 45.289364], [-94.103992, 45.289327], [-94.104128, 45.289265], [-94.104264, 45.28924], [-94.104451, 45.28919], [-94.104998, 45.289184], [-94.106235, 45.289426], [-94.10718, 45.289694], [-94.108385, 45.290057], [-94.109109, 45.290364], [-94.109263, 45.290362], [-94.110395, 45.290544], [-94.111662, 45.290604], [-94.111946, 45.290502], [-94.112069, 45.290419], [-94.112237, 45.290273], [-94.112507, 45.290077], [-94.112592, 45.29004], [-94.113102, 45.289914], [-94.113194, 45.289783], [-94.113262, 45.289323], [-94.113253, 45.288872], [-94.113165, 45.288277], [-94.113094, 45.287953], [-94.113142, 45.287754], [-94.113448, 45.287697], [-94.113756, 45.287766], [-94.11421, 45.28796], [-94.114417, 45.288079], [-94.114926, 45.288738], [-94.115688, 45.290082], [-94.115864, 45.290346], [-94.115969, 45.290454], [-94.116162, 45.290718], [-94.116641, 45.291314], [-94.117202, 45.291871], [-94.11789, 45.292487], [-94.118938, 45.293588], [-94.119146, 45.293755], [-94.11925, 45.293814], [-94.119748, 45.293906], [-94.120449, 45.293899], [-94.121168, 45.293916], [-94.121645, 45.294001], [-94.122131, 45.294279], [-94.122619, 45.294606], [-94.123053, 45.294736], [-94.123589, 45.294972], [-94.123913, 45.295217], [-94.124055, 45.295469], [-94.124525, 45.296744], [-94.124681, 45.298589], [-94.124756, 45.298903], [-94.12506, 45.299588], [-94.125097, 45.299708], [-94.125087, 45.300107], [-94.125072, 45.300191], [-94.124765, 45.301112], [-94.124784, 45.301184], [-94.124872, 45.30134], [-94.124995, 45.301496], [-94.125368, 45.30179], [-94.125645, 45.301894], [-94.125726, 45.301881]]}}, {"type": "Feature", "properties": {"depth_ft": 15.0, "lake": "Clearwater", "dow": "86025201"}, "geometry": {"type": "LineString", "coordinates": [[-94.125738, 45.301947], [-94.125607, 45.301968], [-94.125199, 45.301869], [-94.125001, 45.301744], [-94.124786, 45.301575], [-94.124634, 45.301289], [-94.124564, 45.301061], [-94.124845, 45.299952], [-94.124825, 45.299831], [-94.124513, 45.298736], [-94.124395, 45.297107], [-94.124225, 45.296312], [-94.123975, 45.295752], [-94.123818, 45.29545], [-94.123635, 45.295282], [-94.12341, 45.295058], [-94.123167, 45.29494], [-94.122742, 45.294725], [-94.122408, 45.294559], [-94.122043, 45.294358], [-94.121479, 45.294094], [-94.121068, 45.294074], [-94.120743, 45.294077], [-94.120351, 45.294129], [-94.119649, 45.294112], [-94.119495, 45.294089], [-94.119047, 45.2939], [-94.118332, 45.293207], [-94.116423, 45.291257], [-94.115861, 45.290781], [-94.115496, 45.290418], [-94.115159, 45.289859], [-94.114566, 45.288637], [-94.114025, 45.288131], [-94.113455, 45.287847], [-94.113284, 45.287848], [-94.113235, 45.287934], [-94.113264, 45.288105], [-94.113319, 45.28833], [-94.113365, 45.288717], [-94.113399, 45.289132], [-94.113382, 45.289556], [-94.113374, 45.2898], [-94.113285, 45.290049], [-94.113139, 45.290062], [-94.112863, 45.290111], [-94.11259, 45.290262], [-94.112397, 45.290402], [-94.111866, 45.290682], [-94.111249, 45.290734], [-94.109864, 45.290622], [-94.10926, 45.290513], [-94.1071, 45.289845], [-94.105645, 45.289435], [-94.105108, 45.289417], [-94.10449, 45.289423], [-94.104085, 45.289496], [-94.103878, 45.289727], [-94.103802, 45.289981], [-94.103822, 45.290175], [-94.103954, 45.290289], [-94.104199, 45.290367], [-94.104509, 45.290421], [-94.104932, 45.290428], [-94.105322, 45.29039], [-94.106103, 45.290383], [-94.106672, 45.290389], [-94.107193, 45.29043], [-94.107715, 45.290516], [-94.108255, 45.290649], [-94.10868, 45.290782], [-94.108781, 45.290965], [-94.108718, 45.29108], [-94.108088, 45.291258], [-94.107196, 45.291427], [-94.106585, 45.291755], [-94.106212, 45.291804], [-94.105934, 45.291761], [-94.105623, 45.291649], [-94.105015, 45.291345], [-94.103551, 45.290499], [-94.103036, 45.289931], [-94.102688, 45.289578], [-94.102344, 45.288993], [-94.102342, 45.288872], [-94.102357, 45.288787], [-94.10239, 45.288727], [-94.102709, 45.288398], [-94.103013, 45.288201], [-94.103317, 45.28803], [-94.103792, 45.287808], [-94.103944, 45.28771], [-94.104044, 45.287564], [-94.10402, 45.28725], [-94.103951, 45.287178], [-94.10376, 45.287047], [-94.103587, 45.286953], [-94.10264, 45.286612], [-94.102364, 45.286481], [-94.101602, 45.286018], [-94.101, 45.285807], [-94.100622, 45.285714], [-94.10033, 45.285668], [-94.099885, 45.28566], [-94.099648, 45.285673], [-94.098659, 45.285901], [-94.098404, 45.286013], [-94.097875, 45.286078], [-94.096833, 45.286148], [-94.095331, 45.286296], [-94.094683, 45.28635], [-94.093775, 45.286274], [-94.093569, 45.28624], [-94.093328, 45.286182], [-94.092933, 45.286053], [-94.08947, 45.284722], [-94.088976, 45.284473], [-94.088613, 45.284179], [-94.088328, 45.283757], [-94.088025, 45.283186], [-94.087626, 45.282743], [-94.087457, 45.282435], [-94.087126, 45.282117], [-94.086552, 45.281835], [-94.085541, 45.281707], [-94.084696, 45.281738], [-94.084047, 45.281802], [-94.083124, 45.282051], [-94.082448, 45.28239], [-94.081741, 45.282948], [-94.081459, 45.28341], [-94.08133, 45.283858], [-94.08135, 45.284884], [-94.081425, 45.285245], [-94.081498, 45.285474], [-94.0815, 45.28557], [-94.081435, 45.285776], [-94.081097, 45.285973], [-94.081013, 45.286046], [-94.080963, 45.286143], [-94.080964, 45.286179], [-94.081, 45.286275], [-94.081124, 45.286491], [-94.081008, 45.286698], [-94.080735, 45.286749], [-94.080222, 45.286717], [-94.079727, 45.286794], [-94.079439, 45.28693], [-94.079202, 45.287065], [-94.078899, 45.287309], [-94.078647, 45.287565], [-94.07828, 45.288051], [-94.07829, 45.288558], [-94.078389, 45.288793], [-94.07854, 45.28901], [-94.078901, 45.289229], [-94.079039, 45.289288], [-94.079177, 45.289323], [-94.079314, 45.289345], [-94.079434, 45.289356], [-94.079741, 45.289329], [-94.079878, 45.289328], [-94.080155, 45.289293], [-94.080544, 45.289209], [-94.081544, 45.288793], [-94.081782, 45.288718], [-94.081867, 45.288718], [-94.08202, 45.288668], [-94.082242, 45.288618], [-94.082597, 45.28857], [-94.082972, 45.288601], [-94.083511, 45.288733], [-94.083855, 45.288856], [-94.084214, 45.28891], [-94.084376, 45.288909], [-94.084506, 45.288884], [-94.084619, 45.288826], [-94.084654, 45.288092], [-94.084766, 45.287999], [-94.085056, 45.287893], [-94.085316, 45.287867], [-94.085545, 45.287934], [-94.086013, 45.288183], [-94.086257, 45.288447], [-94.087004, 45.289031], [-94.087212, 45.289162], [-94.087367, 45.289233], [-94.089717, 45.289585], [-94.091027, 45.289258], [-94.09113, 45.289245], [-94.091267, 45.289268], [-94.091576, 45.28935], [-94.092502, 45.290355], [-94.093238, 45.291265], [-94.09419, 45.29186], [-94.094468, 45.292074], [-94.095325, 45.293092], [-94.095738, 45.294102], [-94.095935, 45.294571], [-94.095989, 45.294679], [-94.096041, 45.294739], [-94.096112, 45.294847], [-94.096507, 45.295946], [-94.096631, 45.296484], [-94.096605, 45.296851], [-94.096482, 45.297174], [-94.096432, 45.297247], [-94.096247, 45.297453], [-94.095286, 45.298139], [-94.094578, 45.298677], [-94.094025, 45.29931], [-94.093994, 45.299455], [-94.093969, 45.299938], [-94.094094, 45.30019], [-94.094218, 45.300431], [-94.094323, 45.300562], [-94.09441, 45.300646], [-94.094721, 45.300776], [-94.095203, 45.300952], [-94.095564, 45.301021], [-94.095613, 45.300936], [-94.095454, 45.300684], [-94.095315, 45.300529], [-94.095174, 45.300313], [-94.095013, 45.299952], [-94.09509, 45.299541], [-94.095174, 45.299444], [-94.095421, 45.298934], [-94.095554, 45.298728], [-94.095738, 45.298521], [-94.096175, 45.298118], [-94.096378, 45.297979], [-94.09678, 45.297757], [-94.097248, 45.297547], [-94.097633, 45.29729], [-94.097937, 45.297035], [-94.098095, 45.296793], [-94.098141, 45.29662], [-94.098236, 45.296516], [-94.098383, 45.296561], [-94.098466, 45.296606], [-94.098724, 45.297273], [-94.098424, 45.297686], [-94.09726, 45.298506], [-94.097092, 45.298653], [-94.096791, 45.299018], [-94.096626, 45.299345], [-94.096512, 45.299636], [-94.096465, 45.299854], [-94.09645, 45.299999], [-94.096521, 45.300131], [-94.096539, 45.300179], [-94.096678, 45.300274], [-94.096816, 45.300321], [-94.096919, 45.300344], [-94.098442, 45.300354], [-94.099259, 45.300153], [-94.099548, 45.300053], [-94.100685, 45.299608], [-94.101582, 45.299116], [-94.10192, 45.298896], [-94.102257, 45.298627], [-94.102341, 45.298542], [-94.102509, 45.298419], [-94.103124, 45.297448], [-94.103257, 45.297289], [-94.103375, 45.29718], [-94.103523, 45.297105], [-94.104266, 45.296834], [-94.104687, 45.296761], [-94.105419, 45.296742], [-94.105956, 45.296748], [-94.106978, 45.296612], [-94.107836, 45.29642], [-94.108127, 45.296291], [-94.108512, 45.296047], [-94.109636, 45.295302], [-94.110074, 45.29524], [-94.110628, 45.295292], [-94.111039, 45.295483], [-94.111327, 45.295769], [-94.111398, 45.295959], [-94.111452, 45.296126], [-94.111508, 45.296353], [-94.111545, 45.296521], [-94.111498, 45.296713], [-94.111436, 45.297024], [-94.111338, 45.297241], [-94.111054, 45.297447], [-94.110566, 45.297667], [-94.109993, 45.297876], [-94.109553, 45.297916], [-94.109327, 45.297667], [-94.109182, 45.29719], [-94.108987, 45.296785], [-94.108714, 45.296704], [-94.108393, 45.296779], [-94.108036, 45.297072], [-94.107652, 45.297409], [-94.10706, 45.297885], [-94.105559, 45.298655], [-94.105168, 45.298816], [-94.102166, 45.300113], [-94.100369, 45.300927], [-94.100285, 45.301024], [-94.100286, 45.30106], [-94.100992, 45.301331], [-94.101698, 45.301542], [-94.102282, 45.301669], [-94.102658, 45.301677], [-94.104061, 45.301676], [-94.105003, 45.301696], [-94.105394, 45.301715], [-94.105946, 45.301851], [-94.106205, 45.301957], [-94.106827, 45.302289], [-94.107227, 45.302647], [-94.107684, 45.303283], [-94.107773, 45.303451], [-94.107846, 45.303691], [-94.107999, 45.304523], [-94.107906, 45.305019], [-94.107172, 45.306861], [-94.107178, 45.307163], [-94.107146, 45.307272], [-94.1072, 45.307392], [-94.107288, 45.307548], [-94.107393, 45.307668], [-94.107722, 45.307858], [-94.108356, 45.307924], [-94.108784, 45.307932], [-94.109707, 45.307862], [-94.109929, 45.30786], [-94.110186, 45.307894], [-94.11041, 45.30794], [-94.110599, 45.308011], [-94.111415, 45.30863], [-94.112138, 45.309056], [-94.112531, 45.309213], [-94.113102, 45.309276], [-94.11359, 45.309294], [-94.113885, 45.30936], [-94.114161, 45.309357], [-94.114355, 45.309298], [-94.11453, 45.30909], [-94.114507, 45.308757], [-94.114567, 45.30847], [-94.114709, 45.308251], [-94.115062, 45.308006], [-94.115532, 45.307899], [-94.115921, 45.307826], [-94.116508, 45.3079], [-94.117014, 45.307999], [-94.117324, 45.308053], [-94.117749, 45.308152], [-94.118109, 45.308263], [-94.118451, 45.30826], [-94.118741, 45.308142], [-94.11903, 45.307922], [-94.119349, 45.30762], [-94.120022, 45.307098], [-94.121166, 45.306845], [-94.121354, 45.306819], [-94.122055, 45.306812], [-94.12255, 45.306834], [-94.123018, 45.306771], [-94.123632, 45.30657], [-94.124002, 45.306382], [-94.124388, 45.306126], [-94.124804, 45.305755], [-94.125043, 45.305535], [-94.125346, 45.305234], [-94.125555, 45.305082], [-94.125602, 45.304979], [-94.125356, 45.304889], [-94.125112, 45.304892], [-94.124591, 45.304874], [-94.124136, 45.304924], [-94.123682, 45.304986], [-94.123161, 45.304968], [-94.122754, 45.304949], [-94.122444, 45.304884], [-94.121955, 45.304831], [-94.121663, 45.304914], [-94.121421, 45.304974], [-94.121276, 45.305079], [-94.121214, 45.30524], [-94.121299, 45.305422], [-94.121612, 45.305591], [-94.122004, 45.305679], [-94.122461, 45.305778], [-94.122708, 45.305902], [-94.122727, 45.306051], [-94.122647, 45.306109], [-94.122453, 45.30618], [-94.122095, 45.306195], [-94.12185, 45.306151], [-94.12167, 45.306096], [-94.121475, 45.306109], [-94.121022, 45.306205], [-94.120665, 45.306255], [-94.120388, 45.306211], [-94.120157, 45.306087], [-94.119975, 45.305894], [-94.119857, 45.3057], [-94.119837, 45.305517], [-94.119865, 45.305287], [-94.119796, 45.305082], [-94.11971, 45.304842], [-94.119592, 45.304636], [-94.119474, 45.304408], [-94.11934, 45.304237], [-94.119173, 45.303998], [-94.119155, 45.303906], [-94.119056, 45.303861], [-94.118875, 45.30376], [-94.118515, 45.303637], [-94.118285, 45.303548], [-94.118088, 45.303458], [-94.118054, 45.303355], [-94.118051, 45.303217], [-94.11813, 45.303079], [-94.118332, 45.302774], [-94.118392, 45.302487], [-94.118274, 45.302316], [-94.118028, 45.302203], [-94.117655, 45.302241], [-94.11733, 45.302256], [-94.116987, 45.302225], [-94.116774, 45.302147], [-94.116657, 45.301964], [-94.116571, 45.301713], [-94.116434, 45.30137], [-94.116297, 45.301016], [-94.11608, 45.300766], [-94.115865, 45.300573], [-94.11565, 45.300403], [-94.115238, 45.300109], [-94.115021, 45.299835], [-94.11492, 45.299664], [-94.114808, 45.299361], [-94.11431, 45.299019], [-94.113611, 45.29887], [-94.112692, 45.298784], [-94.112316, 45.29862], [-94.112125, 45.29843], [-94.112067, 45.29806], [-94.11218, 45.297759], [-94.112291, 45.297327], [-94.112471, 45.297014], [-94.112708, 45.296952], [-94.114799, 45.297619], [-94.114964, 45.297755], [-94.115194, 45.297879], [-94.115457, 45.297991], [-94.115636, 45.298001], [-94.115927, 45.297904], [-94.11626, 45.297756], [-94.116805, 45.297546], [-94.117079, 45.297468], [-94.117268, 45.297364], [-94.117488, 45.297318], [-94.11764, 45.29735], [-94.117708, 45.297476], [-94.117566, 45.297718], [-94.117489, 45.297948], [-94.117396, 45.29819], [-94.117351, 45.298374], [-94.117289, 45.298535], [-94.117326, 45.29873], [-94.117377, 45.298879], [-94.117592, 45.299049], [-94.11787, 45.299138], [-94.118116, 45.299193], [-94.11849, 45.299223], [-94.118881, 45.299265], [-94.119355, 45.299375], [-94.119683, 45.299498], [-94.119831, 45.299566], [-94.120162, 45.299884], [-94.120197, 45.299975], [-94.120199, 45.30009], [-94.120087, 45.300206], [-94.119975, 45.300276], [-94.119814, 45.300346], [-94.119619, 45.300382], [-94.11931, 45.300374], [-94.119017, 45.300342], [-94.118462, 45.300279], [-94.118153, 45.30027], [-94.117861, 45.300296], [-94.117537, 45.30038], [-94.117296, 45.30052], [-94.11712, 45.300682], [-94.116961, 45.300879], [-94.116851, 45.301075], [-94.116758, 45.301294], [-94.116762, 45.301511], [-94.116832, 45.301763], [-94.116933, 45.301934], [-94.117032, 45.302025], [-94.117244, 45.302046], [-94.117508, 45.302016], [-94.117881, 45.301966], [-94.118287, 45.301939], [-94.118726, 45.301935], [-94.119215, 45.301965], [-94.119526, 45.302099], [-94.119855, 45.30228], [-94.120119, 45.302449], [-94.12045, 45.302733], [-94.120817, 45.303199], [-94.12097, 45.30353], [-94.121088, 45.303747], [-94.121237, 45.303872], [-94.12137, 45.304008], [-94.12155, 45.304064], [-94.121663, 45.304028], [-94.121856, 45.3039], [-94.122161, 45.303714], [-94.122466, 45.303493], [-94.122868, 45.303248], [-94.123173, 45.303061], [-94.123398, 45.30291], [-94.123703, 45.302724], [-94.123927, 45.302538], [-94.124152, 45.302398], [-94.124264, 45.302305], [-94.124425, 45.302189], [-94.124652, 45.302175], [-94.125093, 45.302274], [-94.12539, 45.302443], [-94.125635, 45.30251], [-94.125895, 45.302456]]}}, {"type": "Feature", "properties": {"depth_ft": 10.0, "lake": "Clearwater", "dow": "86025201"}, "geometry": {"type": "Polygon", "coordinates": [[[-94.112544, 45.297253], [-94.112462, 45.297409], [-94.112369, 45.297853], [-94.112256, 45.298165], [-94.112398, 45.298463], [-94.112978, 45.298625], [-94.114017, 45.298819], [-94.114803, 45.299098], [-94.115028, 45.299323], [-94.11514, 45.299661], [-94.115142, 45.299733], [-94.115439, 45.300068], [-94.115647, 45.300187], [-94.115767, 45.300234], [-94.116119, 45.300347], [-94.116215, 45.300375], [-94.116575, 45.300419], [-94.116916, 45.30038], [-94.117104, 45.300342], [-94.117189, 45.300317], [-94.117868, 45.300057], [-94.117953, 45.300032], [-94.118244, 45.300053], [-94.118587, 45.300098], [-94.118673, 45.300133], [-94.119086, 45.30025], [-94.119666, 45.300184], [-94.119735, 45.300171], [-94.119854, 45.300134], [-94.119987, 45.299976], [-94.119586, 45.299593], [-94.119053, 45.299454], [-94.118968, 45.299454], [-94.117354, 45.299168], [-94.117078, 45.299038], [-94.116973, 45.298919], [-94.116902, 45.298774], [-94.1169, 45.298702], [-94.116932, 45.298593], [-94.117229, 45.298145], [-94.117503, 45.297674], [-94.117522, 45.297507], [-94.117437, 45.297454], [-94.117247, 45.297482], [-94.116769, 45.297627], [-94.11633, 45.297836], [-94.115685, 45.298074], [-94.115344, 45.298099], [-94.114709, 45.297758], [-94.113138, 45.297247], [-94.112711, 45.297144], [-94.112544, 45.297253]]]}}, {"type": "Feature", "properties": {"depth_ft": 20.0, "lake": "Clearwater", "dow": "86025201"}, "geometry": {"type": "LineString", "coordinates": [[-94.12586, 45.302367], [-94.125748, 45.302391], [-94.125547, 45.302413], [-94.125391, 45.302345], [-94.125202, 45.302261], [-94.12498, 45.302186], [-94.124747, 45.302071], [-94.124548, 45.302035], [-94.124252, 45.302092], [-94.123924, 45.302235], [-94.123696, 45.3024], [-94.123425, 45.302644], [-94.123132, 45.302848], [-94.122653, 45.303141], [-94.122479, 45.303259], [-94.122228, 45.30337], [-94.122042, 45.303418], [-94.121667, 45.303422], [-94.121446, 45.303347], [-94.121223, 45.30324], [-94.121054, 45.303024], [-94.120872, 45.302762], [-94.120579, 45.302415], [-94.120288, 45.302162], [-94.11983, 45.301832], [-94.119554, 45.301707], [-94.119299, 45.301616], [-94.118956, 45.301549], [-94.11867, 45.301529], [-94.11835, 45.301532], [-94.118022, 45.301667], [-94.117815, 45.301755], [-94.117596, 45.301819], [-94.117201, 45.301885], [-94.117079, 45.301847], [-94.117011, 45.301755], [-94.11693, 45.301569], [-94.116936, 45.301328], [-94.117042, 45.301079], [-94.117182, 45.300938], [-94.117509, 45.300779], [-94.11775, 45.300699], [-94.118023, 45.300588], [-94.118451, 45.300498], [-94.119024, 45.300485], [-94.119376, 45.300481], [-94.119684, 45.300478], [-94.119948, 45.30046], [-94.120113, 45.300412], [-94.120275, 45.300247], [-94.120293, 45.300092], [-94.120255, 45.299812], [-94.120075, 45.299612], [-94.119807, 45.299444], [-94.119508, 45.299354], [-94.119153, 45.299233], [-94.118633, 45.299121], [-94.118313, 45.299055], [-94.118014, 45.298988], [-94.117692, 45.298874], [-94.117624, 45.29879], [-94.117567, 45.298643], [-94.117582, 45.298324], [-94.117633, 45.29811], [-94.117738, 45.297868], [-94.117921, 45.297649], [-94.118094, 45.297461], [-94.1183, 45.297303], [-94.118495, 45.297162], [-94.118559, 45.297029], [-94.118447, 45.296945], [-94.118192, 45.296846], [-94.117883, 45.296834], [-94.117652, 45.296867], [-94.117479, 45.297001], [-94.117372, 45.297188], [-94.117273, 45.29725], [-94.116963, 45.297394], [-94.11675, 45.297476], [-94.116576, 45.297521], [-94.11628, 45.297616], [-94.115946, 45.297721], [-94.115711, 45.297841], [-94.115524, 45.297851], [-94.11528, 45.297776], [-94.114769, 45.297363], [-94.114256, 45.297141], [-94.113471, 45.296921], [-94.112736, 45.296689], [-94.112346, 45.296704], [-94.112229, 45.296801], [-94.1122, 45.297041], [-94.112137, 45.297305], [-94.112007, 45.297593], [-94.111893, 45.297822], [-94.111828, 45.297978], [-94.111885, 45.298301], [-94.11196, 45.298635], [-94.112082, 45.298813], [-94.112357, 45.298978], [-94.113087, 45.299019], [-94.113938, 45.299095], [-94.114571, 45.299364], [-94.114756, 45.299668], [-94.114892, 45.299892], [-94.115151, 45.300192], [-94.115342, 45.300384], [-94.11559, 45.300638], [-94.115926, 45.300938], [-94.116052, 45.301162], [-94.116233, 45.301447], [-94.116328, 45.301765], [-94.116409, 45.301989], [-94.116501, 45.302167], [-94.116581, 45.302298], [-94.116736, 45.302382], [-94.11709, 45.302457], [-94.11731, 45.302439], [-94.11764, 45.302412], [-94.117817, 45.302434], [-94.117819, 45.302543], [-94.117757, 45.302745], [-94.11776, 45.302885], [-94.117741, 45.303056], [-94.1177, 45.303196], [-94.117627, 45.303399], [-94.117717, 45.303538], [-94.117885, 45.30366], [-94.118018, 45.303706], [-94.118206, 45.303727], [-94.11836, 45.303749], [-94.11856, 45.303825], [-94.118793, 45.303913], [-94.11896, 45.304004], [-94.119062, 45.304128], [-94.119255, 45.304421], [-94.119469, 45.304691], [-94.119595, 45.304907], [-94.119687, 45.3051], [-94.119699, 45.305186], [-94.119636, 45.305349], [-94.119597, 45.305598], [-94.11959, 45.305785], [-94.119626, 45.30594], [-94.119862, 45.306163], [-94.120062, 45.306277], [-94.12024, 45.306361], [-94.120352, 45.30643], [-94.120497, 45.306521], [-94.120565, 45.306645], [-94.120523, 45.30676], [-94.120393, 45.306878], [-94.120131, 45.306989], [-94.119945, 45.307068], [-94.119728, 45.30721], [-94.119533, 45.307368], [-94.119336, 45.307455], [-94.119128, 45.307504], [-94.118929, 45.307498], [-94.118785, 45.307445], [-94.11864, 45.307345], [-94.118506, 45.307246], [-94.118373, 45.307216], [-94.118242, 45.307287], [-94.118179, 45.307435], [-94.118116, 45.307576], [-94.118042, 45.307755], [-94.117901, 45.307881], [-94.117781, 45.307928], [-94.117605, 45.307953], [-94.117429, 45.307955], [-94.117207, 45.307887], [-94.116952, 45.307766], [-94.116631, 45.30773], [-94.116399, 45.307693], [-94.116024, 45.307666], [-94.115793, 45.307684], [-94.115497, 45.307749], [-94.115322, 45.307805], [-94.114874, 45.308011], [-94.11469, 45.308137], [-94.114593, 45.308262], [-94.114529, 45.308372], [-94.114455, 45.30852], [-94.114425, 45.308691], [-94.114364, 45.308807], [-94.11411, 45.309087], [-94.113547, 45.309165], [-94.113411, 45.309166], [-94.112776, 45.309088], [-94.112552, 45.30903], [-94.11238, 45.308971], [-94.111774, 45.308615], [-94.110768, 45.307876], [-94.110475, 45.307783], [-94.10931, 45.307709], [-94.108061, 45.307709], [-94.107856, 45.307699], [-94.10777, 45.307664], [-94.107649, 45.307605], [-94.107544, 45.307509], [-94.107491, 45.307425], [-94.10742, 45.307257], [-94.107435, 45.307184], [-94.107433, 45.307052], [-94.10748, 45.306846], [-94.107915, 45.305441], [-94.108078, 45.305029], [-94.108201, 45.30434], [-94.1082, 45.30428], [-94.108181, 45.304207], [-94.108089, 45.303741], [-94.107944, 45.303343], [-94.107328, 45.302562], [-94.106771, 45.302072], [-94.106564, 45.301953], [-94.10627, 45.301811], [-94.106063, 45.301741], [-94.105084, 45.301521], [-94.104828, 45.301548], [-94.104057, 45.301495], [-94.103681, 45.301486], [-94.103408, 45.301513], [-94.103288, 45.301514], [-94.103168, 45.301503], [-94.102447, 45.301353], [-94.101964, 45.301189], [-94.101174, 45.301016], [-94.101139, 45.300944], [-94.101136, 45.300835], [-94.101323, 45.300761], [-94.102882, 45.300009], [-94.105289, 45.29893], [-94.106494, 45.298369], [-94.107434, 45.297806], [-94.107855, 45.297452], [-94.108514, 45.296885], [-94.108734, 45.296835], [-94.108939, 45.296929], [-94.10903, 45.297227], [-94.109088, 45.297574], [-94.109246, 45.29786], [-94.109453, 45.298025], [-94.109979, 45.298008], [-94.110569, 45.297811], [-94.111106, 45.297518], [-94.111443, 45.297359], [-94.111575, 45.297167], [-94.111654, 45.296903], [-94.111782, 45.296482], [-94.111704, 45.29598], [-94.111461, 45.295684], [-94.111125, 45.295365], [-94.110819, 45.295231], [-94.110417, 45.295148], [-94.110003, 45.295161], [-94.109562, 45.295214], [-94.109151, 45.295403], [-94.108865, 45.295601], [-94.108702, 45.295739], [-94.108444, 45.295965], [-94.108199, 45.296143], [-94.107953, 45.296252], [-94.107583, 45.296373], [-94.107171, 45.296494], [-94.106275, 45.29658], [-94.105392, 45.296608], [-94.104695, 45.296615], [-94.104034, 45.296709], [-94.103457, 45.29689], [-94.103211, 45.296989], [-94.103099, 45.297074], [-94.103032, 45.297135], [-94.102865, 45.297329], [-94.102132, 45.298363], [-94.101627, 45.298802], [-94.100698, 45.299366], [-94.099016, 45.299962], [-94.098879, 45.3], [-94.097736, 45.300107], [-94.097479, 45.300085], [-94.097204, 45.30004], [-94.097014, 45.299957], [-94.096909, 45.299825], [-94.096838, 45.299681], [-94.096951, 45.299354], [-94.097268, 45.298929], [-94.097553, 45.298612], [-94.097906, 45.298307], [-94.098884, 45.297561], [-94.099017, 45.297379], [-94.099064, 45.297137], [-94.098869, 45.296788], [-94.098262, 45.296372], [-94.098194, 45.296385], [-94.098075, 45.296422], [-94.097938, 45.296571], [-94.097955, 45.296765], [-94.097768, 45.297059], [-94.097523, 45.297237], [-94.096035, 45.297987], [-94.095733, 45.298255], [-94.095632, 45.298365], [-94.095498, 45.298487], [-94.095199, 45.29896], [-94.095132, 45.299046], [-94.095016, 45.299252], [-94.094852, 45.299604], [-94.094821, 45.299773], [-94.094808, 45.299966], [-94.094811, 45.300123], [-94.095077, 45.300616], [-94.094957, 45.300629], [-94.094681, 45.300487], [-94.09449, 45.300319], [-94.094419, 45.300236], [-94.094276, 45.299899], [-94.094183, 45.299489], [-94.094298, 45.299247], [-94.094448, 45.299052], [-94.094833, 45.298638], [-94.095085, 45.298394], [-94.096673, 45.297329], [-94.096757, 45.297243], [-94.096938, 45.296989], [-94.096935, 45.296833], [-94.096737, 45.295901], [-94.096297, 45.294676], [-94.096208, 45.294508], [-94.095494, 45.292946], [-94.09516, 45.292478], [-94.094985, 45.292287], [-94.094204, 45.291678], [-94.09339, 45.291155], [-94.092496, 45.290029], [-94.091922, 45.289515], [-94.091412, 45.289121], [-94.091273, 45.289064], [-94.091094, 45.289065], [-94.090778, 45.289166], [-94.090532, 45.289304], [-94.090244, 45.289385], [-94.089969, 45.289456], [-94.089652, 45.289478], [-94.089238, 45.289463], [-94.088878, 45.289427], [-94.088282, 45.289306], [-94.087798, 45.289252], [-94.087326, 45.289101], [-94.086865, 45.288813], [-94.086624, 45.288524], [-94.086315, 45.288225], [-94.085979, 45.287985], [-94.085742, 45.28785], [-94.08552, 45.287784], [-94.085188, 45.287739], [-94.084803, 45.28782], [-94.084558, 45.288008], [-94.08445, 45.288155], [-94.084406, 45.288759], [-94.084284, 45.288857], [-94.084132, 45.288849], [-94.0828, 45.288492], [-94.082524, 45.288485], [-94.082041, 45.288518], [-94.081081, 45.288761], [-94.080079, 45.289109], [-94.079362, 45.2892], [-94.079208, 45.289189], [-94.079088, 45.289166], [-94.078898, 45.289084], [-94.078742, 45.288952], [-94.078654, 45.288845], [-94.078514, 45.288629], [-94.078477, 45.28852], [-94.078509, 45.288399], [-94.078592, 45.28823], [-94.078877, 45.287961], [-94.079064, 45.287887], [-94.079234, 45.287849], [-94.079422, 45.287835], [-94.079629, 45.28793], [-94.07967, 45.288292], [-94.079791, 45.288363], [-94.080184, 45.288323], [-94.080404, 45.288224], [-94.08096, 45.287773], [-94.081072, 45.287349], [-94.08105, 45.287108], [-94.081063, 45.286878], [-94.081417, 45.286633], [-94.08143, 45.286416], [-94.081394, 45.286332], [-94.081426, 45.286211], [-94.081541, 45.285932], [-94.081995, 45.285517], [-94.082348, 45.285236], [-94.082484, 45.285151], [-94.082671, 45.285113], [-94.082791, 45.285123], [-94.082946, 45.285207], [-94.083047, 45.285363], [-94.082971, 45.285705], [-94.082837, 45.285911], [-94.082744, 45.286106], [-94.082778, 45.286442], [-94.082919, 45.286616], [-94.083238, 45.286681], [-94.08404, 45.286741], [-94.084553, 45.286863], [-94.085011, 45.287005], [-94.085802, 45.287202], [-94.08608, 45.287316], [-94.086288, 45.287353], [-94.086523, 45.28736], [-94.086867, 45.287308], [-94.08697, 45.287257], [-94.087033, 45.286966], [-94.086714, 45.28639], [-94.085823, 45.285396], [-94.085701, 45.285289], [-94.085333, 45.284798], [-94.085042, 45.283895], [-94.084971, 45.283775], [-94.084866, 45.283631], [-94.084693, 45.283548], [-94.084426, 45.283601], [-94.084346, 45.283738], [-94.084191, 45.284285], [-94.084056, 45.284452], [-94.083823, 45.284571], [-94.083631, 45.284641], [-94.083425, 45.284672], [-94.083204, 45.284684], [-94.082927, 45.284638], [-94.082467, 45.284269], [-94.082379, 45.284174], [-94.082186, 45.283898], [-94.081953, 45.283309], [-94.082201, 45.28286], [-94.082481, 45.28261], [-94.082836, 45.282392], [-94.083672, 45.282083], [-94.084745, 45.281897], [-94.085214, 45.281873], [-94.085918, 45.281866], [-94.08636, 45.281921], [-94.08668, 45.282025], [-94.086973, 45.282197], [-94.087183, 45.28238], [-94.087991, 45.283473], [-94.088504, 45.284284], [-94.089164, 45.284821], [-94.090009, 45.2852], [-94.090508, 45.28534], [-94.091574, 45.28568], [-94.091953, 45.285821], [-94.093505, 45.286494], [-94.093643, 45.286529], [-94.094054, 45.286549], [-94.094584, 45.286544], [-94.095233, 45.286514], [-94.096601, 45.286513], [-94.097215, 45.286447], [-94.098867, 45.286068], [-94.099803, 45.285947], [-94.100756, 45.286015], [-94.101297, 45.286127], [-94.102355, 45.286594], [-94.102634, 45.286757], [-94.103108, 45.286957], [-94.103358, 45.287032], [-94.103623, 45.287185], [-94.10375, 45.287359], [-94.103767, 45.287495], [-94.103674, 45.287681], [-94.103469, 45.28779], [-94.103127, 45.28793], [-94.102854, 45.288108], [-94.102297, 45.288586], [-94.10219, 45.288742], [-94.102194, 45.288947], [-94.102225, 45.289131], [-94.102438, 45.289441], [-94.102665, 45.289741], [-94.10379, 45.290825], [-94.104059, 45.291028], [-94.10553, 45.291883], [-94.105633, 45.291931], [-94.106234, 45.292033], [-94.106673, 45.291945], [-94.106947, 45.291816], [-94.107096, 45.291668], [-94.107409, 45.29147], [-94.10785, 45.291437], [-94.108373, 45.291334], [-94.108812, 45.291184], [-94.108989, 45.291085], [-94.108986, 45.29089], [-94.10876, 45.290649], [-94.108287, 45.290478], [-94.107968, 45.290404], [-94.107635, 45.2903], [-94.107233, 45.290216], [-94.106694, 45.290182], [-94.106115, 45.290217], [-94.105191, 45.290275], [-94.1045, 45.290233], [-94.104196, 45.290197], [-94.104041, 45.290062], [-94.104012, 45.289984], [-94.104037, 45.289838], [-94.104131, 45.289701], [-94.104336, 45.289601], [-94.10461, 45.289501], [-94.104997, 45.289517], [-94.105647, 45.289599], [-94.10648, 45.289824], [-94.106979, 45.289926], [-94.107714, 45.290114], [-94.108312, 45.290313], [-94.10877, 45.290474], [-94.109187, 45.290606], [-94.109893, 45.290706], [-94.110335, 45.290721], [-94.110861, 45.290784], [-94.111289, 45.29081], [-94.111662, 45.290796], [-94.112019, 45.290715], [-94.11243, 45.290516], [-94.11273, 45.290328], [-94.112963, 45.290238], [-94.113266, 45.290226], [-94.113389, 45.290176], [-94.113484, 45.290087], [-94.113579, 45.289825], [-94.113589, 45.28968], [-94.113609, 45.289437], [-94.113549, 45.288968], [-94.113641, 45.288453], [-94.113755, 45.288398], [-94.113884, 45.288433], [-94.114079, 45.288575], [-94.114276, 45.288844], [-94.114656, 45.289327], [-94.114947, 45.289824], [-94.11565, 45.290747], [-94.116694, 45.29169], [-94.118125, 45.293149], [-94.118231, 45.293305], [-94.118859, 45.293926], [-94.119378, 45.294199], [-94.119532, 45.294246], [-94.11967, 45.294269], [-94.12149, 45.294257], [-94.122208, 45.294575], [-94.122897, 45.295], [-94.123273, 45.295229], [-94.123569, 45.29553], [-94.124148, 45.296711], [-94.124397, 45.298918], [-94.12465, 45.299628], [-94.124629, 45.300292], [-94.124367, 45.300886], [-94.124448, 45.30126], [-94.124549, 45.301473], [-94.124704, 45.301666], [-94.124984, 45.301829], [-94.125165, 45.301915], [-94.125456, 45.30199], [-94.125664, 45.302017], [-94.125746, 45.302001]]}}, {"type": "Feature", "properties": {"depth_ft": 40.0, "lake": "Clearwater", "dow": "86025201"}, "geometry": {"type": "Polygon", "coordinates": [[[-94.114483, 45.30765], [-94.113467, 45.30855], [-94.113314, 45.308612], [-94.112922, 45.308676], [-94.112767, 45.308654], [-94.112457, 45.308536], [-94.112232, 45.308417], [-94.112129, 45.30837], [-94.112094, 45.308334], [-94.111956, 45.308275], [-94.11095, 45.307561], [-94.11031, 45.307229], [-94.11019, 45.307182], [-94.110052, 45.307147], [-94.109624, 45.307127], [-94.109522, 45.307164], [-94.108908, 45.307242], [-94.108582, 45.307197], [-94.108496, 45.307174], [-94.108183, 45.306948], [-94.108005, 45.306587], [-94.108421, 45.30511], [-94.10851, 45.304397], [-94.108509, 45.304325], [-94.108473, 45.304253], [-94.108407, 45.303481], [-94.108279, 45.303096], [-94.108137, 45.302832], [-94.107997, 45.30264], [-94.107822, 45.302448], [-94.107161, 45.301863], [-94.106454, 45.30158], [-94.105627, 45.301311], [-94.105524, 45.301263], [-94.105231, 45.301158], [-94.104097, 45.300879], [-94.103788, 45.300858], [-94.103357, 45.300693], [-94.103357, 45.300644], [-94.103389, 45.300572], [-94.103592, 45.300425], [-94.105404, 45.299514], [-94.105556, 45.299404], [-94.106335, 45.298974], [-94.106708, 45.298813], [-94.107235, 45.298627], [-94.108371, 45.298239], [-94.108793, 45.298151], [-94.109134, 45.298196], [-94.109424, 45.298289], [-94.109679, 45.298298], [-94.110202, 45.298161], [-94.110556, 45.298026], [-94.110895, 45.297975], [-94.111234, 45.297972], [-94.111483, 45.298091], [-94.111519, 45.298175], [-94.111558, 45.298404], [-94.111563, 45.298694], [-94.111603, 45.298959], [-94.111587, 45.299032], [-94.111589, 45.299128], [-94.111608, 45.2992], [-94.111874, 45.299705], [-94.112031, 45.299884], [-94.112188, 45.300028], [-94.112446, 45.300086], [-94.112616, 45.30006], [-94.112735, 45.30001], [-94.113393, 45.299509], [-94.113697, 45.299313], [-94.113868, 45.299347], [-94.113989, 45.299394], [-94.114127, 45.299466], [-94.114214, 45.299537], [-94.114851, 45.300223], [-94.115095, 45.30057], [-94.115437, 45.301186], [-94.115522, 45.301719], [-94.115623, 45.302176], [-94.115846, 45.302826], [-94.116071, 45.303082], [-94.116321, 45.303247], [-94.116515, 45.303329], [-94.116719, 45.303456], [-94.116913, 45.303551], [-94.117051, 45.303601], [-94.117256, 45.303767], [-94.11743, 45.303864], [-94.11756, 45.303953], [-94.117855, 45.304092], [-94.118076, 45.304141], [-94.118315, 45.304216], [-94.118447, 45.304383], [-94.118673, 45.304723], [-94.118716, 45.304901], [-94.118718, 45.304998], [-94.118885, 45.305672], [-94.118938, 45.305756], [-94.118938, 45.30578], [-94.118973, 45.305828], [-94.118974, 45.305853], [-94.119133, 45.306104], [-94.119134, 45.306141], [-94.119117, 45.306165], [-94.119118, 45.306225], [-94.119225, 45.306417], [-94.119196, 45.306683], [-94.119094, 45.306733], [-94.119026, 45.306745], [-94.118923, 45.306758], [-94.118015, 45.306671], [-94.117827, 45.306673], [-94.117725, 45.306698], [-94.11764, 45.306735], [-94.117521, 45.306796], [-94.11727, 45.307064], [-94.116758, 45.30713], [-94.11609, 45.307112], [-94.115354, 45.307194], [-94.114972, 45.30734], [-94.114646, 45.307511], [-94.114483, 45.30765]]]}}, {"type": "Feature", "properties": {"depth_ft": 50.0, "lake": "Clearwater", "dow": "86025201"}, "geometry": {"type": "Polygon", "coordinates": [[[-94.115971, 45.306549], [-94.115698, 45.306623], [-94.11538, 45.306748], [-94.115, 45.306984], [-94.11463, 45.30722], [-94.114168, 45.307477], [-94.113905, 45.307608], [-94.113515, 45.307773], [-94.113214, 45.307847], [-94.11295, 45.307882], [-94.112766, 45.307865], [-94.112582, 45.307808], [-94.112379, 45.307694], [-94.112165, 45.307541], [-94.111962, 45.307434], [-94.111694, 45.307339], [-94.111372, 45.307239], [-94.111152, 45.307203], [-94.110967, 45.307134], [-94.110781, 45.306993], [-94.110633, 45.306866], [-94.110574, 45.30666], [-94.110562, 45.306518], [-94.11065, 45.306356], [-94.11083, 45.306212], [-94.111056, 45.306055], [-94.111336, 45.305884], [-94.111709, 45.305732], [-94.11217, 45.305515], [-94.112396, 45.305384], [-94.112668, 45.305233], [-94.112894, 45.305115], [-94.113047, 45.304997], [-94.113219, 45.304879], [-94.11339, 45.304749], [-94.11347, 45.304638], [-94.113485, 45.304431], [-94.113408, 45.304277], [-94.113278, 45.304137], [-94.112927, 45.303979], [-94.112659, 45.303885], [-94.112327, 45.303733], [-94.112077, 45.303574], [-94.111864, 45.303447], [-94.111631, 45.30323], [-94.111451, 45.302948], [-94.111357, 45.302794], [-94.111346, 45.302704], [-94.11138, 45.302593], [-94.111617, 45.302218], [-94.111841, 45.30197], [-94.112067, 45.301787], [-94.112346, 45.301578], [-94.112554, 45.301421], [-94.112724, 45.301252], [-94.112859, 45.301109], [-94.112929, 45.300953], [-94.112926, 45.300818], [-94.112796, 45.300696], [-94.11262, 45.300608], [-94.112309, 45.300598], [-94.111795, 45.300538], [-94.111382, 45.300458], [-94.111032, 45.300371], [-94.110774, 45.300271], [-94.110515, 45.300131], [-94.11032, 45.299991], [-94.110088, 45.299826], [-94.109866, 45.299673], [-94.109706, 45.299455], [-94.10956, 45.299253], [-94.109455, 45.299054], [-94.109369, 45.298881], [-94.109357, 45.298694], [-94.109391, 45.298571], [-94.109545, 45.298479], [-94.10979, 45.298386], [-94.110099, 45.298299], [-94.110381, 45.298226], [-94.110646, 45.298191], [-94.110793, 45.298209], [-94.110904, 45.298285], [-94.110999, 45.298433], [-94.111085, 45.298638], [-94.111154, 45.298889], [-94.111232, 45.299159], [-94.111385, 45.299487], [-94.111471, 45.299667], [-94.111585, 45.299853], [-94.111717, 45.300052], [-94.111828, 45.30016], [-94.112014, 45.300268], [-94.112207, 45.300344], [-94.112363, 45.300368], [-94.112537, 45.30036], [-94.112774, 45.300293], [-94.112937, 45.300227], [-94.113063, 45.300123], [-94.11317, 45.299992], [-94.113277, 45.299836], [-94.113375, 45.299713], [-94.113484, 45.29966], [-94.113713, 45.299658], [-94.113906, 45.299708], [-94.114119, 45.299822], [-94.114258, 45.29995], [-94.114418, 45.300148], [-94.11469, 45.300468], [-94.114859, 45.300692], [-94.114973, 45.300917], [-94.115011, 45.300981], [-94.115135, 45.301251], [-94.115194, 45.301476], [-94.115294, 45.301875], [-94.115364, 45.30221], [-94.115395, 45.302397], [-94.115417, 45.302584], [-94.115449, 45.302783], [-94.115497, 45.302918], [-94.11561, 45.303059], [-94.115749, 45.303168], [-94.115916, 45.303269], [-94.116147, 45.303377], [-94.116313, 45.303465], [-94.116535, 45.303573], [-94.116683, 45.303649], [-94.116886, 45.303757], [-94.117016, 45.303839], [-94.117229, 45.30394], [-94.117368, 45.304036], [-94.117658, 45.30427], [-94.117706, 45.304393], [-94.11772, 45.304625], [-94.117618, 45.305006], [-94.117576, 45.305226], [-94.117543, 45.305375], [-94.117555, 45.305517], [-94.11764, 45.305664], [-94.117696, 45.305748], [-94.117763, 45.305857], [-94.117811, 45.305973], [-94.117813, 45.306108], [-94.11776, 45.306212], [-94.117553, 45.306362], [-94.117307, 45.306416], [-94.117061, 45.30647], [-94.116659, 45.306513], [-94.116366, 45.306516], [-94.116202, 45.306524], [-94.115971, 45.306549]]]}}, {"type": "Feature", "properties": {"depth_ft": 40.0, "lake": "Clearwater", "dow": "86025201"}, "geometry": {"type": "Polygon", "coordinates": [[[-94.103786, 45.2961], [-94.103235, 45.296131], [-94.102996, 45.296169], [-94.102894, 45.296206], [-94.10264, 45.296342], [-94.102473, 45.296561], [-94.102355, 45.296646], [-94.102122, 45.296974], [-94.102073, 45.297071], [-94.101944, 45.297369], [-94.101626, 45.297836], [-94.10144, 45.297959], [-94.101356, 45.298056], [-94.10117, 45.298167], [-94.100747, 45.2984], [-94.100544, 45.298499], [-94.099439, 45.298871], [-94.099337, 45.298885], [-94.098928, 45.298985], [-94.098791, 45.298938], [-94.098806, 45.298865], [-94.098839, 45.298781], [-94.099724, 45.297686], [-94.100092, 45.29726], [-94.100591, 45.296494], [-94.101689, 45.294914], [-94.102001, 45.294223], [-94.101999, 45.294139], [-94.102062, 45.293885], [-94.102108, 45.293582], [-94.102106, 45.29351], [-94.102087, 45.293414], [-94.101825, 45.293102], [-94.101617, 45.292971], [-94.100753, 45.292533], [-94.099478, 45.292002], [-94.098501, 45.291569], [-94.097441, 45.291056], [-94.097372, 45.291008], [-94.096541, 45.290497], [-94.095898, 45.289948], [-94.095652, 45.289649], [-94.095547, 45.289505], [-94.095474, 45.289288], [-94.095403, 45.289144], [-94.095401, 45.289047], [-94.095383, 45.288963], [-94.095311, 45.288771], [-94.095027, 45.288278], [-94.094922, 45.288134], [-94.094246, 45.287634], [-94.093762, 45.287385], [-94.09335, 45.287292], [-94.092839, 45.287406], [-94.092754, 45.287443], [-94.092653, 45.287516], [-94.092569, 45.28759], [-94.092296, 45.287982], [-94.092097, 45.288163], [-94.09186, 45.288242], [-94.090681, 45.288783], [-94.090426, 45.288837], [-94.090009, 45.289047], [-94.089486, 45.28914], [-94.089349, 45.289141], [-94.088886, 45.289073], [-94.088007, 45.288708], [-94.087696, 45.288542], [-94.087537, 45.288302], [-94.087483, 45.288169], [-94.087629, 45.287733], [-94.087913, 45.287381], [-94.088014, 45.287307], [-94.088266, 45.287039], [-94.088349, 45.28693], [-94.088399, 45.286845], [-94.088495, 45.286494], [-94.088436, 45.286108], [-94.088053, 45.28575], [-94.087949, 45.285678], [-94.087484, 45.285501], [-94.086776, 45.285134], [-94.086238, 45.284729], [-94.086062, 45.284489], [-94.085973, 45.284309], [-94.085612, 45.28331], [-94.085094, 45.283037], [-94.084991, 45.283002], [-94.084871, 45.282991], [-94.084563, 45.282994], [-94.084478, 45.283019], [-94.084376, 45.283068], [-94.084275, 45.283154], [-94.084175, 45.283263], [-94.084126, 45.283385], [-94.083982, 45.283893], [-94.083916, 45.28405], [-94.083866, 45.284123], [-94.083648, 45.284355], [-94.083495, 45.284405], [-94.083393, 45.28443], [-94.082979, 45.28424], [-94.082821, 45.284037], [-94.08275, 45.283893], [-94.082696, 45.283748], [-94.082762, 45.283603], [-94.082997, 45.283359], [-94.083657, 45.283015], [-94.084106, 45.282622], [-94.084378, 45.282478], [-94.084569, 45.28239], [-94.085131, 45.282288], [-94.085251, 45.282299], [-94.085371, 45.282334], [-94.085664, 45.282464], [-94.086044, 45.282666], [-94.0862, 45.282773], [-94.087124, 45.28367], [-94.087177, 45.283754], [-94.087737, 45.284461], [-94.087755, 45.284497], [-94.087825, 45.284593], [-94.08793, 45.284676], [-94.08807, 45.284868], [-94.088227, 45.285036], [-94.088661, 45.285382], [-94.088852, 45.285513], [-94.08923, 45.285618], [-94.089985, 45.285719], [-94.09074, 45.285857], [-94.090826, 45.28588], [-94.090911, 45.285879], [-94.091341, 45.286008], [-94.091393, 45.286007], [-94.091772, 45.286173], [-94.091962, 45.28628], [-94.092152, 45.286362], [-94.092204, 45.286422], [-94.092721, 45.286622], [-94.092807, 45.286646], [-94.093262, 45.286742], [-94.094024, 45.286779], [-94.095409, 45.286766], [-94.095666, 45.286811], [-94.095786, 45.28681], [-94.096113, 45.286916], [-94.096303, 45.286999], [-94.096826, 45.287537], [-94.09714, 45.287848], [-94.097936, 45.288323], [-94.098382, 45.288461], [-94.09862, 45.288472], [-94.098784, 45.288444], [-94.099167, 45.288415], [-94.099679, 45.288397], [-94.09999, 45.288394], [-94.100339, 45.288429], [-94.100916, 45.288548], [-94.101054, 45.288607], [-94.101227, 45.288702], [-94.101313, 45.288761], [-94.101719, 45.289421], [-94.101721, 45.289482], [-94.101918, 45.289987], [-94.101919, 45.290035], [-94.102026, 45.290263], [-94.102555, 45.291067], [-94.103183, 45.291713], [-94.103721, 45.292094], [-94.103946, 45.292237], [-94.104015, 45.29226], [-94.104601, 45.29252], [-94.10498, 45.292625], [-94.105271, 45.29267], [-94.105477, 45.292681], [-94.106006, 45.292603], [-94.106566, 45.292416], [-94.10721, 45.292096], [-94.107615, 45.291791], [-94.107886, 45.291704], [-94.10804, 45.291666], [-94.108366, 45.291735], [-94.10847, 45.291782], [-94.108556, 45.291842], [-94.10873, 45.291985], [-94.108887, 45.29214], [-94.109076, 45.292474], [-94.10937, 45.293426], [-94.109781, 45.2939], [-94.110221, 45.294346], [-94.110665, 45.294587], [-94.111534, 45.295005], [-94.11183, 45.295182], [-94.112331, 45.295565], [-94.11276, 45.295948], [-94.113167, 45.296189], [-94.113536, 45.29634], [-94.114105, 45.296425], [-94.114716, 45.296345], [-94.115039, 45.296245], [-94.115243, 45.296195], [-94.115465, 45.296169], [-94.115653, 45.296167], [-94.116033, 45.296227], [-94.11627, 45.296212], [-94.11636, 45.296133], [-94.116374, 45.295914], [-94.116368, 45.295591], [-94.116437, 45.295384], [-94.116618, 45.295253], [-94.116926, 45.295095], [-94.117121, 45.294797], [-94.117461, 45.294393], [-94.117651, 45.294252], [-94.117702, 45.29424], [-94.117907, 45.294201], [-94.118233, 45.294271], [-94.118818, 45.294522], [-94.119792, 45.294745], [-94.120107, 45.294935], [-94.120311, 45.295101], [-94.120426, 45.295358], [-94.120561, 45.295679], [-94.120955, 45.296166], [-94.121104, 45.296319], [-94.121346, 45.296523], [-94.121458, 45.296651], [-94.121606, 45.296714], [-94.121753, 45.296739], [-94.12188, 45.296712], [-94.121989, 45.296646], [-94.122134, 45.29658], [-94.122226, 45.296592], [-94.122318, 45.296643], [-94.122357, 45.296746], [-94.122256, 45.297186], [-94.122278, 45.297379], [-94.122319, 45.297598], [-94.122341, 45.297817], [-94.122309, 45.298011], [-94.1222, 45.298051], [-94.122069, 45.297936], [-94.121618, 45.297308], [-94.121357, 45.297091], [-94.121058, 45.296784], [-94.120612, 45.296427], [-94.12041, 45.296404], [-94.120246, 45.296431], [-94.119992, 45.296524], [-94.119811, 45.296629], [-94.119593, 45.296721], [-94.119336, 45.296685], [-94.118987, 45.296611], [-94.118308, 45.29654], [-94.117852, 45.296609], [-94.117615, 45.29665], [-94.117361, 45.296782], [-94.117272, 45.296912], [-94.117093, 45.297081], [-94.116858, 45.297239], [-94.11653, 45.297319], [-94.116147, 45.297387], [-94.115818, 45.297404], [-94.115415, 45.297395], [-94.114917, 45.29718], [-94.114566, 45.297016], [-94.113424, 45.296653], [-94.113146, 45.296462], [-94.112738, 45.296208], [-94.11144, 45.295304], [-94.110774, 45.294962], [-94.110315, 45.294876], [-94.109857, 45.294855], [-94.109275, 45.295015], [-94.109021, 45.29516], [-94.10844, 45.295525], [-94.108135, 45.295673], [-94.107692, 45.295786], [-94.107504, 45.295788], [-94.107331, 45.295811], [-94.107095, 45.295852], [-94.106275, 45.295924], [-94.106054, 45.295971], [-94.105269, 45.296051], [-94.104859, 45.296103], [-94.104028, 45.296101], [-94.103786, 45.2961]]]}}, {"type": "Feature", "properties": {"depth_ft": 20.0, "lake": "Clearwater", "dow": "86025201"}, "geometry": {"type": "Polygon", "coordinates": [[[-94.12351, 45.305091], [-94.123153, 45.305094], [-94.122833, 45.305071], [-94.122498, 45.305038], [-94.122207, 45.30502], [-94.121984, 45.305006], [-94.121769, 45.305029], [-94.121643, 45.305072], [-94.121496, 45.305163], [-94.121439, 45.305247], [-94.12147, 45.305336], [-94.121576, 45.305409], [-94.121695, 45.305449], [-94.121964, 45.30552], [-94.122204, 45.305586], [-94.122518, 45.305698], [-94.122691, 45.305796], [-94.122842, 45.305926], [-94.122881, 45.306025], [-94.122854, 45.30613], [-94.122744, 45.306236], [-94.122485, 45.306286], [-94.122218, 45.306299], [-94.122062, 45.306316], [-94.121734, 45.306288], [-94.121488, 45.306243], [-94.12122, 45.306251], [-94.120999, 45.306337], [-94.120912, 45.306458], [-94.120886, 45.306626], [-94.12111, 45.306687], [-94.121289, 45.30669], [-94.121519, 45.306688], [-94.121816, 45.306675], [-94.122069, 45.306672], [-94.12247, 45.306647], [-94.122722, 45.306624], [-94.123004, 45.3066], [-94.12333, 45.306518], [-94.123684, 45.306389], [-94.123979, 45.30626], [-94.124235, 45.306059], [-94.124456, 45.305931], [-94.12463, 45.305709], [-94.12476, 45.305534], [-94.124862, 45.305423], [-94.124957, 45.30536], [-94.125059, 45.305254], [-94.125125, 45.305201], [-94.125169, 45.305132], [-94.12516, 45.305064], [-94.124935, 45.304993], [-94.124638, 45.305006], [-94.124326, 45.305025], [-94.123993, 45.30507], [-94.123807, 45.305088], [-94.123651, 45.305095], [-94.12351, 45.305091]]]}}, {"type": "Feature", "properties": {"depth_ft": 30.0, "lake": "Clearwater", "dow": "86025201"}, "geometry": {"type": "Polygon", "coordinates": [[[-94.123581, 45.305305], [-94.123299, 45.305313], [-94.122858, 45.305212], [-94.122679, 45.305193], [-94.122306, 45.305134], [-94.121986, 45.305127], [-94.12186, 45.305128], [-94.121757, 45.305192], [-94.121774, 45.305307], [-94.121887, 45.30539], [-94.122157, 45.305487], [-94.122389, 45.305558], [-94.122651, 45.30565], [-94.122831, 45.305726], [-94.122944, 45.305799], [-94.123036, 45.305924], [-94.123082, 45.306023], [-94.123069, 45.306133], [-94.123011, 45.306212], [-94.122924, 45.306286], [-94.122806, 45.306345], [-94.122613, 45.306379], [-94.122435, 45.306375], [-94.122249, 45.306387], [-94.122049, 45.306395], [-94.121877, 45.306386], [-94.121691, 45.306362], [-94.12152, 45.306363], [-94.121431, 45.30638], [-94.12138, 45.306412], [-94.121397, 45.306522], [-94.121464, 45.306558], [-94.121658, 45.306577], [-94.121911, 45.306564], [-94.122267, 45.306529], [-94.122594, 45.306515], [-94.122942, 45.306475], [-94.123172, 45.306431], [-94.123475, 45.306344], [-94.123696, 45.306247], [-94.123873, 45.306141], [-94.124048, 45.306013], [-94.124209, 45.305875], [-94.12437, 45.305738], [-94.124516, 45.305584], [-94.12461, 45.305463], [-94.124591, 45.305274], [-94.124471, 45.305207], [-94.124256, 45.305251], [-94.123997, 45.30528], [-94.123752, 45.305288], [-94.123581, 45.305305]]]}}, {"type": "Feature", "properties": {"depth_ft": 10.0, "lake": "Clearwater", "dow": "86025201"}, "geometry": {"type": "LineString", "coordinates": [[-94.126709, 45.292629], [-94.127179, 45.292721], [-94.127542, 45.292916], [-94.127813, 45.293178], [-94.128119, 45.293637], [-94.128348, 45.294152], [-94.128745, 45.294523], [-94.12914, 45.294739], [-94.129637, 45.295384], [-94.12964, 45.295549], [-94.12955, 45.295737], [-94.129069, 45.295896], [-94.128755, 45.295822], [-94.12866, 45.295735], [-94.128564, 45.295615], [-94.128514, 45.295439], [-94.128401, 45.295297], [-94.12832, 45.295144], [-94.12819, 45.29487], [-94.127902, 45.294509], [-94.127636, 45.294468], [-94.127341, 45.29457], [-94.127254, 45.294901], [-94.127211, 45.295088], [-94.127249, 45.295418], [-94.127256, 45.295771], [-94.127198, 45.296024], [-94.126887, 45.296061], [-94.126635, 45.295975], [-94.12663, 45.295733], [-94.12654, 45.295312], [-94.126416, 45.295132], [-94.126168, 45.294664], [-94.126132, 45.294592], [-94.126045, 45.294496], [-94.126008, 45.294364], [-94.125938, 45.294292], [-94.125742, 45.293908], [-94.12569, 45.293836], [-94.125652, 45.293691], [-94.125599, 45.293595], [-94.125609, 45.293245], [-94.125658, 45.2931], [-94.125724, 45.293002], [-94.125808, 45.292929], [-94.125876, 45.29288], [-94.125961, 45.292843], [-94.126402, 45.292694], [-94.126493, 45.292667]]}}, {"type": "Feature", "properties": {"depth_ft": 15.0, "lake": "Clearwater", "dow": "86025201"}, "geometry": {"type": "Polygon", "coordinates": [[[-94.128982, 45.295456], [-94.128684, 45.295349], [-94.12846, 45.29512], [-94.128234, 45.294737], [-94.128028, 45.294552], [-94.127948, 45.294454], [-94.127854, 45.294443], [-94.127587, 45.294402], [-94.127416, 45.294415], [-94.127308, 45.294471], [-94.127248, 45.294582], [-94.127203, 45.294703], [-94.127158, 45.294814], [-94.127131, 45.295001], [-94.127118, 45.295111], [-94.127089, 45.295233], [-94.126981, 45.295289], [-94.126747, 45.295302], [-94.126605, 45.295227], [-94.126492, 45.29504], [-94.12636, 45.2947], [-94.126214, 45.294416], [-94.126052, 45.294142], [-94.125969, 45.293867], [-94.125933, 45.293626], [-94.125928, 45.293372], [-94.126018, 45.293217], [-94.126157, 45.293106], [-94.126311, 45.292994], [-94.126513, 45.292948], [-94.126715, 45.292935], [-94.126982, 45.292999], [-94.127343, 45.293094], [-94.127486, 45.293214], [-94.127662, 45.293432], [-94.127839, 45.293684], [-94.127936, 45.293881], [-94.128049, 45.294067], [-94.128162, 45.294264], [-94.128211, 45.29433], [-94.128355, 45.294538], [-94.12875, 45.294765], [-94.128814, 45.29483], [-94.128973, 45.294994], [-94.129053, 45.295059], [-94.129116, 45.295136], [-94.129149, 45.295201], [-94.129151, 45.295322], [-94.129075, 45.295411], [-94.128982, 45.295456]]]}}, {"type": "Feature", "properties": {"depth_ft": 20.0, "lake": "Clearwater", "dow": "86025201"}, "geometry": {"type": "Polygon", "coordinates": [[[-94.127305, 45.294328], [-94.127213, 45.294417], [-94.127153, 45.294538], [-94.127063, 45.294715], [-94.127018, 45.294837], [-94.126958, 45.294937], [-94.126802, 45.294949], [-94.126582, 45.294874], [-94.126421, 45.294623], [-94.126354, 45.294414], [-94.126273, 45.294261], [-94.126208, 45.294118], [-94.126079, 45.29391], [-94.126029, 45.293735], [-94.126025, 45.293559], [-94.126116, 45.293393], [-94.126161, 45.293326], [-94.126315, 45.293214], [-94.126486, 45.293158], [-94.126703, 45.293122], [-94.127016, 45.293141], [-94.127283, 45.293238], [-94.127505, 45.293412], [-94.127586, 45.293543], [-94.127746, 45.293751], [-94.127828, 45.293948], [-94.127846, 45.294069], [-94.127802, 45.294202], [-94.127694, 45.294258], [-94.12746, 45.29426], [-94.127398, 45.294283], [-94.127305, 45.294328]]]}}, {"type": "Feature", "properties": {"depth_ft": 30.0, "lake": "Clearwater", "dow": "86025201"}, "geometry": {"type": "Polygon", "coordinates": [[[-94.127457, 45.294139], [-94.127427, 45.294172], [-94.127317, 45.294151], [-94.127175, 45.294054], [-94.127063, 45.293945], [-94.126921, 45.293858], [-94.126732, 45.293772], [-94.126559, 45.293729], [-94.126369, 45.293566], [-94.126337, 45.293522], [-94.126349, 45.293368], [-94.126457, 45.293301], [-94.126566, 45.293267], [-94.12669, 45.293244], [-94.126878, 45.293264], [-94.127035, 45.293306], [-94.127193, 45.293393], [-94.127274, 45.293557], [-94.127324, 45.2937], [-94.127357, 45.293788], [-94.127468, 45.293875], [-94.127531, 45.293929], [-94.127565, 45.294039], [-94.127535, 45.294094], [-94.127457, 45.294139]]]}}, {"type": "Feature", "properties": {"depth_ft": 20.0, "lake": "Clearwater", "dow": "86025201"}, "geometry": {"type": "Polygon", "coordinates": [[[-94.121999, 45.294692], [-94.121777, 45.29454], [-94.121492, 45.294355], [-94.121227, 45.294347], [-94.121071, 45.294348], [-94.120994, 45.294393], [-94.120949, 45.294482], [-94.12092, 45.294614], [-94.120986, 45.294823], [-94.121053, 45.295042], [-94.121087, 45.295185], [-94.121078, 45.295504], [-94.121097, 45.29568], [-94.121147, 45.295845], [-94.121246, 45.296086], [-94.121326, 45.296196], [-94.121421, 45.296283], [-94.1215, 45.296337], [-94.121641, 45.296369], [-94.121766, 45.296346], [-94.121936, 45.296267], [-94.122075, 45.296199], [-94.1222, 45.296165], [-94.122371, 45.296141], [-94.122606, 45.296172], [-94.122828, 45.296368], [-94.122877, 45.296478], [-94.122959, 45.296675], [-94.123009, 45.296829], [-94.123046, 45.297115], [-94.123066, 45.297368], [-94.123151, 45.297708], [-94.123187, 45.29795], [-94.123269, 45.298137], [-94.123304, 45.298323], [-94.123369, 45.298477], [-94.123436, 45.298674], [-94.12347, 45.298839], [-94.123519, 45.29896], [-94.1236, 45.299091], [-94.123664, 45.299179], [-94.123775, 45.299233], [-94.1239, 45.299242], [-94.124008, 45.299186], [-94.124051, 45.298988], [-94.124063, 45.2988], [-94.124074, 45.29858], [-94.124038, 45.298327], [-94.123982, 45.297865], [-94.123976, 45.297557], [-94.123889, 45.297117], [-94.123836, 45.296832], [-94.123799, 45.296535], [-94.123716, 45.296271], [-94.123587, 45.296052], [-94.123427, 45.295867], [-94.123204, 45.29566], [-94.12295, 45.295442], [-94.12268, 45.295213], [-94.122473, 45.295006], [-94.122125, 45.294767], [-94.121999, 45.294692]]]}}, {"type": "Feature", "properties": {"depth_ft": 15.0, "lake": "Clearwater", "dow": "86025201"}, "geometry": {"type": "Polygon", "coordinates": [[[-94.122067, 45.294999], [-94.121767, 45.294804], [-94.121624, 45.294695], [-94.121466, 45.294587], [-94.121403, 45.294554], [-94.121309, 45.294544], [-94.121215, 45.294556], [-94.12117, 45.294634], [-94.121157, 45.294755], [-94.121175, 45.294887], [-94.121209, 45.29503], [-94.121259, 45.295172], [-94.121262, 45.295337], [-94.121297, 45.295546], [-94.121301, 45.295711], [-94.121319, 45.295854], [-94.121385, 45.29603], [-94.121417, 45.296096], [-94.12145, 45.29615], [-94.121528, 45.296161], [-94.121668, 45.296148], [-94.121824, 45.296114], [-94.121979, 45.29609], [-94.122353, 45.296053], [-94.122495, 45.296085], [-94.122651, 45.296117], [-94.122778, 45.296181], [-94.122873, 45.296291], [-94.122985, 45.296433], [-94.123035, 45.296564], [-94.123069, 45.296696], [-94.123217, 45.297113], [-94.123268, 45.297322], [-94.123319, 45.297519], [-94.123322, 45.297685], [-94.123341, 45.297839], [-94.123392, 45.298058], [-94.123428, 45.298278], [-94.123478, 45.298432], [-94.123512, 45.298597], [-94.123562, 45.298761], [-94.123611, 45.298838], [-94.123659, 45.298914], [-94.123721, 45.298914], [-94.123783, 45.298891], [-94.123811, 45.298715], [-94.123805, 45.298384], [-94.123754, 45.298187], [-94.123715, 45.297791], [-94.123663, 45.297516], [-94.12361, 45.297219], [-94.123572, 45.296867], [-94.123505, 45.296637], [-94.123468, 45.29634], [-94.123402, 45.296164], [-94.123289, 45.295978], [-94.123114, 45.295826], [-94.122798, 45.295631], [-94.122543, 45.29538], [-94.122273, 45.295151], [-94.122067, 45.294999]]]}}, {"type": "Feature", "properties": {"depth_ft": 10.0, "lake": "Clearwater", "dow": "86025201"}, "geometry": {"type": "Polygon", "coordinates": [[[-94.122122, 45.295406], [-94.121946, 45.295199], [-94.12177, 45.294991], [-94.12155, 45.294872], [-94.121471, 45.294862], [-94.121441, 45.294895], [-94.121411, 45.294962], [-94.121398, 45.295083], [-94.121417, 45.29527], [-94.12142, 45.295413], [-94.121423, 45.295578], [-94.121458, 45.295754], [-94.121507, 45.295908], [-94.12154, 45.295973], [-94.121587, 45.295984], [-94.121806, 45.296004], [-94.122024, 45.295991], [-94.122274, 45.295966], [-94.122492, 45.295975], [-94.12265, 45.296029], [-94.12287, 45.296125], [-94.122982, 45.296234], [-94.123062, 45.296333], [-94.123142, 45.296442], [-94.123207, 45.296563], [-94.123255, 45.296639], [-94.123287, 45.296661], [-94.123302, 45.296661], [-94.123333, 45.296627], [-94.123331, 45.296528], [-94.123297, 45.296419], [-94.123216, 45.296243], [-94.123087, 45.296057], [-94.122897, 45.295894], [-94.122676, 45.295775], [-94.122439, 45.295656], [-94.122265, 45.295548], [-94.122201, 45.295471], [-94.122122, 45.295406]]]}}, {"type": "Feature", "properties": {"depth_ft": 30.0, "lake": "Clearwater", "dow": "86025201"}, "geometry": {"type": "Polygon", "coordinates": [[[-94.118555, 45.300714], [-94.118446, 45.300775], [-94.118182, 45.301237], [-94.117892, 45.301264], [-94.1176, 45.301206], [-94.117359, 45.301172], [-94.11724, 45.301198], [-94.11719, 45.301246], [-94.117123, 45.301332], [-94.117108, 45.301428], [-94.11711, 45.301549], [-94.117233, 45.301693], [-94.117645, 45.301773], [-94.118119, 45.301527], [-94.118424, 45.301379], [-94.119284, 45.301268], [-94.119831, 45.301571], [-94.120144, 45.301833], [-94.120404, 45.302024], [-94.120557, 45.301998], [-94.120602, 45.301636], [-94.120566, 45.301588], [-94.120494, 45.301395], [-94.120406, 45.301263], [-94.120388, 45.301203], [-94.120247, 45.301011], [-94.120107, 45.300868], [-94.119952, 45.300773], [-94.119745, 45.300714], [-94.118768, 45.300615], [-94.118548, 45.300714], [-94.118555, 45.300714]]]}}, {"type": "Feature", "properties": {"depth_ft": 10.0, "lake": "Clearwater", "dow": "86025201"}, "geometry": {"type": "Polygon", "coordinates": [[[-94.12139, 45.298842], [-94.121227, 45.298635], [-94.12112, 45.298455], [-94.121066, 45.298275], [-94.120941, 45.297426], [-94.120876, 45.297295], [-94.120749, 45.297186], [-94.120652, 45.297241], [-94.120569, 45.297362], [-94.120627, 45.2977], [-94.120673, 45.298303], [-94.120748, 45.29864], [-94.120772, 45.298978], [-94.12074, 45.299135], [-94.120761, 45.299328], [-94.121059, 45.299675], [-94.121198, 45.299807], [-94.121731, 45.299934], [-94.121972, 45.299838], [-94.122047, 45.299661], [-94.12198, 45.299453], [-94.121867, 45.299289], [-94.121614, 45.299093], [-94.121486, 45.298951], [-94.12139, 45.298842]]]}}, {"type": "Feature", "properties": {"depth_ft": 15.0, "lake": "Clearwater", "dow": "86025201"}, "geometry": {"type": "Polygon", "coordinates": [[[-94.121847, 45.299069], [-94.121562, 45.29884], [-94.121449, 45.298632], [-94.121271, 45.298348], [-94.12122, 45.298139], [-94.12112, 45.297832], [-94.121084, 45.297579], [-94.121017, 45.297359], [-94.120952, 45.297206], [-94.120824, 45.297031], [-94.120729, 45.296999], [-94.120698, 45.296988], [-94.120589, 45.297022], [-94.120512, 45.297067], [-94.120406, 45.297255], [-94.120443, 45.297508], [-94.120479, 45.297761], [-94.120485, 45.29808], [-94.120539, 45.298421], [-94.120591, 45.298707], [-94.120612, 45.298982], [-94.120633, 45.299224], [-94.120685, 45.29951], [-94.120878, 45.299772], [-94.121147, 45.29999], [-94.12132, 45.300054], [-94.121462, 45.300097], [-94.12168, 45.300094], [-94.121961, 45.30007], [-94.122053, 45.300003], [-94.122145, 45.299914], [-94.12222, 45.299759], [-94.122201, 45.299583], [-94.122135, 45.299385], [-94.12207, 45.299276], [-94.122006, 45.299166], [-94.121911, 45.299101], [-94.121847, 45.299069]]]}}, {"type": "Feature", "properties": {"depth_ft": 20.0, "lake": "Clearwater", "dow": "86025201"}, "geometry": {"type": "Polygon", "coordinates": [[[-94.122033, 45.29899], [-94.121811, 45.298816], [-94.121667, 45.29863], [-94.121507, 45.298444], [-94.121392, 45.298126], [-94.121342, 45.297962], [-94.12129, 45.297742], [-94.121224, 45.297555], [-94.121141, 45.297314], [-94.121107, 45.29716], [-94.120995, 45.297007], [-94.120853, 45.29692], [-94.120774, 45.296877], [-94.120601, 45.296824], [-94.120476, 45.296836], [-94.120431, 45.296891], [-94.120402, 45.297035], [-94.120327, 45.297201], [-94.1203, 45.297399], [-94.12029, 45.297664], [-94.12031, 45.297917], [-94.120364, 45.29828], [-94.120419, 45.298675], [-94.120439, 45.298917], [-94.120459, 45.299137], [-94.120478, 45.299324], [-94.120497, 45.299467], [-94.120595, 45.299676], [-94.120676, 45.299818], [-94.120803, 45.299949], [-94.121025, 45.300112], [-94.121183, 45.300209], [-94.121325, 45.300274], [-94.121497, 45.300305], [-94.121716, 45.300303], [-94.121871, 45.300258], [-94.122011, 45.300212], [-94.122212, 45.300133], [-94.122289, 45.300077], [-94.122381, 45.299988], [-94.122456, 45.299823], [-94.1225, 45.299679], [-94.122449, 45.299481], [-94.122305, 45.299295], [-94.122192, 45.29912], [-94.122081, 45.299022], [-94.122033, 45.29899]]]}}, {"type": "Feature", "properties": {"depth_ft": 50.0, "lake": "Clearwater", "dow": "86025201"}, "geometry": {"type": "Polygon", "coordinates": [[[-94.118861, 45.294976], [-94.118672, 45.294858], [-94.118393, 45.294583], [-94.118255, 45.294536], [-94.118101, 45.294513], [-94.117964, 45.294515], [-94.117829, 45.294576], [-94.117693, 45.294662], [-94.117375, 45.294979], [-94.117206, 45.295114], [-94.117105, 45.295175], [-94.116886, 45.295334], [-94.116819, 45.295407], [-94.116785, 45.295456], [-94.116718, 45.295505], [-94.11667, 45.295662], [-94.116666, 45.296132], [-94.1165, 45.296593], [-94.116469, 45.296751], [-94.11647, 45.296835], [-94.11652, 45.296993], [-94.116677, 45.297046], [-94.116817, 45.297001], [-94.116987, 45.296933], [-94.117456, 45.296512], [-94.11771, 45.296376], [-94.117947, 45.296277], [-94.118083, 45.296228], [-94.118306, 45.296226], [-94.118477, 45.29626], [-94.118632, 45.296295], [-94.118907, 45.296389], [-94.119217, 45.29647], [-94.119354, 45.296493], [-94.119508, 45.296504], [-94.120017, 45.296293], [-94.120239, 45.296231], [-94.120427, 45.296241], [-94.120513, 45.296264], [-94.120651, 45.296323], [-94.120772, 45.296395], [-94.121276, 45.296776], [-94.121415, 45.296919], [-94.121834, 45.297326], [-94.12204, 45.29736], [-94.122053, 45.297167], [-94.12174, 45.296916], [-94.121671, 45.296881], [-94.121047, 45.296452], [-94.120488, 45.295854], [-94.119945, 45.295232], [-94.119588, 45.295003], [-94.119463, 45.295004], [-94.119339, 45.295027], [-94.119183, 45.29504], [-94.119027, 45.295031], [-94.118861, 45.294976]]]}}, {"type": "Feature", "properties": {"depth_ft": 10.0, "lake": "Clearwater", "dow": "86025201"}, "geometry": {"type": "Polygon", "coordinates": [[[-94.112364, 45.293636], [-94.112201, 45.293628], [-94.111272, 45.293384], [-94.110754, 45.293135], [-94.110462, 45.293029], [-94.11029, 45.293007], [-94.110205, 45.29302], [-94.110209, 45.293213], [-94.110227, 45.293297], [-94.110281, 45.293393], [-94.110705, 45.293817], [-94.110944, 45.294035], [-94.111103, 45.294135], [-94.112166, 45.294449], [-94.112544, 45.294566], [-94.112854, 45.294696], [-94.112958, 45.294756], [-94.11345, 45.295391], [-94.113572, 45.29551], [-94.113693, 45.295593], [-94.113882, 45.295652], [-94.114308, 45.295539], [-94.114422, 45.295285], [-94.11442, 45.29514], [-94.114364, 45.294899], [-94.114328, 45.294803], [-94.114292, 45.294755], [-94.114219, 45.294526], [-94.114041, 45.294166], [-94.113984, 45.293864], [-94.113916, 45.292996], [-94.113897, 45.292924], [-94.11388, 45.292888], [-94.113711, 45.292153], [-94.113574, 45.292154], [-94.113527, 45.292348], [-94.113373, 45.293206], [-94.11334, 45.293279], [-94.113256, 45.293364], [-94.113064, 45.293497], [-94.112769, 45.29361], [-94.112473, 45.293635], [-94.112364, 45.293636]]]}}, {"type": "Feature", "properties": {"depth_ft": 15.0, "lake": "Clearwater", "dow": "86025201"}, "geometry": {"type": "Polygon", "coordinates": [[[-94.11242, 45.293305], [-94.112058, 45.293304], [-94.111182, 45.293143], [-94.110545, 45.29292], [-94.110389, 45.292837], [-94.110162, 45.292586], [-94.110055, 45.292333], [-94.109829, 45.292178], [-94.109661, 45.292301], [-94.109669, 45.292723], [-94.109758, 45.292916], [-94.110024, 45.293408], [-94.11067, 45.294001], [-94.110986, 45.294182], [-94.111328, 45.294335], [-94.112169, 45.294618], [-94.112444, 45.294712], [-94.112808, 45.294938], [-94.113069, 45.295177], [-94.11328, 45.295477], [-94.11342, 45.295632], [-94.113559, 45.295752], [-94.11368, 45.295823], [-94.113887, 45.295881], [-94.114007, 45.295904], [-94.114161, 45.295903], [-94.114246, 45.29589], [-94.114566, 45.295621], [-94.114677, 45.295186], [-94.114476, 45.294524], [-94.114423, 45.294464], [-94.114405, 45.294391], [-94.114262, 45.294091], [-94.114139, 45.293899], [-94.113827, 45.292002], [-94.113673, 45.291924], [-94.113554, 45.291973], [-94.113436, 45.292071], [-94.113339, 45.292337], [-94.113181, 45.293051], [-94.113085, 45.293127], [-94.112962, 45.293217], [-94.112714, 45.293285], [-94.112558, 45.293309], [-94.11242, 45.293305]]]}}, {"type": "Feature", "properties": {"depth_ft": 20.0, "lake": "Clearwater", "dow": "86025201"}, "geometry": {"type": "Polygon", "coordinates": [[[-94.112188, 45.293017], [-94.111949, 45.29304], [-94.111795, 45.293018], [-94.111141, 45.292855], [-94.110952, 45.292772], [-94.110555, 45.292583], [-94.109874, 45.291902], [-94.109685, 45.291843], [-94.109531, 45.291857], [-94.109348, 45.292112], [-94.109406, 45.292461], [-94.109597, 45.293042], [-94.109774, 45.293337], [-94.110014, 45.293632], [-94.110712, 45.294176], [-94.111081, 45.294384], [-94.11174, 45.29469], [-94.112242, 45.295007], [-94.112678, 45.295325], [-94.113037, 45.295643], [-94.113395, 45.295944], [-94.113749, 45.296051], [-94.114334, 45.296059], [-94.11447, 45.296034], [-94.114895, 45.295861], [-94.115346, 45.295349], [-94.115548, 45.295166], [-94.115633, 45.295129], [-94.115854, 45.295054], [-94.116348, 45.29498], [-94.116612, 45.294911], [-94.116766, 45.294811], [-94.116778, 45.294634], [-94.116596, 45.29454], [-94.116068, 45.29463], [-94.115846, 45.29468], [-94.115728, 45.29473], [-94.115575, 45.294779], [-94.115456, 45.294805], [-94.115336, 45.294818], [-94.115199, 45.294819], [-94.114976, 45.294761], [-94.11482, 45.29469], [-94.114524, 45.294379], [-94.114265, 45.293833], [-94.114076, 45.292476], [-94.113987, 45.292284], [-94.11391, 45.291862], [-94.113667, 45.29156], [-94.113635, 45.291527], [-94.113572, 45.291528], [-94.113464, 45.291562], [-94.11331, 45.291663], [-94.113174, 45.291845], [-94.11299, 45.292028], [-94.112807, 45.29232], [-94.11274, 45.292393], [-94.11261, 45.292605], [-94.112504, 45.292761], [-94.112428, 45.292882], [-94.112382, 45.292949], [-94.112321, 45.293005], [-94.112188, 45.293017]]]}}, {"type": "Feature", "properties": {"depth_ft": 30.0, "lake": "Clearwater", "dow": "86025201"}, "geometry": {"type": "Polygon", "coordinates": [[[-94.111176, 45.292718], [-94.110984, 45.292663], [-94.110846, 45.292592], [-94.110219, 45.292043], [-94.109959, 45.29184], [-94.109855, 45.291781], [-94.109734, 45.291734], [-94.109683, 45.291722], [-94.10958, 45.291711], [-94.109326, 45.291834], [-94.109227, 45.292053], [-94.109163, 45.292283], [-94.109283, 45.292724], [-94.109945, 45.29376], [-94.110545, 45.294278], [-94.111269, 45.294658], [-94.111744, 45.294929], [-94.112524, 45.295428], [-94.113293, 45.296083], [-94.114015, 45.296269], [-94.114475, 45.296263], [-94.114577, 45.29625], [-94.114815, 45.296139], [-94.115101, 45.295895], [-94.115604, 45.295407], [-94.115722, 45.295321], [-94.115824, 45.295272], [-94.116961, 45.294814], [-94.117008, 45.294596], [-94.116938, 45.294537], [-94.116835, 45.294477], [-94.116731, 45.29443], [-94.116594, 45.294407], [-94.115853, 45.294525], [-94.115333, 45.294661], [-94.114937, 45.294532], [-94.114624, 45.294258], [-94.114536, 45.29415], [-94.114426, 45.293753], [-94.114307, 45.292909], [-94.114281, 45.292462], [-94.114234, 45.291835], [-94.114198, 45.291739], [-94.113989, 45.291548], [-94.113851, 45.291489], [-94.113622, 45.291431], [-94.113451, 45.291444], [-94.11328, 45.291522], [-94.112533, 45.292274], [-94.112199, 45.292724], [-94.11187, 45.292824], [-94.111729, 45.292826], [-94.111448, 45.292817], [-94.11126, 45.292764], [-94.111176, 45.292718]]]}}, {"type": "Feature", "properties": {"depth_ft": 40.0, "lake": "Clearwater", "dow": "86025201"}, "geometry": {"type": "Polygon", "coordinates": [[[-94.116064, 45.293356], [-94.115345, 45.292669], [-94.114751, 45.292011], [-94.114681, 45.291951], [-94.114527, 45.291929], [-94.114463, 45.292159], [-94.11449, 45.292665], [-94.114571, 45.293304], [-94.114583, 45.293896], [-94.114688, 45.294028], [-94.11481, 45.294147], [-94.115001, 45.294302], [-94.115105, 45.294374], [-94.115329, 45.294468], [-94.115415, 45.294491], [-94.115501, 45.294503], [-94.117289, 45.294087], [-94.11732, 45.293954], [-94.117233, 45.293858], [-94.117146, 45.293786], [-94.116939, 45.293716], [-94.116506, 45.293594], [-94.116333, 45.293541], [-94.116128, 45.293421], [-94.116064, 45.293356]]]}}, {"type": "Feature", "properties": {"depth_ft": 20.0, "lake": "Clearwater", "dow": "86025201"}, "geometry": {"type": "Polygon", "coordinates": [[[-94.115458, 45.291105], [-94.115312, 45.290991], [-94.115138, 45.290824], [-94.115017, 45.290777], [-94.114968, 45.29085], [-94.115096, 45.291283], [-94.115204, 45.29156], [-94.115292, 45.291704], [-94.11531, 45.291752], [-94.115311, 45.291788], [-94.115682, 45.292412], [-94.115893, 45.292712], [-94.116033, 45.292856], [-94.116137, 45.292927], [-94.116327, 45.293034], [-94.116966, 45.293317], [-94.117636, 45.293468], [-94.11765, 45.293347], [-94.117511, 45.293227], [-94.116713, 45.292238], [-94.116411, 45.291932], [-94.116125, 45.291693], [-94.115568, 45.29117], [-94.115458, 45.291105]]]}}, {"type": "Feature", "properties": {"depth_ft": 15.0, "lake": "Clearwater", "dow": "86025201"}, "geometry": {"type": "Polygon", "coordinates": [[[-94.116231, 45.291976], [-94.116046, 45.291817], [-94.115938, 45.291721], [-94.115844, 45.291621], [-94.115752, 45.291525], [-94.115636, 45.291435], [-94.115551, 45.291361], [-94.115428, 45.291309], [-94.115383, 45.291304], [-94.115346, 45.291347], [-94.115363, 45.29147], [-94.115435, 45.29163], [-94.115537, 45.291806], [-94.115593, 45.291966], [-94.115789, 45.292274], [-94.115875, 45.292402], [-94.115953, 45.292519], [-94.116032, 45.292658], [-94.116133, 45.292769], [-94.116241, 45.292875], [-94.11635, 45.292981], [-94.116572, 45.293075], [-94.116717, 45.293127], [-94.116824, 45.293153], [-94.116953, 45.293179], [-94.117044, 45.293183], [-94.117128, 45.293182], [-94.117188, 45.293139], [-94.117187, 45.293075], [-94.117123, 45.292952], [-94.11706, 45.29284], [-94.116944, 45.292692], [-94.116758, 45.292538], [-94.116603, 45.292374], [-94.116402, 45.292167], [-94.116301, 45.29205], [-94.116231, 45.291976]]]}}, {"type": "Feature", "properties": {"depth_ft": 10.0, "lake": "Clearwater", "dow": "86025201"}, "geometry": {"type": "Polygon", "coordinates": [[[-94.116344, 45.29229], [-94.116274, 45.292205], [-94.116166, 45.292115], [-94.116119, 45.292052], [-94.116025, 45.291945], [-94.115941, 45.291882], [-94.115857, 45.291872], [-94.115797, 45.291894], [-94.115798, 45.291974], [-94.115846, 45.292108], [-94.115902, 45.29223], [-94.115988, 45.292358], [-94.116082, 45.292486], [-94.116167, 45.292587], [-94.116253, 45.292725], [-94.116316, 45.292799], [-94.116378, 45.292863], [-94.116455, 45.292948], [-94.1166, 45.293], [-94.116707, 45.293031], [-94.116776, 45.293031], [-94.116828, 45.292976], [-94.116803, 45.292891], [-94.116718, 45.292785], [-94.116632, 45.292678], [-94.116554, 45.292561], [-94.116491, 45.292455], [-94.11639, 45.292338], [-94.116344, 45.29229]]]}}, {"type": "Feature", "properties": {"depth_ft": 40.0, "lake": "Clearwater", "dow": "86025201"}, "geometry": {"type": "Polygon", "coordinates": [[[-94.104218, 45.293753], [-94.103624, 45.294364], [-94.103582, 45.294471], [-94.103619, 45.29464], [-94.103724, 45.294759], [-94.104086, 45.294901], [-94.104959, 45.294953], [-94.105096, 45.294951], [-94.105284, 45.294962], [-94.105437, 45.294968], [-94.106037, 45.294991], [-94.106806, 45.294923], [-94.107131, 45.294944], [-94.107285, 45.294942], [-94.107969, 45.294911], [-94.108337, 45.294871], [-94.109012, 45.294901], [-94.109131, 45.294852], [-94.109213, 45.294682], [-94.108964, 45.29419], [-94.108859, 45.29407], [-94.108559, 45.293614], [-94.108347, 45.293242], [-94.108327, 45.293109], [-94.108202, 45.292845], [-94.108098, 45.292749], [-94.107854, 45.292558], [-94.107734, 45.292535], [-94.107546, 45.292525], [-94.107393, 45.292551], [-94.107223, 45.292613], [-94.106951, 45.292736], [-94.106411, 45.293092], [-94.105732, 45.293352], [-94.104948, 45.293516], [-94.104438, 45.29363], [-94.104218, 45.293753]]]}}, {"type": "Feature", "properties": {"depth_ft": 30.0, "lake": "Clearwater", "dow": "86025201"}, "geometry": {"type": "Polygon", "coordinates": [[[-94.104309, 45.294277], [-94.104281, 45.294356], [-94.104299, 45.29444], [-94.104335, 45.294512], [-94.104748, 45.294665], [-94.105417, 45.294755], [-94.105793, 45.294727], [-94.106494, 45.294696], [-94.106734, 45.29473], [-94.106853, 45.294729], [-94.108476, 45.294593], [-94.108713, 45.29447], [-94.108728, 45.294385], [-94.108255, 45.293786], [-94.108029, 45.293595], [-94.107839, 45.293536], [-94.107547, 45.293479], [-94.106657, 45.293403], [-94.106554, 45.293416], [-94.1056, 45.293619], [-94.105533, 45.293655], [-94.105068, 45.293813], [-94.104859, 45.293916], [-94.104561, 45.294089], [-94.104412, 45.294186], [-94.104331, 45.294245], [-94.104309, 45.294277]]]}}, {"type": "Feature", "properties": {"depth_ft": 20.0, "lake": "Clearwater", "dow": "86025201"}, "geometry": {"type": "Polygon", "coordinates": [[[-94.10511, 45.294025], [-94.10481, 45.29429], [-94.104897, 45.29441], [-94.105299, 45.294464], [-94.107479, 45.294544], [-94.10772, 45.294521], [-94.108148, 45.294451], [-94.108249, 45.29439], [-94.108313, 45.294148], [-94.108084, 45.293824], [-94.107963, 45.293753], [-94.107808, 45.293694], [-94.107619, 45.293647], [-94.107431, 45.293625], [-94.107003, 45.293641], [-94.106509, 45.293718], [-94.105874, 45.293763], [-94.105461, 45.293868], [-94.105199, 45.293955], [-94.10511, 45.294025]]]}}, {"type": "Feature", "properties": {"depth_ft": 15.0, "lake": "Clearwater", "dow": "86025201"}, "geometry": {"type": "Polygon", "coordinates": [[[-94.106427, 45.293922], [-94.106133, 45.293941], [-94.105856, 45.293997], [-94.105638, 45.294036], [-94.105503, 45.294069], [-94.105405, 45.294091], [-94.105323, 45.294119], [-94.10524, 45.294141], [-94.105211, 45.294173], [-94.10525, 45.294252], [-94.105372, 45.294304], [-94.105598, 45.294323], [-94.105954, 45.294389], [-94.106406, 45.294379], [-94.106805, 45.294375], [-94.107106, 45.294351], [-94.107362, 45.294349], [-94.107566, 45.294368], [-94.107762, 45.294398], [-94.107913, 45.294402], [-94.108047, 45.294305], [-94.108053, 45.294204], [-94.108028, 45.294103], [-94.107987, 45.293949], [-94.10785, 45.29385], [-94.10763, 45.293772], [-94.107457, 45.293779], [-94.107208, 45.293808], [-94.107036, 45.293836], [-94.1069, 45.293859], [-94.10678, 45.293865], [-94.10663, 45.293899], [-94.106487, 45.293911], [-94.106427, 45.293922]]]}}, {"type": "Feature", "properties": {"depth_ft": 10.0, "lake": "Clearwater", "dow": "86025201"}, "geometry": {"type": "Polygon", "coordinates": [[[-94.107098, 45.293963], [-94.106888, 45.293997], [-94.106579, 45.294016], [-94.106324, 45.294056], [-94.106151, 45.294084], [-94.106061, 45.294101], [-94.105964, 45.294129], [-94.105912, 45.294193], [-94.105951, 45.294267], [-94.106163, 45.294286], [-94.106328, 45.294268], [-94.106538, 45.294213], [-94.106832, 45.294205], [-94.107065, 45.294203], [-94.107231, 45.294207], [-94.10736, 45.294216], [-94.107533, 45.294241], [-94.107685, 45.294277], [-94.107775, 45.294281], [-94.10785, 45.294259], [-94.107879, 45.294206], [-94.107892, 45.294105], [-94.107891, 45.294035], [-94.107814, 45.293972], [-94.107761, 45.293936], [-94.10764, 45.29391], [-94.107519, 45.293906], [-94.107361, 45.293908], [-94.107263, 45.293925], [-94.107173, 45.293947], [-94.107098, 45.293963]]]}}, {"type": "Feature", "properties": {"depth_ft": 60.0, "lake": "Clearwater", "dow": "86025201"}, "geometry": {"type": "Polygon", "coordinates": [[[-94.100813, 45.290123], [-94.100637, 45.290071], [-94.100535, 45.290097], [-94.100332, 45.290183], [-94.100247, 45.290244], [-94.100164, 45.290342], [-94.100131, 45.290426], [-94.100085, 45.29068], [-94.100087, 45.290801], [-94.10016, 45.291006], [-94.10023, 45.291126], [-94.100353, 45.291281], [-94.100457, 45.291377], [-94.101464, 45.29214], [-94.101637, 45.292247], [-94.101776, 45.292354], [-94.102685, 45.293335], [-94.102826, 45.293551], [-94.102836, 45.294082], [-94.102454, 45.294678], [-94.102475, 45.294858], [-94.102544, 45.294882], [-94.102782, 45.294843], [-94.103094, 45.294176], [-94.10311, 45.294092], [-94.103159, 45.293995], [-94.103675, 45.293241], [-94.10369, 45.293169], [-94.103671, 45.293072], [-94.103337, 45.292605], [-94.102639, 45.291875], [-94.102289, 45.291456], [-94.101627, 45.29081], [-94.101521, 45.290667], [-94.101207, 45.290317], [-94.100938, 45.290166], [-94.100813, 45.290123]]]}}, {"type": "Feature", "properties": {"depth_ft": 70.0, "lake": "Clearwater", "dow": "86025201"}, "geometry": {"type": "Polygon", "coordinates": [[[-94.101488, 45.291162], [-94.101162, 45.290646], [-94.100993, 45.290573], [-94.10087, 45.290588], [-94.100819, 45.290625], [-94.100737, 45.290807], [-94.100757, 45.290964], [-94.100793, 45.291048], [-94.100829, 45.291108], [-94.101104, 45.291463], [-94.101685, 45.292041], [-94.102017, 45.292448], [-94.102105, 45.292532], [-94.102694, 45.292949], [-94.102942, 45.293369], [-94.103049, 45.293597], [-94.103304, 45.293522], [-94.103418, 45.293244], [-94.103345, 45.292991], [-94.102888, 45.29238], [-94.102628, 45.292165], [-94.102576, 45.292129], [-94.101915, 45.291592], [-94.101488, 45.291162]]]}}, {"type": "Feature", "properties": {"depth_ft": 40.0, "lake": "Clearwater", "dow": "86025201"}, "geometry": {"type": "Polygon", "coordinates": [[[-94.09683, 45.28932], [-94.09655, 45.289205], [-94.09643, 45.289194], [-94.096174, 45.289197], [-94.096073, 45.289294], [-94.096145, 45.289475], [-94.097061, 45.289985], [-94.097252, 45.290116], [-94.097513, 45.290355], [-94.097932, 45.29081], [-94.098211, 45.291085], [-94.098384, 45.291168], [-94.098709, 45.291189], [-94.098721, 45.290923], [-94.098437, 45.290394], [-94.098332, 45.290239], [-94.098245, 45.290179], [-94.097664, 45.289698], [-94.097129, 45.289461], [-94.096972, 45.289396], [-94.09683, 45.28932]]]}}, {"type": "Feature", "properties": {"depth_ft": 50.0, "lake": "Clearwater", "dow": "86025201"}, "geometry": {"type": "Polygon", "coordinates": [[[-94.097687, 45.288464], [-94.097492, 45.288363], [-94.097301, 45.288244], [-94.096971, 45.287946], [-94.096848, 45.28779], [-94.096099, 45.287073], [-94.095978, 45.287014], [-94.095823, 45.286967], [-94.095446, 45.286898], [-94.093531, 45.286941], [-94.092931, 45.286886], [-94.092622, 45.286817], [-94.091469, 45.286441], [-94.091297, 45.286358], [-94.091004, 45.286253], [-94.090746, 45.286183], [-94.090454, 45.286137], [-94.089992, 45.286093], [-94.089753, 45.286108], [-94.0896, 45.286145], [-94.089277, 45.286257], [-94.089125, 45.286355], [-94.088943, 45.286683], [-94.088859, 45.286792], [-94.088697, 45.287216], [-94.088429, 45.287533], [-94.088363, 45.287642], [-94.088181, 45.287994], [-94.088135, 45.28826], [-94.088138, 45.288405], [-94.088243, 45.288524], [-94.088415, 45.288607], [-94.088691, 45.288713], [-94.08936, 45.288803], [-94.089582, 45.288789], [-94.089684, 45.288776], [-94.090314, 45.288625], [-94.091297, 45.288238], [-94.092683, 45.287311], [-94.092785, 45.287274], [-94.09304, 45.287211], [-94.093347, 45.28716], [-94.093552, 45.287146], [-94.093706, 45.287156], [-94.093912, 45.28719], [-94.09467, 45.287473], [-94.094774, 45.287556], [-94.095074, 45.288024], [-94.095198, 45.288265], [-94.095495, 45.288552], [-94.096167, 45.288823], [-94.096494, 45.288928], [-94.096648, 45.288963], [-94.096802, 45.288974], [-94.097385, 45.289028], [-94.097635, 45.289069], [-94.097935, 45.289243], [-94.098265, 45.289454], [-94.098492, 45.28967], [-94.098983, 45.290329], [-94.09932, 45.290905], [-94.099338, 45.290977], [-94.09946, 45.291097], [-94.09967, 45.291348], [-94.099966, 45.291623], [-94.101698, 45.292729], [-94.101976, 45.292956], [-94.102308, 45.293339], [-94.102453, 45.29376], [-94.102152, 45.294982], [-94.101873, 45.295589], [-94.101523, 45.296063], [-94.10035, 45.297293], [-94.099749, 45.298084], [-94.099667, 45.298242], [-94.099703, 45.298338], [-94.099756, 45.298434], [-94.100249, 45.298308], [-94.100757, 45.298026], [-94.101145, 45.297756], [-94.10128, 45.297647], [-94.102466, 45.296174], [-94.103068, 45.295456], [-94.103263, 45.294978], [-94.103296, 45.294899], [-94.103342, 45.294597], [-94.103438, 45.294246], [-94.103552, 45.293955], [-94.104034, 45.293226], [-94.103749, 45.292673], [-94.102841, 45.29168], [-94.102106, 45.29083], [-94.101773, 45.290411], [-94.101012, 45.289114], [-94.100942, 45.289018], [-94.100614, 45.28884], [-94.100167, 45.288736], [-94.100064, 45.288725], [-94.099807, 45.288715], [-94.099671, 45.288729], [-94.099329, 45.28872], [-94.098796, 45.288726], [-94.098484, 45.288696], [-94.098201, 45.288611], [-94.097903, 45.288525], [-94.097746, 45.288483], [-94.097687, 45.288464]]]}}, {"type": "Feature", "properties": {"depth_ft": 50.0, "lake": "Clearwater", "dow": "86025201"}, "geometry": {"type": "Polygon", "coordinates": [[[-94.095066, 45.287307], [-94.094976, 45.287373], [-94.09496, 45.287434], [-94.09515, 45.287541], [-94.095597, 45.287669], [-94.095804, 45.287752], [-94.095908, 45.287835], [-94.096352, 45.288395], [-94.096796, 45.288636], [-94.096934, 45.288683], [-94.097036, 45.288682], [-94.097052, 45.288609], [-94.096733, 45.288021], [-94.096594, 45.287901], [-94.09607, 45.287351], [-94.095331, 45.287165], [-94.095077, 45.2873], [-94.095066, 45.287307]]]}}, {"type": "Feature", "properties": {"depth_ft": 30.0, "lake": "Clearwater", "dow": "86025201"}, "geometry": {"type": "Polygon", "coordinates": [[[-94.097071, 45.286825], [-94.09659, 45.286827], [-94.096547, 45.286933], [-94.096698, 45.287128], [-94.097272, 45.287617], [-94.097793, 45.288022], [-94.098293, 45.288247], [-94.098689, 45.28834], [-94.098825, 45.288326], [-94.09889, 45.288157], [-94.09882, 45.288049], [-94.098558, 45.287762], [-94.098435, 45.287594], [-94.098416, 45.287534], [-94.098415, 45.287449], [-94.098431, 45.287401], [-94.098446, 45.287292], [-94.098393, 45.287196], [-94.098323, 45.2871], [-94.098131, 45.286945], [-94.097993, 45.286886], [-94.097524, 45.286843], [-94.097211, 45.286824], [-94.097071, 45.286825]]]}}, {"type": "Feature", "properties": {"depth_ft": 20.0, "lake": "Clearwater", "dow": "86025201"}, "geometry": {"type": "Polygon", "coordinates": [[[-94.099001, 45.286244], [-94.098804, 45.286335], [-94.098738, 45.286456], [-94.099051, 45.286731], [-94.099248, 45.286924], [-94.099377, 45.287143], [-94.099561, 45.28745], [-94.099616, 45.287643], [-94.099845, 45.287991], [-94.100016, 45.288025], [-94.100136, 45.288036], [-94.100256, 45.288035], [-94.101025, 45.287979], [-94.101231, 45.288038], [-94.101472, 45.288132], [-94.10168, 45.288287], [-94.101871, 45.288418], [-94.102161, 45.288403], [-94.10228, 45.288353], [-94.102855, 45.287986], [-94.103088, 45.287746], [-94.103206, 45.287596], [-94.103217, 45.287282], [-94.102905, 45.287056], [-94.10275, 45.286985], [-94.10163, 45.286585], [-94.101441, 45.286502], [-94.101027, 45.286349], [-94.100821, 45.286291], [-94.099981, 45.286178], [-94.099436, 45.286174], [-94.099202, 45.286187], [-94.099094, 45.28621], [-94.099001, 45.286244]]]}}, {"type": "Feature", "properties": {"depth_ft": 15.0, "lake": "Clearwater", "dow": "86025201"}, "geometry": {"type": "Polygon", "coordinates": [[[-94.100065, 45.286377], [-94.099409, 45.28635], [-94.099285, 45.28644], [-94.099256, 45.286539], [-94.099271, 45.28662], [-94.099325, 45.28674], [-94.099587, 45.287064], [-94.09975, 45.287497], [-94.099838, 45.287629], [-94.100063, 45.287771], [-94.100406, 45.287852], [-94.100526, 45.287851], [-94.100967, 45.287833], [-94.101264, 45.287852], [-94.101589, 45.287974], [-94.101986, 45.288187], [-94.102141, 45.28821], [-94.102395, 45.288204], [-94.102534, 45.288115], [-94.103035, 45.287586], [-94.102979, 45.287369], [-94.102668, 45.287191], [-94.10253, 45.287132], [-94.102306, 45.287061], [-94.102118, 45.287027], [-94.101186, 45.286626], [-94.100894, 45.28652], [-94.100065, 45.286377]]]}}, {"type": "Feature", "properties": {"depth_ft": 10.0, "lake": "Clearwater", "dow": "86025201"}, "geometry": {"type": "Polygon", "coordinates": [[[-94.100258, 45.286694], [-94.100058, 45.286661], [-94.099905, 45.286674], [-94.099769, 45.286736], [-94.09972, 45.286857], [-94.09985, 45.287387], [-94.099903, 45.287483], [-94.100112, 45.28765], [-94.100267, 45.287697], [-94.100455, 45.287731], [-94.101141, 45.287797], [-94.10126, 45.287772], [-94.101431, 45.287758], [-94.102016, 45.28797], [-94.10217, 45.28798], [-94.102408, 45.287881], [-94.102509, 45.287808], [-94.102744, 45.2876], [-94.102706, 45.287359], [-94.102533, 45.287289], [-94.102327, 45.28723], [-94.101813, 45.287187], [-94.101226, 45.286891], [-94.100869, 45.286821], [-94.100258, 45.286694]]]}}, {"type": "Feature", "properties": {"depth_ft": 50.0, "lake": "Clearwater", "dow": "86025201"}, "geometry": {"type": "Polygon", "coordinates": [[[-94.084504, 45.282614], [-94.083929, 45.282952], [-94.08312, 45.283539], [-94.083024, 45.283902], [-94.083043, 45.284023], [-94.0832, 45.284142], [-94.083388, 45.284176], [-94.083473, 45.284151], [-94.083625, 45.284041], [-94.083821, 45.283556], [-94.084052, 45.283095], [-94.084136, 45.283022], [-94.084458, 45.282862], [-94.08509, 45.28282], [-94.08533, 45.282842], [-94.085587, 45.282888], [-94.08569, 45.282935], [-94.08618, 45.283522], [-94.086474, 45.283688], [-94.086578, 45.283735], [-94.086749, 45.283758], [-94.086763, 45.283565], [-94.08617, 45.282967], [-94.086048, 45.282871], [-94.085471, 45.282582], [-94.085236, 45.282541], [-94.085017, 45.282532], [-94.084799, 45.282556], [-94.084504, 45.282614]]]}}, {"type": "Feature", "properties": {"depth_ft": 10.0, "lake": "Clearwater", "dow": "86025201"}, "geometry": {"type": "Polygon", "coordinates": [[[-94.084564, 45.28658], [-94.084306, 45.28657], [-94.08379, 45.28643], [-94.083514, 45.286288], [-94.083427, 45.286192], [-94.083374, 45.286108], [-94.083372, 45.285987], [-94.083387, 45.285903], [-94.083437, 45.285818], [-94.083616, 45.285369], [-94.083632, 45.285297], [-94.083682, 45.285212], [-94.083815, 45.285041], [-94.083916, 45.284944], [-94.083967, 45.284907], [-94.084188, 45.284857], [-94.085163, 45.285741], [-94.085214, 45.285752], [-94.085542, 45.285918], [-94.086203, 45.286491], [-94.086362, 45.286768], [-94.086227, 45.286878], [-94.08585, 45.286833], [-94.085541, 45.286763], [-94.085018, 45.28663], [-94.084689, 45.28659], [-94.084564, 45.28658]]]}}, {"type": "Feature", "properties": {"depth_ft": 15.0, "lake": "Clearwater", "dow": "86025201"}, "geometry": {"type": "Polygon", "coordinates": [[[-94.084806, 45.286775], [-94.084524, 45.286712], [-94.084133, 45.286694], [-94.083851, 45.28663], [-94.083156, 45.286363], [-94.083052, 45.28628], [-94.083017, 45.28622], [-94.082999, 45.286172], [-94.082997, 45.286075], [-94.083314, 45.285662], [-94.083153, 45.285301], [-94.083117, 45.285181], [-94.083114, 45.285036], [-94.083265, 45.284853], [-94.083596, 45.28475], [-94.083923, 45.284703], [-94.084148, 45.284555], [-94.084232, 45.284458], [-94.084315, 45.284336], [-94.084477, 45.283888], [-94.084646, 45.283778], [-94.084698, 45.283777], [-94.084766, 45.283801], [-94.084924, 45.284017], [-94.084926, 45.284113], [-94.085113, 45.28492], [-94.085203, 45.285161], [-94.085292, 45.285329], [-94.085397, 45.285485], [-94.086671, 45.286813], [-94.086741, 45.286921], [-94.086777, 45.287017], [-94.086729, 45.287187], [-94.086473, 45.287213], [-94.086319, 45.287191], [-94.085983, 45.287139], [-94.085465, 45.286967], [-94.085041, 45.286839], [-94.0849, 45.286808], [-94.084806, 45.286775]]]}}, {"type": "Feature", "properties": {"depth_ft": 15.0, "lake": "Clearwater", "dow": "86025201"}, "geometry": {"type": "Polygon", "coordinates": [[[-94.079338, 45.287415], [-94.079297, 45.287547], [-94.079401, 45.28763], [-94.079522, 45.287702], [-94.079694, 45.287772], [-94.079833, 45.287844], [-94.079908, 45.288217], [-94.080147, 45.288167], [-94.080266, 45.288129], [-94.080705, 45.287835], [-94.080901, 45.287375], [-94.080706, 45.287026], [-94.080569, 45.286979], [-94.080397, 45.286957], [-94.079971, 45.286997], [-94.07957, 45.287146], [-94.079374, 45.287315], [-94.079338, 45.287415]]]}}, {"type": "Feature", "properties": {"depth_ft": 10.0, "lake": "Clearwater", "dow": "86025201"}, "geometry": {"type": "Polygon", "coordinates": [[[-94.079783, 45.287391], [-94.079689, 45.287459], [-94.079742, 45.287555], [-94.079864, 45.287686], [-94.08002, 45.287794], [-94.080175, 45.287877], [-94.080533, 45.287813], [-94.080681, 45.287485], [-94.080556, 45.287233], [-94.080357, 45.287212], [-94.080131, 45.287268], [-94.07982, 45.287357], [-94.079783, 45.287391]]]}}, {"type": "Feature", "properties": {"depth_ft": 30.0, "lake": "Clearwater", "dow": "86025201"}, "geometry": {"type": "Polygon", "coordinates": [[[-94.084354, 45.287053], [-94.083165, 45.286834], [-94.082647, 45.286537], [-94.082543, 45.28649], [-94.082405, 45.286443], [-94.08232, 45.28642], [-94.081976, 45.286495], [-94.081853, 45.286536], [-94.081861, 45.286569], [-94.081862, 45.286641], [-94.082019, 45.286809], [-94.082554, 45.287057], [-94.082985, 45.287222], [-94.083721, 45.288157], [-94.083841, 45.288192], [-94.084025, 45.288172], [-94.084279, 45.288109], [-94.084429, 45.288015], [-94.084605, 45.287846], [-94.084821, 45.28771], [-94.084999, 45.287648], [-94.085317, 45.287574], [-94.085632, 45.287549], [-94.085725, 45.287481], [-94.085733, 45.287368], [-94.085617, 45.287289], [-94.085474, 45.28723], [-94.085285, 45.287212], [-94.084914, 45.287162], [-94.084591, 45.287111], [-94.084354, 45.287053]]]}}, {"type": "Feature", "properties": {"depth_ft": 40.0, "lake": "Clearwater", "dow": "86025201"}, "geometry": {"type": "Polygon", "coordinates": [[[-94.083867, 45.287339], [-94.083601, 45.287328], [-94.083526, 45.287369], [-94.083503, 45.287495], [-94.083769, 45.287987], [-94.083919, 45.288079], [-94.084032, 45.288078], [-94.08424, 45.288036], [-94.084408, 45.287935], [-94.084576, 45.287773], [-94.084612, 45.287672], [-94.084676, 45.287598], [-94.084722, 45.287491], [-94.084634, 45.287378], [-94.084492, 45.287379], [-94.084113, 45.287336], [-94.083867, 45.287339]]]}}, {"type": "Feature", "properties": {"depth_ft": 60.0, "lake": "Clearwater", "dow": "86025201"}, "geometry": {"type": "Polygon", "coordinates": [[[-94.090178, 45.286819], [-94.089955, 45.286854], [-94.08982, 45.28694], [-94.089739, 45.287158], [-94.089872, 45.287881], [-94.089861, 45.288195], [-94.08988, 45.288316], [-94.090054, 45.288471], [-94.0902, 45.288469], [-94.090342, 45.28842], [-94.090528, 45.288278], [-94.091519, 45.287262], [-94.091535, 45.287189], [-94.091412, 45.287021], [-94.091291, 45.286962], [-94.090889, 45.286859], [-94.090557, 45.286802], [-94.090178, 45.286819]]]}}, {"type": "Feature", "properties": {"depth_ft": 10.0, "lake": "Clearwater", "dow": "86025201"}, "geometry": {"type": "Polygon", "coordinates": [[[-94.092921, 45.28845], [-94.092847, 45.288558], [-94.092792, 45.288632], [-94.092727, 45.288686], [-94.092671, 45.28874], [-94.092663, 45.288807], [-94.092712, 45.288906], [-94.092798, 45.288959], [-94.093008, 45.28903], [-94.093151, 45.289103], [-94.093294, 45.289155], [-94.09339, 45.289227], [-94.093515, 45.289326], [-94.093631, 45.289405], [-94.093717, 45.289478], [-94.093813, 45.28953], [-94.093908, 45.289576], [-94.094069, 45.289575], [-94.094192, 45.28956], [-94.094409, 45.289505], [-94.094493, 45.289457], [-94.094548, 45.289376], [-94.094575, 45.289256], [-94.0946, 45.289089], [-94.094578, 45.288922], [-94.094509, 45.288796], [-94.094402, 45.288656], [-94.094287, 45.288557], [-94.094084, 45.288386], [-94.093845, 45.288268], [-94.093759, 45.288202], [-94.093605, 45.288096], [-94.093471, 45.288024], [-94.093376, 45.287998], [-94.093272, 45.288006], [-94.093188, 45.28806], [-94.093124, 45.288174], [-94.093059, 45.288269], [-94.092939, 45.28841], [-94.092921, 45.28845]]]}}, {"type": "Feature", "properties": {"depth_ft": 15.0, "lake": "Clearwater", "dow": "86025201"}, "geometry": {"type": "Polygon", "coordinates": [[[-94.092867, 45.288123], [-94.092747, 45.288272], [-94.092655, 45.288406], [-94.092581, 45.288507], [-94.092536, 45.288601], [-94.092518, 45.288694], [-94.092482, 45.288775], [-94.092494, 45.288882], [-94.092543, 45.288961], [-94.09262, 45.289061], [-94.092716, 45.28912], [-94.092849, 45.289165], [-94.092935, 45.289205], [-94.093098, 45.289283], [-94.093318, 45.289388], [-94.093509, 45.289493], [-94.093634, 45.289565], [-94.093758, 45.289638], [-94.093854, 45.289677], [-94.093977, 45.289702], [-94.094091, 45.289721], [-94.094205, 45.289734], [-94.094309, 45.289713], [-94.094431, 45.289658], [-94.094561, 45.289557], [-94.094626, 45.289462], [-94.094689, 45.289315], [-94.094725, 45.289208], [-94.094742, 45.289094], [-94.09473, 45.288954], [-94.09467, 45.288821], [-94.094602, 45.288688], [-94.094476, 45.288542], [-94.094331, 45.288397], [-94.094215, 45.288311], [-94.09409, 45.288199], [-94.093918, 45.28808], [-94.093793, 45.287994], [-94.093669, 45.287935], [-94.093534, 45.28785], [-94.093391, 45.287805], [-94.093277, 45.287786], [-94.093202, 45.287793], [-94.093108, 45.287821], [-94.093015, 45.287902], [-94.092968, 45.287956], [-94.092867, 45.288123]]]}}, {"type": "Feature", "properties": {"depth_ft": 20.0, "lake": "Clearwater", "dow": "86025201"}, "geometry": {"type": "Polygon", "coordinates": [[[-94.092798, 45.287964], [-94.092677, 45.288079], [-94.092594, 45.288179], [-94.092445, 45.288335], [-94.092372, 45.288449], [-94.092298, 45.288536], [-94.092261, 45.28861], [-94.092253, 45.288677], [-94.092255, 45.288757], [-94.092304, 45.28885], [-94.092449, 45.289029], [-94.092574, 45.289121], [-94.09267, 45.289194], [-94.092881, 45.289346], [-94.093082, 45.289464], [-94.093197, 45.289523], [-94.09335, 45.289615], [-94.093456, 45.289667], [-94.09358, 45.28972], [-94.093694, 45.289752], [-94.093856, 45.28979], [-94.093998, 45.289816], [-94.094112, 45.289835], [-94.094217, 45.28986], [-94.094312, 45.289859], [-94.094415, 45.289832], [-94.094546, 45.289737], [-94.094648, 45.289616], [-94.094713, 45.289555], [-94.094787, 45.289447], [-94.094832, 45.289354], [-94.094868, 45.289266], [-94.094867, 45.289173], [-94.094825, 45.289], [-94.094814, 45.28888], [-94.094725, 45.288727], [-94.094628, 45.288567], [-94.094539, 45.288415], [-94.094414, 45.288316], [-94.094232, 45.288164], [-94.094136, 45.288091], [-94.09402, 45.287992], [-94.093934, 45.287926], [-94.093837, 45.287854], [-94.093731, 45.287748], [-94.093683, 45.287682], [-94.093539, 45.287589], [-94.093415, 45.287551], [-94.093263, 45.287539], [-94.093169, 45.287566], [-94.093047, 45.287641], [-94.092993, 45.287742], [-94.092881, 45.28787], [-94.092863, 45.287903], [-94.092798, 45.287964]]]}}, {"type": "Feature", "properties": {"depth_ft": 30.0, "lake": "Clearwater", "dow": "86025201"}, "geometry": {"type": "Polygon", "coordinates": [[[-94.094145, 45.290041], [-94.093917, 45.290017], [-94.093708, 45.289965], [-94.093516, 45.289874], [-94.093316, 45.289769], [-94.093124, 45.289664], [-94.092933, 45.289565], [-94.09275, 45.289434], [-94.092559, 45.289309], [-94.092434, 45.28925], [-94.092262, 45.289171], [-94.092166, 45.289065], [-94.092108, 45.288992], [-94.092059, 45.288919], [-94.092019, 45.288826], [-94.091979, 45.2887], [-94.091996, 45.288593], [-94.092079, 45.288498], [-94.092247, 45.288363], [-94.092404, 45.288181], [-94.092543, 45.288026], [-94.092627, 45.287945], [-94.092747, 45.287757], [-94.092904, 45.287589], [-94.093007, 45.287508], [-94.093101, 45.28746], [-94.093242, 45.287425], [-94.093365, 45.287411], [-94.093545, 45.287429], [-94.093698, 45.287488], [-94.093841, 45.287573], [-94.093995, 45.287672], [-94.094205, 45.28779], [-94.094369, 45.287902], [-94.094483, 45.287961], [-94.094579, 45.288034], [-94.094733, 45.288159], [-94.094811, 45.288252], [-94.094898, 45.288344], [-94.094956, 45.288424], [-94.095074, 45.288643], [-94.095136, 45.288896], [-94.095129, 45.289043], [-94.095113, 45.289177], [-94.095087, 45.289298], [-94.095014, 45.289432], [-94.094987, 45.289532], [-94.094914, 45.289687], [-94.094812, 45.289781], [-94.094681, 45.289856], [-94.094606, 45.28991], [-94.094494, 45.289971], [-94.0944, 45.290012], [-94.094315, 45.29004], [-94.094202, 45.290047], [-94.094145, 45.290041]]]}}, {"type": "Feature", "properties": {"depth_ft": 10.0, "lake": "Clearwater", "dow": "86025201"}, "geometry": {"type": "Polygon", "coordinates": [[[-94.098163, 45.292831], [-94.098091, 45.292848], [-94.098076, 45.292957], [-94.098095, 45.293029], [-94.098165, 45.293125], [-94.098375, 45.293353], [-94.098817, 45.294085], [-94.099022, 45.294071], [-94.09905, 45.293664], [-94.099159, 45.293396], [-94.099242, 45.293308], [-94.099469, 45.293279], [-94.099801, 45.293303], [-94.100162, 45.293373], [-94.100476, 45.293457], [-94.100888, 45.293693], [-94.100995, 45.293826], [-94.101053, 45.293919], [-94.101122, 45.294072], [-94.101161, 45.294105], [-94.101265, 45.294104], [-94.101311, 45.294036], [-94.101338, 45.293949], [-94.101336, 45.293829], [-94.101287, 45.293756], [-94.10077, 45.293467], [-94.100616, 45.293362], [-94.100197, 45.293252], [-94.099162, 45.293082], [-94.098163, 45.292831]]]}}, {"type": "Feature", "properties": {"depth_ft": 15.0, "lake": "Clearwater", "dow": "86025201"}, "geometry": {"type": "Polygon", "coordinates": [[[-94.097673, 45.292502], [-94.097571, 45.292479], [-94.097502, 45.292626], [-94.097543, 45.292805], [-94.097579, 45.292902], [-94.098179, 45.293837], [-94.098583, 45.294389], [-94.099018, 45.294759], [-94.099328, 45.294889], [-94.099397, 45.2949], [-94.099551, 45.294899], [-94.099584, 45.29485], [-94.099324, 45.293778], [-94.099455, 45.293499], [-94.099505, 45.293438], [-94.099714, 45.293406], [-94.100122, 45.293449], [-94.10038, 45.293547], [-94.10058, 45.293638], [-94.100753, 45.29377], [-94.100946, 45.293955], [-94.101035, 45.294148], [-94.101152, 45.294301], [-94.101219, 45.294367], [-94.101314, 45.294346], [-94.101378, 45.294258], [-94.101542, 45.293883], [-94.101511, 45.293769], [-94.101289, 45.293571], [-94.100278, 45.293167], [-94.099513, 45.292955], [-94.098584, 45.292651], [-94.097673, 45.292502]]]}}, {"type": "Feature", "properties": {"depth_ft": 20.0, "lake": "Clearwater", "dow": "86025201"}, "geometry": {"type": "Polygon", "coordinates": [[[-94.097222, 45.2919], [-94.096976, 45.291748], [-94.096907, 45.291713], [-94.096855, 45.291701], [-94.096769, 45.291702], [-94.096753, 45.291751], [-94.09679, 45.291859], [-94.096843, 45.291967], [-94.097281, 45.292518], [-94.097405, 45.292746], [-94.097551, 45.293204], [-94.097857, 45.293985], [-94.098017, 45.29431], [-94.098157, 45.294477], [-94.098436, 45.294765], [-94.098662, 45.294956], [-94.09913, 45.295253], [-94.099303, 45.295336], [-94.099784, 45.295452], [-94.099938, 45.29545], [-94.100191, 45.295303], [-94.100118, 45.29505], [-94.099656, 45.294161], [-94.099549, 45.293909], [-94.099547, 45.293836], [-94.099563, 45.293764], [-94.099664, 45.293678], [-94.099749, 45.293641], [-94.099902, 45.293604], [-94.100073, 45.293602], [-94.100279, 45.293636], [-94.100417, 45.293683], [-94.100537, 45.293742], [-94.100624, 45.293802], [-94.100729, 45.293897], [-94.100833, 45.294017], [-94.100993, 45.294305], [-94.101048, 45.294498], [-94.100975, 45.295138], [-94.101077, 45.295125], [-94.101205, 45.294851], [-94.101507, 45.294294], [-94.101677, 45.293804], [-94.101647, 45.293705], [-94.101568, 45.293578], [-94.101414, 45.293433], [-94.101127, 45.293266], [-94.099716, 45.292833], [-94.098819, 45.292443], [-94.097839, 45.292079], [-94.097525, 45.292002], [-94.097222, 45.2919]]]}}, {"type": "Feature", "properties": {"depth_ft": 30.0, "lake": "Clearwater", "dow": "86025201"}, "geometry": {"type": "Polygon", "coordinates": [[[-94.096618, 45.291149], [-94.096002, 45.290925], [-94.095968, 45.290961], [-94.095953, 45.291046], [-94.096042, 45.291214], [-94.096483, 45.291922], [-94.096501, 45.291982], [-94.096572, 45.292102], [-94.096694, 45.292246], [-94.096851, 45.292365], [-94.096955, 45.292473], [-94.097529, 45.29382], [-94.097655, 45.294181], [-94.097833, 45.294541], [-94.098308, 45.295188], [-94.099357, 45.296361], [-94.099548, 45.296516], [-94.099703, 45.296599], [-94.099958, 45.296524], [-94.10029, 45.295978], [-94.100382, 45.295434], [-94.10038, 45.295325], [-94.100322, 45.295], [-94.100268, 45.294843], [-94.100215, 45.294747], [-94.100039, 45.294496], [-94.099844, 45.294147], [-94.099772, 45.293955], [-94.099889, 45.293797], [-94.100233, 45.293902], [-94.100785, 45.294187], [-94.100824, 45.294391], [-94.100733, 45.295008], [-94.100721, 45.295286], [-94.100739, 45.295334], [-94.100792, 45.295406], [-94.100895, 45.295453], [-94.101014, 45.295404], [-94.101115, 45.295318], [-94.10181, 45.294104], [-94.101823, 45.293863], [-94.101767, 45.293658], [-94.101678, 45.293442], [-94.101468, 45.293226], [-94.100692, 45.292872], [-94.099468, 45.292401], [-94.098107, 45.291907], [-94.097676, 45.291681], [-94.096723, 45.291195], [-94.096618, 45.291149]]]}}, {"type": "Feature", "properties": {"depth_ft": 10.0, "lake": "Clearwater", "dow": "86025201"}, "geometry": {"type": "Polygon", "coordinates": [[[-94.098154, 45.297636], [-94.097358, 45.298105], [-94.097151, 45.298169], [-94.097079, 45.298013], [-94.098207, 45.29706], [-94.098206, 45.297], [-94.098236, 45.296795], [-94.098306, 45.2967], [-94.098344, 45.296699], [-94.09844, 45.296759], [-94.098534, 45.297166], [-94.098502, 45.297263], [-94.098401, 45.29736], [-94.098302, 45.297488], [-94.098154, 45.297636]]]}}, {"type": "Feature", "properties": {"depth_ft": 15.0, "lake": "Clearwater", "dow": "86025201"}, "geometry": {"type": "Polygon", "coordinates": [[[-94.103412, 45.298909], [-94.103289, 45.298919], [-94.102911, 45.298826], [-94.102823, 45.298718], [-94.102788, 45.298658], [-94.102787, 45.298598], [-94.10302, 45.298306], [-94.103508, 45.297866], [-94.103912, 45.297525], [-94.104317, 45.297267], [-94.104402, 45.29723], [-94.104609, 45.297168], [-94.104855, 45.297159], [-94.104982, 45.297164], [-94.10505, 45.297139], [-94.105188, 45.297162], [-94.105376, 45.297196], [-94.105518, 45.297424], [-94.105555, 45.297581], [-94.105529, 45.298016], [-94.105263, 45.298393], [-94.104822, 45.298614], [-94.104328, 45.298716], [-94.103695, 45.29888], [-94.103554, 45.298908], [-94.103412, 45.298909]]]}}, {"type": "Feature", "properties": {"depth_ft": 20.0, "lake": "Clearwater", "dow": "86025201"}, "geometry": {"type": "Polygon", "coordinates": [[[-94.103556, 45.298514], [-94.103281, 45.298521], [-94.103211, 45.298425], [-94.103276, 45.298255], [-94.104253, 45.297473], [-94.104473, 45.297374], [-94.104575, 45.297349], [-94.105002, 45.297309], [-94.105106, 45.297344], [-94.105264, 45.29756], [-94.105338, 45.297849], [-94.10514, 45.298249], [-94.104868, 45.298336], [-94.104578, 45.298351], [-94.104207, 45.298427], [-94.103829, 45.298471], [-94.103631, 45.298507], [-94.103556, 45.298514]]]}}, {"type": "Feature", "properties": {"depth_ft": 30.0, "lake": "Clearwater", "dow": "86025201"}, "geometry": {"type": "Polygon", "coordinates": [[[-94.103995, 45.298243], [-94.10374, 45.298245], [-94.103711, 45.298205], [-94.103831, 45.298084], [-94.10414, 45.297836], [-94.104326, 45.297726], [-94.104597, 45.29759], [-94.104733, 45.297541], [-94.10487, 45.297515], [-94.104989, 45.297526], [-94.105133, 45.297851], [-94.105, 45.298093], [-94.104848, 45.298155], [-94.104629, 45.298196], [-94.104298, 45.29822], [-94.104147, 45.298228], [-94.103995, 45.298243]]]}}, {"type": "Feature", "properties": {"depth_ft": 10.0, "lake": "Clearwater", "dow": "86025201"}, "geometry": {"type": "Polygon", "coordinates": [[[-94.106266, 45.296896], [-94.105854, 45.297119], [-94.105822, 45.297228], [-94.105981, 45.297366], [-94.106173, 45.297458], [-94.10658, 45.297535], [-94.107058, 45.297446], [-94.10743, 45.297237], [-94.108239, 45.29672], [-94.108593, 45.296585], [-94.108899, 45.296594], [-94.109156, 45.296735], [-94.109278, 45.296902], [-94.109389, 45.297379], [-94.109548, 45.297689], [-94.109703, 45.297807], [-94.110194, 45.297719], [-94.11053, 45.297536], [-94.110816, 45.297413], [-94.111067, 45.297267], [-94.111149, 45.297123], [-94.111264, 45.29693], [-94.111279, 45.29681], [-94.111327, 45.296642], [-94.11134, 45.296439], [-94.111285, 45.29626], [-94.111232, 45.296117], [-94.111007, 45.295915], [-94.110884, 45.295713], [-94.110681, 45.295576], [-94.110595, 45.29554], [-94.110372, 45.295482], [-94.110217, 45.295459], [-94.109877, 45.295535], [-94.10969, 45.295597], [-94.109232, 45.295807], [-94.108894, 45.296003], [-94.107981, 45.296544], [-94.107402, 45.296706], [-94.1073, 45.296743], [-94.106746, 45.296799], [-94.106435, 45.296836], [-94.106266, 45.296896]]]}}, {"type": "Feature", "properties": {"depth_ft": 40.0, "lake": "Clearwater", "dow": "86025201"}, "geometry": {"type": "Polygon", "coordinates": [[[-94.109403, 45.299419], [-94.109316, 45.299247], [-94.109096, 45.298488], [-94.109061, 45.298416], [-94.108974, 45.298381], [-94.108751, 45.298311], [-94.108597, 45.298348], [-94.108462, 45.298398], [-94.10765, 45.298865], [-94.107548, 45.298938], [-94.107414, 45.299084], [-94.10662, 45.299551], [-94.105725, 45.300163], [-94.105216, 45.300361], [-94.105064, 45.300495], [-94.10493, 45.300629], [-94.104949, 45.300738], [-94.104984, 45.300786], [-94.105105, 45.300845], [-94.105243, 45.300892], [-94.105603, 45.300925], [-94.106739, 45.3013], [-94.106979, 45.301334], [-94.107357, 45.301335], [-94.108263, 45.301358], [-94.108777, 45.301401], [-94.108966, 45.301435], [-94.109189, 45.301505], [-94.109415, 45.301696], [-94.10968, 45.302116], [-94.10974, 45.30255], [-94.109624, 45.302745], [-94.109352, 45.302808], [-94.109216, 45.302857], [-94.109032, 45.303088], [-94.108999, 45.303161], [-94.109001, 45.303246], [-94.108987, 45.303391], [-94.109043, 45.303644], [-94.109044, 45.303704], [-94.109311, 45.304233], [-94.109313, 45.304329], [-94.109424, 45.304787], [-94.109444, 45.304931], [-94.109203, 45.305694], [-94.109153, 45.305779], [-94.108957, 45.306276], [-94.10891, 45.306482], [-94.109015, 45.306626], [-94.109221, 45.306648], [-94.110659, 45.305837], [-94.111976, 45.304943], [-94.112277, 45.304578], [-94.112203, 45.304265], [-94.112131, 45.304097], [-94.111811, 45.30389], [-94.111284, 45.303658], [-94.111057, 45.303419], [-94.110949, 45.303142], [-94.110979, 45.302949], [-94.11106, 45.302682], [-94.111159, 45.302512], [-94.11124, 45.302306], [-94.111351, 45.301701], [-94.111325, 45.3014], [-94.111307, 45.301328], [-94.111217, 45.301124], [-94.111164, 45.30104], [-94.111077, 45.300944], [-94.110729, 45.300645], [-94.109966, 45.300098], [-94.109527, 45.299646], [-94.109403, 45.299419]]]}}, {"type": "Feature", "properties": {"depth_ft": 30.0, "lake": "Clearwater", "dow": "86025201"}, "geometry": {"type": "Polygon", "coordinates": [[[-94.109593, 45.300113], [-94.109502, 45.300018], [-94.109396, 45.29985], [-94.109021, 45.299008], [-94.108934, 45.298925], [-94.108829, 45.298841], [-94.108691, 45.298782], [-94.108503, 45.298748], [-94.10806, 45.298861], [-94.107857, 45.298947], [-94.107738, 45.299021], [-94.107604, 45.299131], [-94.107302, 45.299447], [-94.107183, 45.299521], [-94.10683, 45.299838], [-94.106712, 45.299912], [-94.106289, 45.300121], [-94.105798, 45.300428], [-94.1057, 45.300634], [-94.10577, 45.300718], [-94.106391, 45.301014], [-94.106477, 45.301037], [-94.106615, 45.30106], [-94.106734, 45.301058], [-94.107515, 45.300737], [-94.107667, 45.300651], [-94.108379, 45.300306], [-94.108429, 45.300257], [-94.108531, 45.300184], [-94.108973, 45.300059], [-94.10911, 45.300082], [-94.109389, 45.30032], [-94.109514, 45.300621], [-94.109515, 45.300681], [-94.109659, 45.301054], [-94.109661, 45.301127], [-94.109789, 45.301536], [-94.109791, 45.301644], [-94.109904, 45.302211], [-94.109897, 45.302718], [-94.109816, 45.302936], [-94.109774, 45.303419], [-94.109528, 45.303977], [-94.109567, 45.304182], [-94.109658, 45.304495], [-94.109884, 45.304686], [-94.109937, 45.304758], [-94.110134, 45.305202], [-94.110137, 45.305347], [-94.110121, 45.305432], [-94.10992, 45.305627], [-94.109616, 45.305859], [-94.109687, 45.305955], [-94.110738, 45.305498], [-94.111076, 45.305278], [-94.111245, 45.305143], [-94.111478, 45.304815], [-94.111385, 45.304396], [-94.111228, 45.304097], [-94.111131, 45.303971], [-94.11105, 45.303914], [-94.110908, 45.303686], [-94.110837, 45.303518], [-94.110763, 45.303241], [-94.110761, 45.303144], [-94.110791, 45.302914], [-94.110886, 45.302551], [-94.110885, 45.302491], [-94.111081, 45.302042], [-94.111103, 45.301414], [-94.11059, 45.300876], [-94.110234, 45.300593], [-94.109706, 45.300211], [-94.109593, 45.300113]]]}}, {"type": "Feature", "properties": {"depth_ft": 20.0, "lake": "Clearwater", "dow": "86025201"}, "geometry": {"type": "Polygon", "coordinates": [[[-94.110971, 45.301977], [-94.110967, 45.301783], [-94.110965, 45.301663], [-94.110856, 45.301444], [-94.110778, 45.301338], [-94.110653, 45.301212], [-94.110536, 45.30106], [-94.11044, 45.30098], [-94.110325, 45.300935], [-94.110183, 45.300916], [-94.110088, 45.300924], [-94.109957, 45.301005], [-94.10995, 45.301099], [-94.109963, 45.301265], [-94.110022, 45.301398], [-94.110055, 45.301645], [-94.110077, 45.301799], [-94.110103, 45.302179], [-94.110089, 45.302393], [-94.110085, 45.302707], [-94.11007, 45.302887], [-94.11001, 45.303215], [-94.10995, 45.303523], [-94.109942, 45.303617], [-94.109906, 45.303701], [-94.109824, 45.303849], [-94.10977, 45.304003], [-94.109753, 45.304137], [-94.109775, 45.304277], [-94.10997, 45.304556], [-94.110067, 45.304695], [-94.110174, 45.304814], [-94.110318, 45.304926], [-94.110395, 45.304992], [-94.110425, 45.305052], [-94.110436, 45.305159], [-94.110438, 45.305246], [-94.110421, 45.305339], [-94.110422, 45.305373], [-94.110441, 45.305393], [-94.110498, 45.305392], [-94.110667, 45.305324], [-94.110863, 45.305188], [-94.110965, 45.30508], [-94.111114, 45.304945], [-94.111244, 45.304817], [-94.111299, 45.304716], [-94.111298, 45.304656], [-94.111295, 45.304489], [-94.111168, 45.304304], [-94.111051, 45.304138], [-94.110877, 45.303939], [-94.11074, 45.303727], [-94.110661, 45.303547], [-94.110616, 45.303214], [-94.11063, 45.30296], [-94.110672, 45.302699], [-94.110698, 45.302545], [-94.11077, 45.302346], [-94.110833, 45.302198], [-94.110926, 45.302077], [-94.110971, 45.301977]]]}}, {"type": "Feature", "properties": {"depth_ft": 15.0, "lake": "Clearwater", "dow": "86025201"}, "geometry": {"type": "Polygon", "coordinates": [[[-94.111051, 45.304617], [-94.111011, 45.304504], [-94.110884, 45.304318], [-94.110758, 45.304192], [-94.110642, 45.30404], [-94.110545, 45.30392], [-94.110504, 45.303781], [-94.110482, 45.30364], [-94.11046, 45.303467], [-94.110474, 45.30324], [-94.110499, 45.303026], [-94.110494, 45.302785], [-94.110556, 45.302578], [-94.110572, 45.302397], [-94.110626, 45.302257], [-94.11068, 45.302122], [-94.11077, 45.301888], [-94.110786, 45.301747], [-94.110708, 45.301615], [-94.110648, 45.301482], [-94.11058, 45.301412], [-94.110502, 45.301326], [-94.110397, 45.30126], [-94.110283, 45.301254], [-94.110208, 45.301275], [-94.110162, 45.301362], [-94.110174, 45.301496], [-94.110178, 45.301689], [-94.110181, 45.30185], [-94.110184, 45.301997], [-94.110207, 45.30223], [-94.110221, 45.302457], [-94.110188, 45.302711], [-94.110163, 45.302878], [-94.11013, 45.303131], [-94.110069, 45.303365], [-94.110045, 45.303593], [-94.109982, 45.303787], [-94.109967, 45.303994], [-94.10997, 45.304161], [-94.109973, 45.304315], [-94.110013, 45.304394], [-94.110158, 45.304547], [-94.11033, 45.304652], [-94.110427, 45.304724], [-94.110466, 45.304804], [-94.110497, 45.304917], [-94.110518, 45.305017], [-94.110576, 45.30509], [-94.110615, 45.305143], [-94.110663, 45.305163], [-94.110757, 45.305128], [-94.110821, 45.305028], [-94.110932, 45.3049], [-94.111035, 45.304812], [-94.111061, 45.304705], [-94.111051, 45.304617]]]}}, {"type": "Feature", "properties": {"depth_ft": 10.0, "lake": "Clearwater", "dow": "86025201"}, "geometry": {"type": "Polygon", "coordinates": [[[-94.110686, 45.304915], [-94.110532, 45.304792], [-94.110454, 45.304679], [-94.110309, 45.304514], [-94.110237, 45.304356], [-94.110234, 45.304175], [-94.110301, 45.304126], [-94.11038, 45.304092], [-94.110456, 45.304118], [-94.110687, 45.304263], [-94.110923, 45.304702], [-94.110915, 45.304809], [-94.110879, 45.304916], [-94.110804, 45.304943], [-94.110738, 45.304937], [-94.110686, 45.304915]]]}}, {"type": "Feature", "properties": {"depth_ft": 10.0, "lake": "Clearwater", "dow": "86025201"}, "geometry": {"type": "Polygon", "coordinates": [[[-94.110474, 45.30228], [-94.110445, 45.302368], [-94.110383, 45.302436], [-94.110333, 45.302423], [-94.1103, 45.302352], [-94.110285, 45.302242], [-94.110281, 45.302034], [-94.110272, 45.301892], [-94.110288, 45.301768], [-94.110299, 45.301666], [-94.110323, 45.301595], [-94.110366, 45.30155], [-94.110435, 45.301554], [-94.110505, 45.301593], [-94.110544, 45.301686], [-94.110553, 45.301805], [-94.110575, 45.301951], [-94.110564, 45.302053], [-94.110528, 45.302151], [-94.110505, 45.302235], [-94.110474, 45.30228]]]}}, {"type": "Feature", "properties": {"depth_ft": 50.0, "lake": "Clearwater", "dow": "86025201"}, "geometry": {"type": "Polygon", "coordinates": [[[-94.112564, 45.307039], [-94.112302, 45.30699], [-94.112096, 45.30688], [-94.111861, 45.306754], [-94.111771, 45.306601], [-94.111732, 45.306438], [-94.111708, 45.306325], [-94.111727, 45.306182], [-94.111796, 45.306017], [-94.111989, 45.305862], [-94.112161, 45.305722], [-94.112369, 45.305597], [-94.112671, 45.30542], [-94.112807, 45.305342], [-94.113087, 45.30516], [-94.113244, 45.305035], [-94.113402, 45.304936], [-94.113589, 45.304832], [-94.113754, 45.304718], [-94.113912, 45.304655], [-94.114035, 45.304628], [-94.114217, 45.304621], [-94.114392, 45.304691], [-94.114496, 45.304772], [-94.114578, 45.304904], [-94.11461, 45.305068], [-94.114614, 45.305247], [-94.11456, 45.305458], [-94.114499, 45.305663], [-94.114408, 45.305848], [-94.11428, 45.306008], [-94.114202, 45.306091], [-94.114145, 45.306168], [-94.114096, 45.306251], [-94.11402, 45.306436], [-94.113986, 45.306554], [-94.113888, 45.30675], [-94.113803, 45.306848], [-94.113739, 45.306915], [-94.113631, 45.306962], [-94.11345, 45.30699], [-94.113305, 45.307011], [-94.113087, 45.307024], [-94.112949, 45.307035], [-94.112775, 45.307052], [-94.112674, 45.307053], [-94.112564, 45.307039]]]}}, {"type": "Feature", "properties": {"depth_ft": 40.0, "lake": "Clearwater", "dow": "86025201"}, "geometry": {"type": "Polygon", "coordinates": [[[-94.112908, 45.306426], [-94.112841, 45.306304], [-94.112758, 45.306167], [-94.112734, 45.306034], [-94.112731, 45.305916], [-94.112772, 45.305752], [-94.112805, 45.305587], [-94.112896, 45.305418], [-94.112988, 45.305309], [-94.113145, 45.305179], [-94.113375, 45.305018], [-94.113561, 45.304904], [-94.113647, 45.304842], [-94.113784, 45.304774], [-94.113921, 45.304737], [-94.114081, 45.30472], [-94.11419, 45.304719], [-94.114329, 45.304784], [-94.114417, 45.304844], [-94.114478, 45.304987], [-94.11446, 45.305182], [-94.114441, 45.305336], [-94.114407, 45.305428], [-94.114273, 45.305655], [-94.114189, 45.305789], [-94.114076, 45.305944], [-94.114019, 45.306026], [-94.11392, 45.30614], [-94.113792, 45.30631], [-94.113628, 45.306465], [-94.113542, 45.306538], [-94.11339, 45.306555], [-94.113231, 45.306577], [-94.113012, 45.306523], [-94.112945, 45.306472], [-94.112908, 45.306426]]]}}, {"type": "Feature", "properties": {"depth_ft": 30.0, "lake": "Clearwater", "dow": "86025201"}, "geometry": {"type": "Polygon", "coordinates": [[[-94.113164, 45.306147], [-94.113018, 45.306072], [-94.11295, 45.305985], [-94.112925, 45.305786], [-94.11293, 45.305678], [-94.112963, 45.305524], [-94.113005, 45.305406], [-94.113076, 45.305329], [-94.113247, 45.305199], [-94.113448, 45.305064], [-94.11362, 45.30496], [-94.113764, 45.304887], [-94.113865, 45.304855], [-94.113974, 45.304818], [-94.11409, 45.304812], [-94.1142, 45.304893], [-94.11426, 45.304964], [-94.114312, 45.30505], [-94.114372, 45.305127], [-94.114382, 45.30526], [-94.114377, 45.305377], [-94.114307, 45.305506], [-94.114193, 45.305651], [-94.11408, 45.305805], [-94.114009, 45.305909], [-94.113931, 45.305971], [-94.113845, 45.306028], [-94.113737, 45.30609], [-94.113636, 45.306138], [-94.113499, 45.306195], [-94.113311, 45.306207], [-94.113238, 45.306182], [-94.113164, 45.306147]]]}}, {"type": "Feature", "properties": {"depth_ft": 20.0, "lake": "Clearwater", "dow": "86025201"}, "geometry": {"type": "Polygon", "coordinates": [[[-94.113654, 45.305943], [-94.11356, 45.305944], [-94.113429, 45.305919], [-94.113304, 45.305874], [-94.113172, 45.305804], [-94.113127, 45.305717], [-94.113117, 45.305595], [-94.1131, 45.305456], [-94.113163, 45.305343], [-94.11332, 45.305209], [-94.113449, 45.30512], [-94.113579, 45.305057], [-94.113708, 45.305005], [-94.113839, 45.304968], [-94.113955, 45.304962], [-94.114086, 45.304976], [-94.11421, 45.305021], [-94.114291, 45.305102], [-94.114301, 45.305194], [-94.114303, 45.305306], [-94.114247, 45.30543], [-94.114198, 45.305533], [-94.114106, 45.305626], [-94.114028, 45.305739], [-94.113993, 45.305796], [-94.113936, 45.305863], [-94.113872, 45.30592], [-94.113785, 45.305941], [-94.113654, 45.305943]]]}}, {"type": "Feature", "properties": {"depth_ft": 15.0, "lake": "Clearwater", "dow": "86025201"}, "geometry": {"type": "Polygon", "coordinates": [[[-94.1136, 45.305769], [-94.113469, 45.30574], [-94.113424, 45.305674], [-94.113407, 45.305546], [-94.113412, 45.305453], [-94.113454, 45.30534], [-94.113488, 45.305268], [-94.113524, 45.305212], [-94.113588, 45.305155], [-94.113703, 45.305092], [-94.113848, 45.30507], [-94.113935, 45.305059], [-94.114052, 45.305094], [-94.114112, 45.305196], [-94.114107, 45.305303], [-94.114087, 45.305437], [-94.114053, 45.30555], [-94.113968, 45.305653], [-94.113854, 45.305746], [-94.113782, 45.305773], [-94.113702, 45.305778], [-94.1136, 45.305769]]]}}, {"type": "Feature", "properties": {"depth_ft": 60.0, "lake": "Clearwater", "dow": "86025201"}, "geometry": {"type": "Polygon", "coordinates": [[[-94.115351, 45.304198], [-94.1153, 45.304254], [-94.115284, 45.304327], [-94.115287, 45.304472], [-94.115452, 45.305038], [-94.115378, 45.305606], [-94.115468, 45.305834], [-94.115556, 45.30599], [-94.115799, 45.306157], [-94.11592, 45.306216], [-94.116023, 45.306251], [-94.116161, 45.306286], [-94.116431, 45.306127], [-94.116423, 45.305716], [-94.116403, 45.305547], [-94.116365, 45.305367], [-94.116381, 45.305282], [-94.116378, 45.305161], [-94.11684, 45.304288], [-94.116715, 45.303999], [-94.116594, 45.303952], [-94.116405, 45.303906], [-94.115896, 45.303953], [-94.115566, 45.304049], [-94.115407, 45.304144], [-94.115351, 45.304198]]]}}, {"type": "Feature", "properties": {"depth_ft": 0.0, "lake": "Clearwater", "dow": "86025202"}, "geometry": {"type": "LineString", "coordinates": [[-94.12577, 45.301688], [-94.125771, 45.301724], [-94.125797, 45.301724], [-94.125848, 45.301602], [-94.125925, 45.30148], [-94.126002, 45.301368], [-94.126157, 45.301198], [-94.126261, 45.301113], [-94.126444, 45.30099], [-94.126601, 45.300896], [-94.126849, 45.300781], [-94.127032, 45.300677], [-94.127283, 45.300628], [-94.127361, 45.300562], [-94.12753, 45.300458], [-94.127964, 45.300342], [-94.128293, 45.300273], [-94.128531, 45.300261], [-94.128835, 45.300258], [-94.129179, 45.300302], [-94.129392, 45.300337], [-94.129828, 45.30037], [-94.13012, 45.300413], [-94.130346, 45.300458], [-94.130611, 45.30052], [-94.13085, 45.300574], [-94.131104, 45.300683], [-94.131463, 45.300801], [-94.131689, 45.300864], [-94.131995, 45.300954], [-94.132316, 45.301156], [-94.132529, 45.301219], [-94.132649, 45.301302], [-94.132769, 45.301366], [-94.132903, 45.301439], [-94.13301, 45.301475], [-94.133264, 45.301689], [-94.133544, 45.301808], [-94.133733, 45.301983], [-94.134015, 45.302213], [-94.134136, 45.302296], [-94.134309, 45.302387], [-94.134497, 45.302525], [-94.134551, 45.302571], [-94.13475, 45.302635], [-94.135028, 45.302632], [-94.135213, 45.302611], [-94.135424, 45.3026], [-94.135727, 45.302532], [-94.135792, 45.302503], [-94.135884, 45.302465], [-94.136043, 45.302491], [-94.136295, 45.302545], [-94.136429, 45.302627], [-94.136589, 45.302682], [-94.136722, 45.302736], [-94.136922, 45.302846], [-94.137043, 45.302919], [-94.137111, 45.303031], [-94.13722, 45.303197], [-94.137262, 45.303299], [-94.137384, 45.303447], [-94.137453, 45.303596], [-94.137535, 45.303735], [-94.137631, 45.303902], [-94.137699, 45.304022], [-94.137834, 45.304123], [-94.137941, 45.304215], [-94.138141, 45.304279], [-94.138287, 45.304314], [-94.138578, 45.304321], [-94.13875, 45.304319], [-94.138961, 45.304298], [-94.139106, 45.304269], [-94.139277, 45.304239], [-94.139409, 45.304219], [-94.139581, 45.304236], [-94.139753, 45.304235], [-94.139952, 45.30427], [-94.140123, 45.304259], [-94.140228, 45.30423], [-94.140241, 45.304183], [-94.140304, 45.304071], [-94.140343, 45.303996], [-94.140353, 45.303856], [-94.140378, 45.30379], [-94.140285, 45.303735], [-94.140192, 45.303718], [-94.140099, 45.303728], [-94.139966, 45.303683], [-94.139754, 45.303666], [-94.139568, 45.303603], [-94.139435, 45.303557], [-94.139262, 45.303475], [-94.139155, 45.30342], [-94.139009, 45.303394], [-94.138861, 45.303302], [-94.138659, 45.303099], [-94.138577, 45.302969], [-94.138561, 45.30283], [-94.138493, 45.302719], [-94.138398, 45.302608], [-94.138344, 45.302524], [-94.138395, 45.302449], [-94.13846, 45.302411], [-94.138407, 45.302384], [-94.13834, 45.302366], [-94.138326, 45.302329], [-94.138364, 45.302207], [-94.138442, 45.302132], [-94.138521, 45.302131], [-94.138601, 45.302186], [-94.138682, 45.302269], [-94.138736, 45.302325], [-94.138763, 45.302352], [-94.138828, 45.302305], [-94.13888, 45.302249], [-94.138933, 45.302229], [-94.138984, 45.302182], [-94.138957, 45.302127], [-94.138863, 45.302081], [-94.138744, 45.302073], [-94.138625, 45.302046], [-94.138597, 45.302], [-94.138649, 45.301943], [-94.138795, 45.301942], [-94.13902, 45.301977], [-94.139206, 45.302003], [-94.139313, 45.302077], [-94.139422, 45.302253], [-94.139558, 45.302428], [-94.139706, 45.302557], [-94.139841, 45.302696], [-94.140001, 45.302769], [-94.140147, 45.302833], [-94.140307, 45.302887], [-94.140454, 45.302941], [-94.14052, 45.302941], [-94.140679, 45.302995], [-94.140745, 45.302976], [-94.140797, 45.302938], [-94.140822, 45.302863], [-94.140716, 45.302845], [-94.140584, 45.302837], [-94.140623, 45.3028], [-94.140702, 45.30278], [-94.140754, 45.302771], [-94.140914, 45.302816], [-94.140981, 45.302852], [-94.141073, 45.302851], [-94.141114, 45.302925], [-94.141141, 45.302962], [-94.1413, 45.302942], [-94.141405, 45.302941], [-94.141472, 45.302987], [-94.141579, 45.303033], [-94.141778, 45.303068], [-94.141844, 45.303086], [-94.141885, 45.303132], [-94.142031, 45.303177], [-94.142177, 45.303166], [-94.142388, 45.303164], [-94.142547, 45.303191], [-94.14268, 45.303236], [-94.14276, 45.303282], [-94.142669, 45.303348], [-94.142737, 45.303422], [-94.142857, 45.303467], [-94.142963, 45.303475], [-94.143095, 45.303474], [-94.143293, 45.303463], [-94.1434, 45.303508], [-94.143507, 45.303601], [-94.143667, 45.303683], [-94.143881, 45.303774], [-94.144014, 45.303838], [-94.144123, 45.303967], [-94.144205, 45.304134], [-94.144315, 45.304357], [-94.144332, 45.304506], [-94.144413, 45.304607], [-94.144455, 45.304728], [-94.14447, 45.304793], [-94.144485, 45.304924], [-94.14458, 45.305007], [-94.144649, 45.305174], [-94.144533, 45.305305], [-94.144468, 45.305362], [-94.144403, 45.305446], [-94.144312, 45.305522], [-94.144353, 45.305568], [-94.144432, 45.305657], [-94.144577, 45.305665], [-94.14475, 45.305738], [-94.145003, 45.305819], [-94.145243, 45.305929], [-94.145496, 45.305982], [-94.145932, 45.306006], [-94.14621, 45.306012], [-94.14654, 45.305981], [-94.146751, 45.305969], [-94.14687, 45.305978], [-94.147134, 45.305928], [-94.147371, 45.305889], [-94.147648, 45.305867], [-94.147898, 45.305837], [-94.148373, 45.305748], [-94.14861, 45.305708], [-94.148859, 45.305641], [-94.14907, 45.305601], [-94.149267, 45.305525], [-94.149306, 45.305496], [-94.149317, 45.305384], [-94.149356, 45.305337], [-94.149394, 45.305281], [-94.149433, 45.305225], [-94.149312, 45.305151], [-94.149246, 45.305133], [-94.149074, 45.305135], [-94.14885, 45.305184], [-94.148626, 45.305214], [-94.148322, 45.305189], [-94.148043, 45.305136], [-94.147871, 45.305138], [-94.147779, 45.305176], [-94.14778, 45.305213], [-94.147436, 45.305208], [-94.147185, 45.30521], [-94.146974, 45.305212], [-94.146723, 45.305215], [-94.146472, 45.305227], [-94.1463, 45.305238], [-94.146168, 45.305239], [-94.146075, 45.305221], [-94.146047, 45.305138], [-94.14602, 45.30511], [-94.145913, 45.305064], [-94.145741, 45.305038], [-94.145647, 45.304955], [-94.145605, 45.304835], [-94.145602, 45.304685], [-94.145758, 45.304572], [-94.145942, 45.304533], [-94.146021, 45.304495], [-94.146019, 45.304411], [-94.146029, 45.304271], [-94.146148, 45.30426], [-94.146201, 45.30426], [-94.146282, 45.304334], [-94.14631, 45.304436], [-94.146417, 45.304481], [-94.146708, 45.304488], [-94.146945, 45.304458], [-94.14721, 45.304464], [-94.147474, 45.304471], [-94.147699, 45.304469], [-94.148044, 45.30454], [-94.148204, 45.304603], [-94.148351, 45.304676], [-94.14851, 45.304703], [-94.148748, 45.304682], [-94.148933, 45.304699], [-94.149238, 45.304761], [-94.149306, 45.304825], [-94.14936, 45.30489], [-94.149479, 45.304879], [-94.149518, 45.304879], [-94.149585, 45.304925], [-94.149665, 45.304943], [-94.149717, 45.304905], [-94.149756, 45.304858], [-94.149861, 45.304848], [-94.149968, 45.304903], [-94.150127, 45.304929], [-94.150366, 45.304982], [-94.150711, 45.305007], [-94.150936, 45.305061], [-94.15112, 45.305003], [-94.151279, 45.30501], [-94.151504, 45.305008], [-94.151766, 45.304922], [-94.151935, 45.304789], [-94.152118, 45.304685], [-94.152276, 45.304618], [-94.152445, 45.304477], [-94.152629, 45.304419], [-94.152786, 45.30438], [-94.152985, 45.304415], [-94.153171, 45.304432], [-94.153302, 45.304403], [-94.153449, 45.304439], [-94.153607, 45.304428], [-94.153739, 45.304417], [-94.153937, 45.304387], [-94.154082, 45.304395], [-94.154281, 45.304402], [-94.154452, 45.304363], [-94.154569, 45.304306], [-94.154556, 45.304278], [-94.154529, 45.30426], [-94.154567, 45.304204], [-94.154673, 45.304203], [-94.154791, 45.304155], [-94.154868, 45.304051], [-94.15488, 45.303986], [-94.154918, 45.303902], [-94.154971, 45.303911], [-94.155011, 45.303938], [-94.15496, 45.304004], [-94.154895, 45.304079], [-94.154857, 45.304154], [-94.154818, 45.304201], [-94.154846, 45.304257], [-94.154912, 45.304275], [-94.155046, 45.304348], [-94.15522, 45.30443], [-94.155313, 45.304448], [-94.15538, 45.304503], [-94.155473, 45.304521], [-94.155565, 45.30452], [-94.155644, 45.3045], [-94.15574, 45.304406], [-94.155883, 45.304283], [-94.156053, 45.304198], [-94.156262, 45.304084], [-94.156445, 45.303979], [-94.156628, 45.303875], [-94.156784, 45.30378], [-94.156888, 45.303695], [-94.157047, 45.303675], [-94.157179, 45.303692], [-94.157194, 45.303785], [-94.157209, 45.303878], [-94.157091, 45.303917], [-94.156973, 45.303974], [-94.156856, 45.304059], [-94.156713, 45.304154], [-94.156582, 45.304239], [-94.156425, 45.304315], [-94.156308, 45.304382], [-94.15619, 45.304457], [-94.156099, 45.304523], [-94.155981, 45.304553], [-94.155942, 45.3046], [-94.155943, 45.304646], [-94.155984, 45.304739], [-94.156025, 45.304804], [-94.156053, 45.304869], [-94.156093, 45.304906], [-94.156147, 45.304924], [-94.156292, 45.304904], [-94.156357, 45.304856], [-94.156382, 45.3048], [-94.156514, 45.304762], [-94.156646, 45.30476], [-94.156752, 45.304787], [-94.156898, 45.304814], [-94.15703, 45.304812], [-94.157097, 45.30484], [-94.157178, 45.304941], [-94.157271, 45.304968], [-94.157364, 45.304967], [-94.157522, 45.304947], [-94.157547, 45.304882], [-94.157599, 45.304844], [-94.157598, 45.304779], [-94.157597, 45.304723], [-94.157649, 45.304676], [-94.157755, 45.304712], [-94.157796, 45.304786], [-94.157732, 45.304898], [-94.157721, 45.30501], [-94.15771, 45.305094], [-94.157711, 45.305169], [-94.1577, 45.305272], [-94.157675, 45.305309], [-94.157662, 45.305356], [-94.157716, 45.305402], [-94.157796, 45.305448], [-94.157917, 45.305502], [-94.158075, 45.305501], [-94.158142, 45.305519], [-94.158236, 45.305592], [-94.158316, 45.305666], [-94.158518, 45.305832], [-94.158598, 45.305868], [-94.158757, 45.305885], [-94.158836, 45.305885], [-94.158943, 45.305902], [-94.158957, 45.305939], [-94.158905, 45.305986], [-94.15884, 45.306043], [-94.158788, 45.30609], [-94.158736, 45.306156], [-94.158657, 45.306157], [-94.158591, 45.306176], [-94.1585, 45.306242], [-94.158397, 45.306355], [-94.158358, 45.306402], [-94.158293, 45.306459], [-94.158215, 45.306525], [-94.15819, 45.306581], [-94.158217, 45.306646], [-94.158258, 45.306711], [-94.158312, 45.306747], [-94.158366, 45.306803], [-94.158419, 45.30683], [-94.1585, 45.306867], [-94.158632, 45.306856], [-94.158685, 45.306883], [-94.158699, 45.306939], [-94.158714, 45.307004], [-94.158688, 45.307051], [-94.15861, 45.307089], [-94.158504, 45.30709], [-94.158373, 45.307129], [-94.158321, 45.307185], [-94.158282, 45.307242], [-94.158257, 45.307289], [-94.158178, 45.307327], [-94.158086, 45.307337], [-94.158073, 45.307318], [-94.158072, 45.307272], [-94.157979, 45.307254], [-94.157834, 45.307274], [-94.157768, 45.307312], [-94.157717, 45.307397], [-94.157692, 45.307443], [-94.157573, 45.307454], [-94.157481, 45.307483], [-94.157455, 45.307511], [-94.157457, 45.307595], [-94.157471, 45.307651], [-94.157512, 45.307706], [-94.157474, 45.307772], [-94.157395, 45.307819], [-94.157237, 45.307858], [-94.156974, 45.307926], [-94.156869, 45.307946], [-94.156803, 45.307946], [-94.156698, 45.308003], [-94.156607, 45.308042], [-94.156595, 45.308126], [-94.156597, 45.3082], [-94.156546, 45.308294], [-94.156521, 45.308378], [-94.156482, 45.308416], [-94.156445, 45.308565], [-94.15642, 45.308621], [-94.156367, 45.30873], [-94.156355, 45.308796], [-94.156308, 45.308834], [-94.156232, 45.308984], [-94.156089, 45.309144], [-94.156065, 45.309219], [-94.156026, 45.309266], [-94.156053, 45.309312], [-94.156212, 45.309329], [-94.156305, 45.309328], [-94.156503, 45.309335], [-94.156663, 45.30938], [-94.156837, 45.30949], [-94.156906, 45.309629], [-94.156987, 45.30975], [-94.15703, 45.309871], [-94.157033, 45.310029], [-94.156971, 45.310225], [-94.156973, 45.310346], [-94.156951, 45.310533], [-94.156954, 45.31071], [-94.157011, 45.310924], [-94.15708, 45.311072], [-94.157136, 45.311212], [-94.157218, 45.311332], [-94.157325, 45.311415], [-94.157406, 45.311489], [-94.157436, 45.311628], [-94.157454, 45.311889], [-94.157511, 45.312065], [-94.157565, 45.312149], [-94.157537, 45.312289], [-94.157503, 45.312559], [-94.15748, 45.312737], [-94.157418, 45.312924], [-94.157368, 45.313073], [-94.157318, 45.313251], [-94.157151, 45.313458], [-94.157035, 45.313599], [-94.156905, 45.313721], [-94.156776, 45.313862], [-94.156632, 45.313947], [-94.156463, 45.314098], [-94.156359, 45.314165], [-94.156293, 45.314203], [-94.156177, 45.314334], [-94.15606, 45.314447], [-94.155787, 45.314655], [-94.155578, 45.314769], [-94.155447, 45.314864], [-94.155251, 45.314968], [-94.155081, 45.315063], [-94.154885, 45.315158], [-94.154702, 45.315244], [-94.154584, 45.315292], [-94.154412, 45.315321], [-94.154241, 45.31536], [-94.154057, 45.315428], [-94.153913, 45.315485], [-94.153834, 45.315514], [-94.153755, 45.315515], [-94.153649, 45.315497], [-94.153505, 45.315564], [-94.15348, 45.315657], [-94.153441, 45.315695], [-94.153376, 45.315705], [-94.153244, 45.315743], [-94.15314, 45.3158], [-94.153035, 45.315885], [-94.15293, 45.315924], [-94.152772, 45.315935], [-94.152521, 45.315956], [-94.15239, 45.315985], [-94.152166, 45.316025], [-94.152074, 45.316044], [-94.152021, 45.316054], [-94.151916, 45.316083], [-94.151851, 45.31613], [-94.151786, 45.316187], [-94.151654, 45.316225], [-94.151536, 45.316273], [-94.151351, 45.316294], [-94.151259, 45.316295], [-94.151218, 45.316239], [-94.151152, 45.31624], [-94.151046, 45.316241], [-94.150902, 45.316298], [-94.150811, 45.316355], [-94.150812, 45.31643], [-94.150787, 45.316495], [-94.150682, 45.316552], [-94.150498, 45.31661], [-94.150381, 45.316667], [-94.150249, 45.316715], [-94.150118, 45.316744], [-94.149986, 45.316764], [-94.149907, 45.316784], [-94.149802, 45.316841], [-94.149725, 45.316935], [-94.149661, 45.317038], [-94.14961, 45.317122], [-94.149446, 45.317294], [-94.149302, 45.317407], [-94.149107, 45.317549], [-94.148911, 45.317663], [-94.148742, 45.317795], [-94.148637, 45.317843], [-94.148533, 45.317918], [-94.148467, 45.317919], [-94.148346, 45.317836], [-94.148305, 45.317762], [-94.148355, 45.31765], [-94.148485, 45.317527], [-94.148721, 45.317413], [-94.148813, 45.317375], [-94.148943, 45.31729], [-94.149034, 45.317214], [-94.149164, 45.31711], [-94.149201, 45.316952], [-94.149278, 45.316867], [-94.149369, 45.316754], [-94.149434, 45.316698], [-94.149446, 45.316651], [-94.149392, 45.316624], [-94.149353, 45.316624], [-94.149287, 45.316625], [-94.149285, 45.316569], [-94.149206, 45.316551], [-94.149167, 45.316589], [-94.149074, 45.316571], [-94.14906, 45.316552], [-94.149087, 45.316543], [-94.149019, 45.316469], [-94.148979, 45.316432], [-94.148925, 45.316405], [-94.148872, 45.316377], [-94.148897, 45.31634], [-94.148883, 45.316274], [-94.148816, 45.316238], [-94.148736, 45.316211], [-94.148708, 45.316146], [-94.148629, 45.316147], [-94.148537, 45.316185], [-94.148432, 45.316186], [-94.148326, 45.316196], [-94.148274, 45.316215], [-94.148259, 45.316141], [-94.148311, 45.316094], [-94.148323, 45.316047], [-94.148283, 45.31601], [-94.148124, 45.316012], [-94.148084, 45.315975], [-94.147938, 45.315976], [-94.147899, 45.315995], [-94.147754, 45.316016], [-94.147688, 45.316026], [-94.147596, 45.316073], [-94.147597, 45.316101], [-94.147558, 45.316148], [-94.147573, 45.316213], [-94.147614, 45.316278], [-94.147641, 45.316324], [-94.147603, 45.316418], [-94.147591, 45.316474], [-94.147473, 45.316503], [-94.147328, 45.316551], [-94.14725, 45.316608], [-94.147184, 45.316608], [-94.147052, 45.316591], [-94.146985, 45.316592], [-94.14688, 45.316621], [-94.146749, 45.31665], [-94.146591, 45.31668], [-94.146498, 45.316671], [-94.146378, 45.316635], [-94.146179, 45.316609], [-94.146113, 45.316601], [-94.146033, 45.316564], [-94.145955, 45.316611], [-94.145876, 45.31664], [-94.145758, 45.316688], [-94.145693, 45.316754], [-94.145603, 45.316867], [-94.145564, 45.316914], [-94.145526, 45.316998], [-94.145527, 45.317054], [-94.145516, 45.317156], [-94.145517, 45.317203], [-94.14557, 45.31723], [-94.145611, 45.317286], [-94.145626, 45.31736], [-94.145679, 45.317388], [-94.145719, 45.317397], [-94.145748, 45.317527], [-94.145697, 45.317611], [-94.145671, 45.317612], [-94.145578, 45.317585], [-94.145498, 45.317576], [-94.145445, 45.317549], [-94.145379, 45.317596], [-94.145327, 45.317606], [-94.145261, 45.317644], [-94.145223, 45.317719], [-94.145184, 45.317756], [-94.14508, 45.317813], [-94.145042, 45.317907], [-94.145042, 45.317926], [-94.145096, 45.317944], [-94.145189, 45.317989], [-94.145216, 45.318036], [-94.145165, 45.318092], [-94.145126, 45.31813], [-94.1451, 45.318158], [-94.145047, 45.318149], [-94.144941, 45.31816], [-94.144876, 45.318188], [-94.144796, 45.318161], [-94.144808, 45.318124], [-94.144689, 45.318088], [-94.14457, 45.318089], [-94.144398, 45.318081], [-94.144292, 45.318091], [-94.144253, 45.318129], [-94.144188, 45.318195], [-94.14407, 45.318252], [-94.143939, 45.318291], [-94.143808, 45.318329], [-94.143716, 45.318377], [-94.143651, 45.318443], [-94.143559, 45.318472], [-94.143455, 45.318538], [-94.143443, 45.318603], [-94.143444, 45.31865], [-94.143442, 45.318733], [-94.143443, 45.318808], [-94.143378, 45.318864], [-94.143353, 45.318911], [-94.14338, 45.318976], [-94.143487, 45.319031], [-94.143593, 45.319049], [-94.143738, 45.319029], [-94.14379, 45.318982], [-94.143841, 45.318888], [-94.143854, 45.31886], [-94.143947, 45.318868], [-94.144041, 45.318932], [-94.144108, 45.318997], [-94.144149, 45.31909], [-94.144166, 45.319229], [-94.144167, 45.319285], [-94.144088, 45.319342], [-94.144036, 45.319389], [-94.143959, 45.319474], [-94.14396, 45.31953], [-94.143974, 45.319586], [-94.144015, 45.319632], [-94.144096, 45.319696], [-94.144083, 45.319752], [-94.144019, 45.319837], [-94.143875, 45.319894], [-94.143809, 45.319932], [-94.143784, 45.319979], [-94.143812, 45.320053], [-94.14384, 45.320118], [-94.143855, 45.320211], [-94.14387, 45.320314], [-94.143925, 45.320425], [-94.143926, 45.320462], [-94.143953, 45.320508], [-94.143942, 45.320583], [-94.143903, 45.320639], [-94.143891, 45.320696], [-94.143879, 45.320752], [-94.143827, 45.320789], [-94.143841, 45.320836], [-94.143921, 45.320863], [-94.143948, 45.320919], [-94.143923, 45.320993], [-94.143858, 45.321031], [-94.143806, 45.321088], [-94.143755, 45.321172], [-94.14365, 45.32122], [-94.143518, 45.321231], [-94.143426, 45.32125], [-94.14336, 45.32126], [-94.143281, 45.32128], [-94.143215, 45.321299], [-94.14311, 45.321319], [-94.143031, 45.321347], [-94.14298, 45.321432], [-94.142995, 45.321506], [-94.143101, 45.321524], [-94.14323, 45.32154], [-94.143394, 45.321558], [-94.143487, 45.321598], [-94.143645, 45.321666], [-94.143759, 45.321675], [-94.143896, 45.321713], [-94.144087, 45.321686], [-94.144278, 45.321639], [-94.144383, 45.321553], [-94.144523, 45.321446], [-94.144701, 45.321419], [-94.144878, 45.321387], [-94.144937, 45.321482], [-94.144903, 45.321577], [-94.144961, 45.321617], [-94.14523, 45.321589], [-94.145401, 45.321572], [-94.145626, 45.321475], [-94.1461, 45.321325], [-94.146343, 45.321398], [-94.146546, 45.321612], [-94.146995, 45.321628], [-94.147183, 45.321775], [-94.146981, 45.321974], [-94.146645, 45.322273], [-94.1463, 45.322432], [-94.146308, 45.322497], [-94.146589, 45.322665], [-94.146689, 45.322674], [-94.147157, 45.322522], [-94.147406, 45.322408], [-94.147604, 45.322359], [-94.147735, 45.322321], [-94.147802, 45.322357], [-94.147829, 45.322394], [-94.147803, 45.322432], [-94.14758, 45.322499], [-94.147409, 45.322557], [-94.147134, 45.322681], [-94.146859, 45.322814], [-94.146728, 45.322881], [-94.146649, 45.322891], [-94.146528, 45.322799], [-94.146408, 45.322726], [-94.146327, 45.32267], [-94.146234, 45.322625], [-94.146154, 45.322607], [-94.146088, 45.322617], [-94.146023, 45.322655], [-94.145971, 45.322702], [-94.145919, 45.322768], [-94.145907, 45.322833], [-94.145975, 45.322898], [-94.146041, 45.322897], [-94.146068, 45.322925], [-94.146122, 45.32298], [-94.146123, 45.323027], [-94.146152, 45.323157], [-94.146153, 45.323213], [-94.146154, 45.32325], [-94.146048, 45.323223], [-94.145955, 45.323233], [-94.14585, 45.323253], [-94.145757, 45.323263], [-94.145612, 45.323274], [-94.145586, 45.323284], [-94.145587, 45.323321], [-94.145601, 45.323395], [-94.14555, 45.32348], [-94.145538, 45.323508], [-94.145498, 45.323536], [-94.145487, 45.32363], [-94.145395, 45.323658], [-94.145354, 45.323594], [-94.145287, 45.323538], [-94.145338, 45.323463], [-94.145349, 45.323361], [-94.145294, 45.323231], [-94.145213, 45.323166], [-94.145042, 45.323177], [-94.144976, 45.323197], [-94.144857, 45.323216], [-94.144753, 45.323273], [-94.144596, 45.32335], [-94.144518, 45.323416], [-94.144427, 45.3235], [-94.144388, 45.323538], [-94.144335, 45.323567], [-94.144337, 45.323622], [-94.144338, 45.323688], [-94.144353, 45.323762], [-94.144394, 45.323864], [-94.144422, 45.323901], [-94.144528, 45.323947], [-94.144848, 45.324055], [-94.145021, 45.324138], [-94.14526, 45.324191], [-94.145367, 45.324237], [-94.1455, 45.324254], [-94.145592, 45.324234], [-94.14579, 45.324242], [-94.145897, 45.324269], [-94.145963, 45.324287], [-94.146004, 45.324342], [-94.145954, 45.324464], [-94.145941, 45.32451], [-94.145836, 45.324521], [-94.145729, 45.324494], [-94.145583, 45.324458], [-94.14545, 45.324422], [-94.145331, 45.324395], [-94.145343, 45.324349], [-94.145276, 45.324293], [-94.145103, 45.324239], [-94.144903, 45.324185], [-94.144703, 45.324113], [-94.144597, 45.324077], [-94.144531, 45.324068], [-94.144451, 45.324069], [-94.144398, 45.32406], [-94.144386, 45.324125], [-94.144456, 45.324283], [-94.144509, 45.32432], [-94.144683, 45.324402], [-94.144581, 45.32445], [-94.144396, 45.324461], [-94.144265, 45.324519], [-94.144214, 45.324603], [-94.144149, 45.324669], [-94.144084, 45.324726], [-94.143965, 45.324745], [-94.143912, 45.324718], [-94.143793, 45.324728], [-94.143689, 45.324785], [-94.14361, 45.324833], [-94.143531, 45.324862], [-94.143452, 45.324881], [-94.143386, 45.324844], [-94.143267, 45.324883], [-94.143189, 45.32494], [-94.143137, 45.324959], [-94.143045, 45.325016], [-94.142979, 45.325035], [-94.142927, 45.325063], [-94.142901, 45.325092], [-94.142981, 45.325109], [-94.143101, 45.325155], [-94.143207, 45.325172], [-94.143326, 45.325171], [-94.143432, 45.325198], [-94.143499, 45.325235], [-94.143527, 45.325309], [-94.143528, 45.325356], [-94.143436, 45.325357], [-94.143329, 45.325311], [-94.143183, 45.325312], [-94.143038, 45.325314], [-94.142946, 45.325324], [-94.142867, 45.325334], [-94.142827, 45.325353], [-94.142789, 45.32541], [-94.142804, 45.325493], [-94.142805, 45.32554], [-94.142871, 45.325577], [-94.142912, 45.325613], [-94.14307, 45.325612], [-94.143348, 45.325581], [-94.143493, 45.325598], [-94.143481, 45.325664], [-94.143417, 45.325739], [-94.143365, 45.325777], [-94.143339, 45.325824], [-94.14338, 45.325879], [-94.143487, 45.325934], [-94.143515, 45.325999], [-94.143516, 45.326073], [-94.14353, 45.32612], [-94.143466, 45.326195], [-94.143374, 45.326233], [-94.143348, 45.32628], [-94.143255, 45.326225], [-94.143227, 45.326179], [-94.143173, 45.326105], [-94.143119, 45.326068], [-94.142974, 45.326079], [-94.142828, 45.326052], [-94.142761, 45.325988], [-94.142759, 45.325923], [-94.142797, 45.325838], [-94.142795, 45.325708], [-94.142767, 45.325643], [-94.142713, 45.325587], [-94.14262, 45.325551], [-94.142644, 45.325439], [-94.142721, 45.325336], [-94.142718, 45.325187], [-94.142703, 45.325094], [-94.142662, 45.325029], [-94.142687, 45.324935], [-94.142752, 45.324888], [-94.142777, 45.32485], [-94.142749, 45.324739], [-94.14276, 45.324655], [-94.142799, 45.324599], [-94.142851, 45.324542], [-94.142835, 45.32444], [-94.142807, 45.324365], [-94.142873, 45.324337], [-94.142845, 45.324281], [-94.142791, 45.324189], [-94.142723, 45.324115], [-94.142642, 45.324032], [-94.14255, 45.324042], [-94.142484, 45.324052], [-94.142403, 45.323987], [-94.142455, 45.323922], [-94.1424, 45.323857], [-94.142293, 45.323793], [-94.142227, 45.323765], [-94.142145, 45.323664], [-94.142078, 45.323599], [-94.14201, 45.323535], [-94.141931, 45.323535], [-94.141864, 45.32348], [-94.141942, 45.323423], [-94.141953, 45.32333], [-94.141847, 45.323313], [-94.141782, 45.323332], [-94.141663, 45.323333], [-94.141557, 45.323334], [-94.141411, 45.323326], [-94.141252, 45.323291], [-94.141147, 45.32332], [-94.141109, 45.323394], [-94.14111, 45.323478], [-94.140963, 45.323493], [-94.140718, 45.323475], [-94.140631, 45.32352], [-94.140465, 45.323533], [-94.140418, 45.32363], [-94.14014, 45.323695], [-94.140113, 45.323778], [-94.139981, 45.323786], [-94.139791, 45.323784], [-94.139777, 45.323867], [-94.139451, 45.323919], [-94.139205, 45.323936], [-94.139048, 45.324012], [-94.138982, 45.324059], [-94.138811, 45.324089], [-94.138587, 45.3241], [-94.138296, 45.324122], [-94.138033, 45.324171], [-94.137716, 45.324193], [-94.137453, 45.324261], [-94.13674, 45.324352], [-94.136543, 45.324391], [-94.136253, 45.324431], [-94.136015, 45.324462], [-94.135817, 45.324463], [-94.135459, 45.32443], [-94.135023, 45.324453], [-94.134786, 45.324474], [-94.134495, 45.324495], [-94.134112, 45.324508], [-94.133861, 45.32453], [-94.133372, 45.324553], [-94.133003, 45.324594], [-94.132739, 45.324625], [-94.132435, 45.324628], [-94.132171, 45.32464], [-94.131946, 45.324632], [-94.131734, 45.324597], [-94.131509, 45.324609], [-94.131206, 45.324668], [-94.130915, 45.324671], [-94.130571, 45.324674], [-94.130188, 45.324659], [-94.129936, 45.324643], [-94.129672, 45.324655], [-94.129328, 45.32463], [-94.129182, 45.324613], [-94.128957, 45.324591], [-94.128745, 45.324565], [-94.128573, 45.324576], [-94.128375, 45.324578], [-94.128175, 45.324515], [-94.12803, 45.324517], [-94.127805, 45.3245], [-94.127606, 45.324484], [-94.127341, 45.324458], [-94.127023, 45.324415], [-94.126772, 45.324408], [-94.126494, 45.324392], [-94.126375, 45.324412], [-94.126176, 45.324404], [-94.125964, 45.324379], [-94.125792, 45.324352], [-94.125672, 45.324316], [-94.125527, 45.324308], [-94.125474, 45.324346], [-94.125355, 45.324338], [-94.125223, 45.324349], [-94.125145, 45.324387], [-94.125014, 45.324444], [-94.124749, 45.324446], [-94.124578, 45.324457], [-94.124405, 45.324441], [-94.124272, 45.324405], [-94.124193, 45.324415], [-94.124181, 45.324471], [-94.124129, 45.32449], [-94.124102, 45.324509], [-94.12417, 45.324564], [-94.124263, 45.3246], [-94.124448, 45.324599], [-94.124725, 45.324577], [-94.125123, 45.324611], [-94.125321, 45.324609], [-94.125507, 45.324635], [-94.12564, 45.324689], [-94.125734, 45.324772], [-94.125841, 45.324836], [-94.125987, 45.324872], [-94.12616, 45.324889], [-94.126187, 45.324917], [-94.126267, 45.324944], [-94.126453, 45.324989], [-94.126375, 45.325092], [-94.126428, 45.325101], [-94.126535, 45.325156], [-94.126694, 45.325182], [-94.126828, 45.325246], [-94.126961, 45.325301], [-94.127095, 45.325402], [-94.127203, 45.325513], [-94.127285, 45.325633], [-94.127327, 45.325754], [-94.127381, 45.325809], [-94.127567, 45.325854], [-94.127647, 45.325872], [-94.127741, 45.325927], [-94.127795, 45.32601], [-94.127797, 45.326113], [-94.127759, 45.326178], [-94.127839, 45.326243], [-94.127907, 45.326307], [-94.127988, 45.326409], [-94.12803, 45.326521], [-94.128112, 45.326669], [-94.128154, 45.326771], [-94.128183, 45.326883], [-94.128172, 45.326995], [-94.128133, 45.327051], [-94.128109, 45.327163], [-94.127979, 45.327267], [-94.127888, 45.327342], [-94.127823, 45.327389], [-94.127785, 45.327474], [-94.127786, 45.327548], [-94.127788, 45.327632], [-94.127869, 45.327734], [-94.12791, 45.327799], [-94.12799, 45.327835], [-94.128044, 45.327881], [-94.128032, 45.327965], [-94.128073, 45.32803], [-94.128166, 45.328057], [-94.128286, 45.328065], [-94.128378, 45.328055], [-94.128418, 45.328073], [-94.12838, 45.328158], [-94.128341, 45.328195], [-94.128317, 45.328326], [-94.128358, 45.328409], [-94.128307, 45.328466], [-94.128321, 45.328522], [-94.128362, 45.328577], [-94.12831, 45.328652], [-94.128245, 45.328699], [-94.128087, 45.32872], [-94.127996, 45.328795], [-94.12797, 45.328833], [-94.127918, 45.328889], [-94.127841, 45.329026], [-94.127789, 45.329073], [-94.12771, 45.329093], [-94.127564, 45.329075], [-94.127472, 45.329067], [-94.127431, 45.329012], [-94.127352, 45.329022], [-94.12734, 45.329078], [-94.127367, 45.329133], [-94.127315, 45.32918], [-94.127277, 45.329246], [-94.127252, 45.329312], [-94.127252, 45.329349], [-94.127293, 45.329376], [-94.127307, 45.329423], [-94.127228, 45.329452], [-94.127043, 45.329444], [-94.126934, 45.329315], [-94.126814, 45.329232], [-94.126668, 45.329215], [-94.126403, 45.329189], [-94.126297, 45.329163], [-94.126204, 45.329145], [-94.126044, 45.3291], [-94.125924, 45.329045], [-94.125778, 45.329028], [-94.125619, 45.328992], [-94.125565, 45.328937], [-94.125498, 45.328909], [-94.125392, 45.328873], [-94.12539, 45.32878], [-94.125402, 45.328724], [-94.12523, 45.328707], [-94.125082, 45.328615], [-94.124995, 45.32863], [-94.124938, 45.328654], [-94.124886, 45.328692], [-94.124794, 45.32873], [-94.124675, 45.32875], [-94.124543, 45.328779], [-94.124452, 45.328827], [-94.124426, 45.328864], [-94.124294, 45.328875], [-94.124162, 45.328895], [-94.12411, 45.328942], [-94.124058, 45.32898], [-94.123939, 45.32899], [-94.123648, 45.328974], [-94.123516, 45.328966], [-94.123344, 45.329005], [-94.123187, 45.329053], [-94.123029, 45.329092], [-94.122685, 45.329105], [-94.122461, 45.329135], [-94.122276, 45.329156], [-94.122026, 45.329186], [-94.121748, 45.329217], [-94.121432, 45.329248], [-94.121233, 45.32924], [-94.120875, 45.329207], [-94.120677, 45.32919], [-94.120411, 45.329137], [-94.120239, 45.329101], [-94.119987, 45.329075], [-94.119775, 45.329068], [-94.119576, 45.329033], [-94.119297, 45.32898], [-94.119098, 45.328916], [-94.118964, 45.328862], [-94.118712, 45.328799], [-94.118487, 45.328783], [-94.118195, 45.32873], [-94.117889, 45.328658], [-94.11773, 45.328632], [-94.117504, 45.328569], [-94.117398, 45.32857], [-94.117264, 45.328487], [-94.117132, 45.32846], [-94.116998, 45.328406], [-94.116719, 45.328315], [-94.116598, 45.328223], [-94.116557, 45.328168], [-94.116528, 45.32801], [-94.116513, 45.327926], [-94.116366, 45.327853], [-94.116258, 45.327751], [-94.116217, 45.327686], [-94.116153, 45.327521], [-94.116123, 45.327335], [-94.116147, 45.327185], [-94.116171, 45.327045], [-94.116167, 45.326868], [-94.116165, 45.326766], [-94.116241, 45.326569], [-94.116239, 45.326467], [-94.116302, 45.326308], [-94.116326, 45.326205], [-94.116296, 45.326009], [-94.116318, 45.325786], [-94.116262, 45.325618], [-94.116244, 45.325395], [-94.116266, 45.325162], [-94.116342, 45.325002], [-94.116405, 45.324834], [-94.116557, 45.324506], [-94.11671, 45.324216], [-94.116814, 45.324103], [-94.11697, 45.32398], [-94.117125, 45.32382], [-94.117335, 45.323734], [-94.117427, 45.323668], [-94.117676, 45.323601], [-94.117954, 45.323579], [-94.118178, 45.323568], [-94.118324, 45.323566], [-94.118469, 45.323574], [-94.118587, 45.323517], [-94.118625, 45.323442], [-94.118661, 45.323255], [-94.118631, 45.323051], [-94.118576, 45.322939], [-94.118516, 45.322698], [-94.118368, 45.322523], [-94.118364, 45.322336], [-94.118255, 45.32216], [-94.118157, 45.3219], [-94.118088, 45.32177], [-94.117977, 45.321501], [-94.117949, 45.321408], [-94.11784, 45.321269], [-94.117702, 45.320973], [-94.11762, 45.320834], [-94.11747, 45.320583], [-94.117387, 45.320398], [-94.117251, 45.320194], [-94.117169, 45.320055], [-94.117059, 45.319842], [-94.116977, 45.319721], [-94.116921, 45.319554], [-94.116904, 45.319396], [-94.116925, 45.319079], [-94.116975, 45.318957], [-94.116985, 45.31878], [-94.116966, 45.318473], [-94.116936, 45.318314], [-94.116931, 45.318054], [-94.116915, 45.317868], [-94.116938, 45.317709], [-94.117015, 45.317578], [-94.117052, 45.317437], [-94.117098, 45.317129], [-94.1172, 45.316923], [-94.117289, 45.316717], [-94.117417, 45.316502], [-94.117545, 45.316295], [-94.117739, 45.316079], [-94.117882, 45.315947], [-94.118025, 45.315825], [-94.118221, 45.31573], [-94.118325, 45.315654], [-94.118493, 45.315447], [-94.118608, 45.315213], [-94.118669, 45.314998], [-94.118783, 45.314736], [-94.118871, 45.314512], [-94.118958, 45.314222], [-94.119098, 45.313931], [-94.119185, 45.313651], [-94.119392, 45.313416], [-94.119481, 45.313266], [-94.119707, 45.3129], [-94.119874, 45.312647], [-94.120068, 45.312422], [-94.120248, 45.312187], [-94.120495, 45.311942], [-94.120767, 45.311669], [-94.12095, 45.311555], [-94.121158, 45.311386], [-94.12142, 45.311243], [-94.121589, 45.31113], [-94.121824, 45.31096], [-94.121875, 45.310875], [-94.12207, 45.310687], [-94.122213, 45.310583], [-94.122471, 45.310273], [-94.122666, 45.310075], [-94.122794, 45.309897], [-94.123003, 45.309736], [-94.12308, 45.309661], [-94.123141, 45.309381], [-94.12327, 45.309212], [-94.123411, 45.309015], [-94.123566, 45.308817], [-94.123735, 45.308657], [-94.123863, 45.30847], [-94.123966, 45.30831], [-94.124159, 45.307937], [-94.124235, 45.307769], [-94.12431, 45.307563], [-94.1244, 45.307413], [-94.124488, 45.307188], [-94.124602, 45.306945], [-94.124743, 45.306711], [-94.124885, 45.306541], [-94.125027, 45.306372], [-94.125117, 45.30625], [-94.125208, 45.306175], [-94.125312, 45.30609], [-94.125377, 45.306024], [-94.125442, 45.305949], [-94.125467, 45.305874], [-94.125484, 45.305809]]}}, {"type": "Feature", "properties": {"depth_ft": 0.0, "lake": "Clearwater", "dow": "86025202"}, "geometry": {"type": "Polygon", "coordinates": [[[-94.126091, 45.304614], [-94.126135, 45.304345], [-94.126218, 45.304179], [-94.126265, 45.304057], [-94.12636, 45.303917], [-94.126406, 45.303743], [-94.12638, 45.303682], [-94.126439, 45.303534], [-94.126449, 45.303421], [-94.126397, 45.303274], [-94.126358, 45.303161], [-94.126355, 45.303031], [-94.126364, 45.302866], [-94.12641, 45.302709], [-94.126445, 45.302596], [-94.126443, 45.302491], [-94.126417, 45.30244], [-94.126369, 45.302475], [-94.126322, 45.302614], [-94.126311, 45.302693], [-94.126239, 45.302789], [-94.126143, 45.30292], [-94.126085, 45.30306], [-94.126123, 45.303129], [-94.1261, 45.30319], [-94.126078, 45.303346], [-94.126082, 45.303529], [-94.126109, 45.303659], [-94.126098, 45.303754], [-94.126076, 45.303868], [-94.12603, 45.304024], [-94.125994, 45.304094], [-94.125972, 45.304225], [-94.126011, 45.304329], [-94.126012, 45.304381], [-94.126026, 45.304441], [-94.12604, 45.304528], [-94.126066, 45.304589], [-94.126091, 45.304614]]]}}, {"type": "Feature", "properties": {"depth_ft": 0.0, "lake": "Clearwater", "dow": "86025202"}, "geometry": {"type": "Polygon", "coordinates": [[[-94.126881, 45.303477], [-94.126905, 45.303451], [-94.12683, 45.303391], [-94.126806, 45.303426], [-94.126795, 45.303452], [-94.126807, 45.303478], [-94.126832, 45.303487], [-94.126881, 45.303477]]]}}, {"type": "Feature", "properties": {"depth_ft": 0.0, "lake": "Clearwater", "dow": "86025202"}, "geometry": {"type": "Polygon", "coordinates": [[[-94.141869, 45.323258], [-94.14174, 45.323251], [-94.141616, 45.323213], [-94.141576, 45.323134], [-94.141541, 45.323079], [-94.141518, 45.323024], [-94.141478, 45.322989], [-94.141522, 45.322945], [-94.141538, 45.322906], [-94.141525, 45.322819], [-94.141506, 45.322737], [-94.14151, 45.322638], [-94.141542, 45.322586], [-94.141541, 45.322523], [-94.141467, 45.322477], [-94.141434, 45.322473], [-94.141389, 45.322481], [-94.141339, 45.322474], [-94.141327, 45.322435], [-94.141348, 45.322411], [-94.141399, 45.322402], [-94.141443, 45.322394], [-94.14146, 45.322413], [-94.141466, 45.322429], [-94.141489, 45.322433], [-94.1415, 45.322413], [-94.141505, 45.322377], [-94.141498, 45.322342], [-94.141453, 45.322311], [-94.141424, 45.322284], [-94.141434, 45.322224], [-94.141523, 45.322184], [-94.141589, 45.32214], [-94.141571, 45.322061], [-94.141531, 45.322034], [-94.141475, 45.322031], [-94.141486, 45.322007], [-94.14153, 45.321967], [-94.141546, 45.321919], [-94.141539, 45.32186], [-94.141606, 45.321836], [-94.141633, 45.3218], [-94.14166, 45.32178], [-94.141722, 45.32178], [-94.141772, 45.321783], [-94.141806, 45.321794], [-94.141829, 45.321822], [-94.141863, 45.321833], [-94.141907, 45.321801], [-94.141946, 45.321801], [-94.141986, 45.321808], [-94.142019, 45.32182], [-94.142086, 45.321804], [-94.142102, 45.321772], [-94.14213, 45.32176], [-94.142175, 45.321747], [-94.142219, 45.321711], [-94.142251, 45.321664], [-94.14229, 45.321644], [-94.142329, 45.321627], [-94.142452, 45.32163], [-94.142592, 45.321625], [-94.142642, 45.32162], [-94.142664, 45.321585], [-94.142691, 45.321553], [-94.142725, 45.32156], [-94.142754, 45.3216], [-94.142787, 45.321564], [-94.142779, 45.321469], [-94.142795, 45.321433], [-94.142823, 45.321413], [-94.142851, 45.321429], [-94.142863, 45.321468], [-94.142864, 45.3215], [-94.142881, 45.321523], [-94.142899, 45.321563], [-94.1429, 45.321618], [-94.142813, 45.321753], [-94.142758, 45.321824], [-94.142703, 45.321857], [-94.142658, 45.321861], [-94.142608, 45.321865], [-94.142558, 45.321886], [-94.142542, 45.321905], [-94.142555, 45.322008], [-94.142552, 45.322115], [-94.142507, 45.32215], [-94.142474, 45.322171], [-94.142458, 45.32219], [-94.142426, 45.322258], [-94.14241, 45.322301], [-94.142388, 45.322329], [-94.142327, 45.322357], [-94.142322, 45.322413], [-94.142312, 45.322456], [-94.142291, 45.322496], [-94.142247, 45.322536], [-94.142216, 45.322662], [-94.142216, 45.32271], [-94.142183, 45.322738], [-94.142179, 45.322777], [-94.142185, 45.322813], [-94.142264, 45.322839], [-94.142254, 45.322895], [-94.142243, 45.32293], [-94.142244, 45.322942], [-94.142233, 45.322974], [-94.142189, 45.322998], [-94.142167, 45.323046], [-94.142162, 45.323081], [-94.142135, 45.323097], [-94.142112, 45.323105], [-94.142096, 45.323117], [-94.142063, 45.323169], [-94.142019, 45.323213], [-94.141964, 45.323253], [-94.141925, 45.323257], [-94.141869, 45.323258]]]}}, {"type": "Feature", "properties": {"depth_ft": 0.0, "lake": "Clearwater", "dow": "86025202"}, "geometry": {"type": "Polygon", "coordinates": [[[-94.143177, 45.31058], [-94.143155, 45.310427], [-94.14314, 45.310181], [-94.143136, 45.309974], [-94.143083, 45.309654], [-94.143126, 45.30948], [-94.143152, 45.30934], [-94.143224, 45.309172], [-94.143288, 45.309038], [-94.143313, 45.308871], [-94.143337, 45.308644], [-94.143333, 45.308471], [-94.143331, 45.308351], [-94.143365, 45.30819], [-94.143401, 45.308076], [-94.143408, 45.307976], [-94.143415, 45.307843], [-94.143335, 45.307624], [-94.143199, 45.307438], [-94.143131, 45.307339], [-94.143072, 45.307273], [-94.143014, 45.307173], [-94.142946, 45.307114], [-94.142919, 45.307181], [-94.14295, 45.307274], [-94.14298, 45.30736], [-94.14301, 45.307453], [-94.143021, 45.307553], [-94.143024, 45.307667], [-94.143017, 45.307787], [-94.14298, 45.307834], [-94.142886, 45.307875], [-94.142802, 45.307936], [-94.142756, 45.308003], [-94.1427, 45.308057], [-94.142654, 45.308104], [-94.142617, 45.308171], [-94.142486, 45.308239], [-94.142223, 45.308315], [-94.14196, 45.308411], [-94.141828, 45.308432], [-94.141678, 45.308487], [-94.141585, 45.308575], [-94.141491, 45.308623], [-94.141313, 45.308684], [-94.141181, 45.308752], [-94.141098, 45.308813], [-94.140995, 45.308868], [-94.140854, 45.308956], [-94.140799, 45.309016], [-94.140604, 45.309199], [-94.140409, 45.309381], [-94.14012, 45.30961], [-94.139961, 45.309699], [-94.139822, 45.309827], [-94.139589, 45.310003], [-94.139486, 45.310097], [-94.139384, 45.310185], [-94.139292, 45.310292], [-94.139209, 45.310427], [-94.139117, 45.310534], [-94.139071, 45.310635], [-94.138882, 45.310823], [-94.138771, 45.310984], [-94.138605, 45.311179], [-94.138513, 45.3113], [-94.138449, 45.311414], [-94.138356, 45.311528], [-94.138161, 45.311684], [-94.137937, 45.311866], [-94.137789, 45.311994], [-94.137677, 45.312096], [-94.137537, 45.312197], [-94.137378, 45.312299], [-94.137032, 45.312496], [-94.136873, 45.312564], [-94.136723, 45.312632], [-94.136601, 45.312687], [-94.136479, 45.312755], [-94.136319, 45.312803], [-94.136122, 45.312858], [-94.135933, 45.312873], [-94.135697, 45.312916], [-94.135574, 45.312944], [-94.135423, 45.312952], [-94.135262, 45.312954], [-94.135139, 45.312955], [-94.135007, 45.312969], [-94.13478, 45.312985], [-94.134452, 45.313108], [-94.134169, 45.313178], [-94.134038, 45.313239], [-94.133859, 45.313288], [-94.133746, 45.313322], [-94.133624, 45.313363], [-94.133446, 45.313459], [-94.13324, 45.313534], [-94.133173, 45.313602], [-94.133192, 45.313609], [-94.133267, 45.313608], [-94.13338, 45.313554], [-94.133492, 45.313506], [-94.133642, 45.313418], [-94.133812, 45.313383], [-94.133972, 45.313341], [-94.134103, 45.313293], [-94.134329, 45.313211], [-94.134536, 45.313169], [-94.134696, 45.313114], [-94.134903, 45.313058], [-94.135082, 45.313023], [-94.135337, 45.313001], [-94.135507, 45.313006], [-94.135668, 45.312997], [-94.135857, 45.312989], [-94.136018, 45.313], [-94.136217, 45.312992], [-94.136566, 45.312948], [-94.136868, 45.312905], [-94.137103, 45.312836], [-94.137404, 45.312746], [-94.137668, 45.312697], [-94.137876, 45.312682], [-94.138102, 45.312633], [-94.138385, 45.312583], [-94.138668, 45.31254], [-94.138932, 45.312478], [-94.139167, 45.312395], [-94.139398, 45.312358], [-94.139586, 45.312302], [-94.139745, 45.312227], [-94.139848, 45.312133], [-94.139921, 45.312039], [-94.139977, 45.311972], [-94.140042, 45.311931], [-94.14005, 45.311864], [-94.140077, 45.311797], [-94.139971, 45.311705], [-94.139856, 45.311633], [-94.139704, 45.311601], [-94.139656, 45.311548], [-94.139645, 45.311481], [-94.13973, 45.311454], [-94.139814, 45.31138], [-94.139974, 45.311345], [-94.140097, 45.311343], [-94.140249, 45.311375], [-94.140335, 45.311414], [-94.140609, 45.311432], [-94.140686, 45.311458], [-94.140799, 45.311463], [-94.140893, 45.311422], [-94.141046, 45.311487], [-94.141207, 45.311519], [-94.141425, 45.31151], [-94.141605, 45.311522], [-94.141888, 45.311506], [-94.142049, 45.311497], [-94.142182, 45.311509], [-94.142295, 45.311495], [-94.142408, 45.311447], [-94.142521, 45.311433], [-94.14271, 45.311444], [-94.142796, 45.311463], [-94.142882, 45.311502], [-94.142928, 45.311455], [-94.143022, 45.311394], [-94.143144, 45.311346], [-94.143197, 45.311199], [-94.143204, 45.311039], [-94.14322, 45.310892], [-94.143216, 45.310732], [-94.143196, 45.310659], [-94.143177, 45.31058]]]}}, {"type": "Feature", "properties": {"depth_ft": 0.0, "lake": "Clearwater", "dow": "86025202"}, "geometry": {"type": "Polygon", "coordinates": [[[-94.141416, 45.323184], [-94.141377, 45.32317], [-94.141343, 45.323178], [-94.141319, 45.323202], [-94.141274, 45.323175], [-94.141274, 45.323144], [-94.141293, 45.323127], [-94.141332, 45.323126], [-94.141381, 45.323126], [-94.141395, 45.323108], [-94.14142, 45.323101], [-94.141464, 45.323125], [-94.14147, 45.323156], [-94.14147, 45.323176], [-94.141446, 45.323184], [-94.141416, 45.323184]]]}}, {"type": "Feature", "properties": {"depth_ft": 0.0, "lake": "Clearwater", "dow": "86025202"}, "geometry": {"type": "Polygon", "coordinates": [[[-94.141219, 45.3231], [-94.141239, 45.323096], [-94.141243, 45.323086], [-94.141229, 45.323082], [-94.141194, 45.323086], [-94.1412, 45.323096], [-94.141219, 45.3231]]]}}, {"type": "Feature", "properties": {"depth_ft": 0.0, "lake": "Clearwater", "dow": "86025202"}, "geometry": {"type": "Polygon", "coordinates": [[[-94.141232, 45.32302], [-94.141247, 45.32301], [-94.141217, 45.322996], [-94.141207, 45.322972], [-94.141192, 45.322955], [-94.141163, 45.322955], [-94.141168, 45.322976], [-94.141192, 45.322986], [-94.141203, 45.32301], [-94.141198, 45.323027], [-94.141227, 45.323024], [-94.141232, 45.32302]]]}}, {"type": "Feature", "properties": {"depth_ft": 0.0, "lake": "Clearwater", "dow": "86025202"}, "geometry": {"type": "Polygon", "coordinates": [[[-94.141094, 45.322935], [-94.141123, 45.322918], [-94.141112, 45.322894], [-94.141083, 45.322891], [-94.141064, 45.322905], [-94.141069, 45.322929], [-94.141079, 45.322936], [-94.141094, 45.322935]]]}}, {"type": "Feature", "properties": {"depth_ft": 0.0, "lake": "Clearwater", "dow": "86025202"}, "geometry": {"type": "Polygon", "coordinates": [[[-94.141254, 45.322896], [-94.141279, 45.322903], [-94.141317, 45.322878], [-94.141317, 45.322854], [-94.141278, 45.322841], [-94.141258, 45.322834], [-94.141238, 45.322827], [-94.141233, 45.322813], [-94.141257, 45.322806], [-94.141267, 45.322792], [-94.141271, 45.322772], [-94.141256, 45.322748], [-94.141217, 45.322741], [-94.141207, 45.322728], [-94.141221, 45.322703], [-94.141191, 45.322693], [-94.141148, 45.322704], [-94.141138, 45.322732], [-94.141154, 45.322756], [-94.141178, 45.322766], [-94.141203, 45.322779], [-94.141203, 45.3228], [-94.141214, 45.322817], [-94.141194, 45.322828], [-94.141175, 45.322831], [-94.141165, 45.322859], [-94.141171, 45.322883], [-94.141195, 45.322886], [-94.14122, 45.322879], [-94.141239, 45.322886], [-94.141254, 45.322896]]]}}, {"type": "Feature", "properties": {"depth_ft": 0.0, "lake": "Clearwater", "dow": "86025202"}, "geometry": {"type": "Polygon", "coordinates": [[[-94.13946, 45.323427], [-94.139495, 45.323424], [-94.13951, 45.323444], [-94.13954, 45.323478], [-94.139569, 45.323478], [-94.139559, 45.323447], [-94.139529, 45.323441], [-94.139534, 45.323427], [-94.139558, 45.323402], [-94.139567, 45.323382], [-94.139572, 45.323361], [-94.139542, 45.323354], [-94.139541, 45.323316], [-94.139551, 45.323306], [-94.139586, 45.323333], [-94.139605, 45.323309], [-94.139619, 45.323309], [-94.139639, 45.323322], [-94.139693, 45.323329], [-94.139703, 45.323315], [-94.139673, 45.323305], [-94.139653, 45.323291], [-94.139653, 45.32327], [-94.139657, 45.323243], [-94.139613, 45.323229], [-94.139593, 45.323209], [-94.139544, 45.32322], [-94.139544, 45.323203], [-94.139622, 45.323195], [-94.139656, 45.323208], [-94.139695, 45.323184], [-94.139704, 45.323149], [-94.139631, 45.323147], [-94.139592, 45.323168], [-94.139568, 45.323171], [-94.139587, 45.323137], [-94.13962, 45.323112], [-94.139634, 45.323071], [-94.139639, 45.323043], [-94.139672, 45.323019], [-94.139711, 45.323011], [-94.139716, 45.322987], [-94.13973, 45.322973], [-94.139749, 45.322952], [-94.139758, 45.322928], [-94.139773, 45.322904], [-94.139777, 45.322859], [-94.139781, 45.322845], [-94.139811, 45.322841], [-94.139834, 45.322817], [-94.139829, 45.322803], [-94.1398, 45.322786], [-94.139751, 45.322808], [-94.139732, 45.322832], [-94.139723, 45.322856], [-94.139719, 45.322891], [-94.139714, 45.322918], [-94.139715, 45.322939], [-94.139691, 45.32297], [-94.139666, 45.322957], [-94.139671, 45.322936], [-94.13967, 45.322905], [-94.139655, 45.322888], [-94.139635, 45.322874], [-94.139596, 45.322871], [-94.139552, 45.322872], [-94.139543, 45.322903], [-94.139538, 45.32293], [-94.139519, 45.322951], [-94.139485, 45.322969], [-94.139462, 45.323007], [-94.139452, 45.323031], [-94.139443, 45.323066], [-94.139414, 45.32308], [-94.139376, 45.323097], [-94.139351, 45.323115], [-94.139347, 45.323142], [-94.139348, 45.323163], [-94.139362, 45.323177], [-94.139348, 45.323201], [-94.139368, 45.323228], [-94.139379, 45.323246], [-94.139408, 45.323235], [-94.139417, 45.323228], [-94.139452, 45.323231], [-94.139476, 45.323252], [-94.139487, 45.323293], [-94.139478, 45.323334], [-94.139478, 45.323351], [-94.139484, 45.323369], [-94.139474, 45.323386], [-94.139455, 45.323397], [-94.139445, 45.323407], [-94.139446, 45.323421], [-94.13946, 45.323427]]]}}, {"type": "Feature", "properties": {"depth_ft": 0.0, "lake": "Clearwater", "dow": "86025202"}, "geometry": {"type": "Polygon", "coordinates": [[[-94.14005, 45.323098], [-94.140099, 45.32308], [-94.140099, 45.323059], [-94.140069, 45.323032], [-94.140093, 45.323011], [-94.140112, 45.322994], [-94.140062, 45.322966], [-94.140023, 45.32296], [-94.139974, 45.322967], [-94.139955, 45.322988], [-94.139971, 45.323026], [-94.139981, 45.323057], [-94.140001, 45.323084], [-94.140026, 45.323101], [-94.14005, 45.323098]]]}}, {"type": "Feature", "properties": {"depth_ft": 0.0, "lake": "Clearwater", "dow": "86025202"}, "geometry": {"type": "Polygon", "coordinates": [[[-94.14023, 45.323041], [-94.140274, 45.323044], [-94.140308, 45.323016], [-94.140322, 45.322985], [-94.140307, 45.322947], [-94.140271, 45.322902], [-94.140261, 45.322875], [-94.140275, 45.322854], [-94.140285, 45.322826], [-94.140309, 45.322816], [-94.140333, 45.322791], [-94.140274, 45.322799], [-94.14025, 45.322799], [-94.140216, 45.322813], [-94.140186, 45.322803], [-94.140152, 45.322776], [-94.140141, 45.322745], [-94.140126, 45.322721], [-94.140102, 45.322742], [-94.140078, 45.322749], [-94.140078, 45.322777], [-94.140118, 45.322807], [-94.140138, 45.322828], [-94.140148, 45.322852], [-94.140154, 45.322883], [-94.140154, 45.32291], [-94.140135, 45.322935], [-94.140136, 45.32298], [-94.140166, 45.323021], [-94.140215, 45.323037], [-94.14023, 45.323041]]]}}, {"type": "Feature", "properties": {"depth_ft": 0.0, "lake": "Clearwater", "dow": "86025202"}, "geometry": {"type": "Polygon", "coordinates": [[[-94.139865, 45.322879], [-94.1399, 45.322892], [-94.139939, 45.322888], [-94.139968, 45.322867], [-94.139982, 45.322853], [-94.139938, 45.322844], [-94.139928, 45.322823], [-94.139922, 45.322809], [-94.139888, 45.32282], [-94.139869, 45.322827], [-94.139845, 45.322845], [-94.13983, 45.322858], [-94.13984, 45.322869], [-94.139855, 45.322875], [-94.139865, 45.322879]]]}}, {"type": "Feature", "properties": {"depth_ft": 0.0, "lake": "Clearwater", "dow": "86025202"}, "geometry": {"type": "Polygon", "coordinates": [[[-94.139315, 45.323019], [-94.139345, 45.323046], [-94.139379, 45.323046], [-94.139408, 45.323032], [-94.139398, 45.323001], [-94.139378, 45.322973], [-94.139363, 45.322942], [-94.139324, 45.322953], [-94.139289, 45.322947], [-94.139255, 45.322937], [-94.139313, 45.322908], [-94.139347, 45.322894], [-94.139332, 45.322874], [-94.139312, 45.322857], [-94.139312, 45.32284], [-94.139351, 45.322836], [-94.139395, 45.322859], [-94.139414, 45.322842], [-94.139404, 45.322828], [-94.139409, 45.322818], [-94.139438, 45.322811], [-94.139468, 45.322838], [-94.139483, 45.322869], [-94.139518, 45.322879], [-94.139527, 45.322858], [-94.139507, 45.322827], [-94.139521, 45.322803], [-94.139521, 45.322779], [-94.139515, 45.322751], [-94.139466, 45.322745], [-94.139428, 45.322763], [-94.139393, 45.322766], [-94.139398, 45.322756], [-94.139407, 45.322735], [-94.139422, 45.322725], [-94.139426, 45.322707], [-94.139426, 45.322687], [-94.139387, 45.32268], [-94.139357, 45.32267], [-94.139371, 45.322649], [-94.139361, 45.322625], [-94.139365, 45.322584], [-94.139365, 45.322567], [-94.139389, 45.322546], [-94.139418, 45.322528], [-94.139437, 45.3225], [-94.139422, 45.322466], [-94.139475, 45.322445], [-94.139524, 45.322451], [-94.139534, 45.322475], [-94.13953, 45.3225], [-94.139511, 45.32252], [-94.139531, 45.322548], [-94.139551, 45.322561], [-94.139609, 45.32253], [-94.139638, 45.322512], [-94.139661, 45.322481], [-94.13971, 45.322484], [-94.139745, 45.322497], [-94.139769, 45.322497], [-94.139799, 45.322507], [-94.139804, 45.322528], [-94.13979, 45.322545], [-94.139756, 45.322563], [-94.139722, 45.322567], [-94.139707, 45.32258], [-94.139713, 45.322598], [-94.139733, 45.322625], [-94.139738, 45.322635], [-94.139729, 45.32267], [-94.13972, 45.322701], [-94.13971, 45.322725], [-94.13973, 45.322728], [-94.139779, 45.322735], [-94.139827, 45.322693], [-94.139846, 45.322658], [-94.139865, 45.322644], [-94.139904, 45.32263], [-94.139948, 45.322626], [-94.140007, 45.322619], [-94.140036, 45.322612], [-94.140065, 45.322591], [-94.14004, 45.32256], [-94.139995, 45.32254], [-94.139937, 45.32254], [-94.139897, 45.322541], [-94.139873, 45.322537], [-94.139853, 45.322517], [-94.139838, 45.322486], [-94.139832, 45.322465], [-94.139812, 45.322424], [-94.139782, 45.322404], [-94.139733, 45.322415], [-94.13966, 45.322419], [-94.13963, 45.322399], [-94.139596, 45.322371], [-94.139576, 45.322344], [-94.139511, 45.322317], [-94.139462, 45.322311], [-94.139414, 45.322321], [-94.13936, 45.322332], [-94.139321, 45.322333], [-94.139287, 45.322347], [-94.139253, 45.322347], [-94.139224, 45.322344], [-94.139194, 45.322337], [-94.139175, 45.322351], [-94.139165, 45.322369], [-94.139126, 45.322359], [-94.139102, 45.322369], [-94.139161, 45.322407], [-94.139215, 45.322423], [-94.139275, 45.32245], [-94.139299, 45.322467], [-94.1393, 45.322495], [-94.139266, 45.322512], [-94.139223, 45.322541], [-94.139204, 45.322572], [-94.13919, 45.322603], [-94.13919, 45.322637], [-94.139176, 45.322658], [-94.139152, 45.322679], [-94.139163, 45.32272], [-94.139153, 45.322731], [-94.139109, 45.322714], [-94.13907, 45.322714], [-94.139025, 45.322711], [-94.139001, 45.322694], [-94.139, 45.322653], [-94.138989, 45.322615], [-94.139023, 45.322594], [-94.139038, 45.322587], [-94.139042, 45.322549], [-94.139071, 45.322535], [-94.139085, 45.322518], [-94.139094, 45.322476], [-94.139093, 45.322435], [-94.139078, 45.322421], [-94.13903, 45.322429], [-94.139029, 45.322401], [-94.139048, 45.322363], [-94.139032, 45.322329], [-94.138968, 45.322305], [-94.138914, 45.322288], [-94.13886, 45.322272], [-94.138811, 45.322258], [-94.138777, 45.322255], [-94.138758, 45.322276], [-94.138743, 45.322294], [-94.13874, 45.322356], [-94.13874, 45.322376], [-94.138731, 45.32239], [-94.138746, 45.322421], [-94.138795, 45.322434], [-94.138839, 45.322451], [-94.138884, 45.322465], [-94.138908, 45.322478], [-94.138894, 45.322502], [-94.138895, 45.322537], [-94.138905, 45.322571], [-94.138921, 45.32263], [-94.138931, 45.322647], [-94.138932, 45.322671], [-94.138922, 45.322688], [-94.138923, 45.322712], [-94.138899, 45.322723], [-94.138874, 45.322734], [-94.138855, 45.322758], [-94.138856, 45.322789], [-94.138876, 45.322799], [-94.138896, 45.322823], [-94.138921, 45.322843], [-94.138955, 45.322843], [-94.138994, 45.322846], [-94.139062, 45.322849], [-94.139086, 45.322828], [-94.139096, 45.322797], [-94.139095, 45.322776], [-94.139144, 45.322769], [-94.139188, 45.322782], [-94.139179, 45.322817], [-94.139155, 45.322831], [-94.139141, 45.322852], [-94.139132, 45.322879], [-94.139093, 45.322897], [-94.139064, 45.322914], [-94.13904, 45.322939], [-94.139036, 45.32297], [-94.139046, 45.322983], [-94.139085, 45.323], [-94.139139, 45.322993], [-94.139178, 45.322989], [-94.139212, 45.322989], [-94.139251, 45.322995], [-94.139255, 45.322964], [-94.139221, 45.322947], [-94.139216, 45.32294], [-94.139245, 45.32295], [-94.13927, 45.322957], [-94.139305, 45.322977], [-94.139305, 45.322998], [-94.13931, 45.323012], [-94.139315, 45.323019]]]}}, {"type": "Feature", "properties": {"depth_ft": 0.0, "lake": "Clearwater", "dow": "86025202"}, "geometry": {"type": "Polygon", "coordinates": [[[-94.140627, 45.322571], [-94.140666, 45.322567], [-94.140705, 45.322557], [-94.140734, 45.322539], [-94.140748, 45.322518], [-94.140723, 45.322488], [-94.140703, 45.322484], [-94.140659, 45.322492], [-94.14062, 45.322489], [-94.140591, 45.322496], [-94.140577, 45.322517], [-94.140577, 45.322527], [-94.140582, 45.322548], [-94.140587, 45.322565], [-94.140612, 45.322571], [-94.140627, 45.322571]]]}}, {"type": "Feature", "properties": {"depth_ft": 0.0, "lake": "Clearwater", "dow": "86025202"}, "geometry": {"type": "Polygon", "coordinates": [[[-94.139383, 45.323487], [-94.139403, 45.32348], [-94.139397, 45.323449], [-94.139378, 45.323442], [-94.139353, 45.323439], [-94.139334, 45.323453], [-94.139344, 45.323473], [-94.139364, 45.32348], [-94.139383, 45.323487]]]}}, {"type": "Feature", "properties": {"depth_ft": 0.0, "lake": "Clearwater", "dow": "86025202"}, "geometry": {"type": "Polygon", "coordinates": [[[-94.13976, 45.323245], [-94.139784, 45.323238], [-94.139789, 45.32321], [-94.139764, 45.323187], [-94.139735, 45.323197], [-94.13973, 45.323211], [-94.139725, 45.323228], [-94.139735, 45.323239], [-94.13976, 45.323245]]]}}, {"type": "Feature", "properties": {"depth_ft": 0.0, "lake": "Clearwater", "dow": "86025202"}, "geometry": {"type": "Polygon", "coordinates": [[[-94.140921, 45.322617], [-94.14096, 45.322589], [-94.140988, 45.322565], [-94.140968, 45.322527], [-94.140924, 45.3225], [-94.14088, 45.322507], [-94.1409, 45.322538], [-94.14091, 45.322572], [-94.140906, 45.322586], [-94.140886, 45.322593], [-94.140838, 45.322604], [-94.140848, 45.322618], [-94.140872, 45.322621], [-94.140901, 45.322621], [-94.140921, 45.322617]]]}}, {"type": "Feature", "properties": {"depth_ft": 0.0, "lake": "Clearwater", "dow": "86025202"}, "geometry": {"type": "Polygon", "coordinates": [[[-94.140152, 45.322318], [-94.140186, 45.322297], [-94.140205, 45.322252], [-94.14017, 45.322211], [-94.140169, 45.322163], [-94.140202, 45.322135], [-94.140182, 45.322104], [-94.140119, 45.322115], [-94.140105, 45.322153], [-94.140115, 45.322191], [-94.140126, 45.322225], [-94.140117, 45.322253], [-94.140087, 45.32225], [-94.140087, 45.322267], [-94.140107, 45.32227], [-94.140117, 45.322284], [-94.140133, 45.322318], [-94.140152, 45.322318]]]}}, {"type": "Feature", "properties": {"depth_ft": 0.0, "lake": "Clearwater", "dow": "86025202"}, "geometry": {"type": "Polygon", "coordinates": [[[-94.140824, 45.322415], [-94.14079, 45.322418], [-94.14078, 45.322398], [-94.140774, 45.32237], [-94.140755, 45.322367], [-94.14072, 45.322364], [-94.140705, 45.322354], [-94.140681, 45.322333], [-94.140675, 45.322313], [-94.140705, 45.322309], [-94.140733, 45.322281], [-94.140733, 45.32226], [-94.140757, 45.322246], [-94.140801, 45.32226], [-94.140831, 45.322273], [-94.14089, 45.32229], [-94.140905, 45.32231], [-94.140871, 45.322331], [-94.140857, 45.322342], [-94.140862, 45.322352], [-94.140848, 45.32237], [-94.140833, 45.32238], [-94.140833, 45.322401], [-94.140824, 45.322415]]]}}, {"type": "Feature", "properties": {"depth_ft": 0.0, "lake": "Clearwater", "dow": "86025202"}, "geometry": {"type": "Polygon", "coordinates": [[[-94.140549, 45.322338], [-94.140519, 45.322325], [-94.140519, 45.322304], [-94.140518, 45.32228], [-94.140542, 45.322266], [-94.140552, 45.322252], [-94.140532, 45.322224], [-94.14057, 45.322207], [-94.140619, 45.322206], [-94.140644, 45.322216], [-94.140674, 45.322233], [-94.140669, 45.322254], [-94.14065, 45.322261], [-94.14063, 45.322265], [-94.140621, 45.322279], [-94.140592, 45.322282], [-94.140567, 45.32229], [-94.140572, 45.3223], [-94.140602, 45.32231], [-94.140607, 45.322331], [-94.140593, 45.322351], [-94.140568, 45.322348], [-94.140549, 45.322338]]]}}, {"type": "Feature", "properties": {"depth_ft": 0.0, "lake": "Clearwater", "dow": "86025202"}, "geometry": {"type": "Polygon", "coordinates": [[[-94.14041, 45.322264], [-94.140444, 45.322253], [-94.140449, 45.322239], [-94.140429, 45.322229], [-94.14041, 45.322233], [-94.14041, 45.322246], [-94.14041, 45.322264]]]}}, {"type": "Feature", "properties": {"depth_ft": 0.0, "lake": "Clearwater", "dow": "86025202"}, "geometry": {"type": "Polygon", "coordinates": [[[-94.140428, 45.322198], [-94.140448, 45.322194], [-94.140467, 45.322184], [-94.140452, 45.322156], [-94.140423, 45.322146], [-94.140398, 45.322122], [-94.140373, 45.322102], [-94.140343, 45.322092], [-94.140299, 45.322099], [-94.140315, 45.32213], [-94.140295, 45.322134], [-94.140271, 45.322134], [-94.140237, 45.322138], [-94.140232, 45.322165], [-94.140242, 45.322179], [-94.140272, 45.322203], [-94.140296, 45.322199], [-94.140281, 45.322179], [-94.14032, 45.322171], [-94.140355, 45.322175], [-94.140394, 45.322191], [-94.140409, 45.322191], [-94.140428, 45.322198]]]}}, {"type": "Feature", "properties": {"depth_ft": 0.0, "lake": "Clearwater", "dow": "86025202"}, "geometry": {"type": "Polygon", "coordinates": [[[-94.139865, 45.32239], [-94.139914, 45.322389], [-94.139982, 45.322385], [-94.140001, 45.322364], [-94.139957, 45.32234], [-94.139927, 45.322324], [-94.139902, 45.322293], [-94.139916, 45.322272], [-94.139916, 45.322251], [-94.139881, 45.322234], [-94.139848, 45.322262], [-94.139814, 45.32228], [-94.139785, 45.32229], [-94.139766, 45.322318], [-94.139791, 45.322346], [-94.139825, 45.322366], [-94.139845, 45.32238], [-94.139865, 45.32239]]]}}, {"type": "Feature", "properties": {"depth_ft": 0.0, "lake": "Clearwater", "dow": "86025202"}, "geometry": {"type": "Polygon", "coordinates": [[[-94.139615, 45.322837], [-94.139634, 45.322837], [-94.139658, 45.322812], [-94.139643, 45.322781], [-94.139608, 45.322761], [-94.139593, 45.322727], [-94.139569, 45.322737], [-94.139564, 45.322761], [-94.139579, 45.322782], [-94.13959, 45.322796], [-94.1396, 45.32282], [-94.139615, 45.322837]]]}}, {"type": "Feature", "properties": {"depth_ft": 0.0, "lake": "Clearwater", "dow": "86025202"}, "geometry": {"type": "Polygon", "coordinates": [[[-94.139593, 45.322706], [-94.139612, 45.322685], [-94.139611, 45.322654], [-94.139596, 45.322651], [-94.139587, 45.322668], [-94.139587, 45.322685], [-94.139593, 45.322706]]]}}, {"type": "Feature", "properties": {"depth_ft": 0.0, "lake": "Clearwater", "dow": "86025202"}, "geometry": {"type": "Polygon", "coordinates": [[[-94.139534, 45.322693], [-94.139538, 45.322689], [-94.139548, 45.322675], [-94.139523, 45.322652], [-94.139499, 45.322662], [-94.139494, 45.322676], [-94.139494, 45.32269], [-94.139514, 45.322697], [-94.139519, 45.3227], [-94.139534, 45.322693]]]}}, {"type": "Feature", "properties": {"depth_ft": 0.0, "lake": "Clearwater", "dow": "86025202"}, "geometry": {"type": "Polygon", "coordinates": [[[-94.139214, 45.323086], [-94.139233, 45.323085], [-94.139268, 45.323085], [-94.139287, 45.323064], [-94.139281, 45.32304], [-94.139257, 45.32302], [-94.139232, 45.323037], [-94.139223, 45.323044], [-94.139194, 45.323044], [-94.139179, 45.323065], [-94.139184, 45.323079], [-94.139199, 45.323082], [-94.139214, 45.323086]]]}}, {"type": "Feature", "properties": {"depth_ft": 0.0, "lake": "Clearwater", "dow": "86025202"}, "geometry": {"type": "Polygon", "coordinates": [[[-94.140688, 45.323457], [-94.140761, 45.323439], [-94.140712, 45.323422], [-94.140673, 45.323419], [-94.140643, 45.323402], [-94.140614, 45.323399], [-94.140604, 45.323416], [-94.140649, 45.323457], [-94.140654, 45.323457], [-94.140688, 45.323457]]]}}, {"type": "Feature", "properties": {"depth_ft": 0.0, "lake": "Clearwater", "dow": "86025202"}, "geometry": {"type": "Polygon", "coordinates": [[[-94.14091, 45.322779], [-94.140929, 45.322765], [-94.140909, 45.322738], [-94.140885, 45.322752], [-94.140885, 45.322769], [-94.1409, 45.322776], [-94.14091, 45.322779]]]}}, {"type": "Feature", "properties": {"depth_ft": 0.0, "lake": "Clearwater", "dow": "86025202"}, "geometry": {"type": "Polygon", "coordinates": [[[-94.14175, 45.32176], [-94.141789, 45.321749], [-94.141833, 45.321728], [-94.141827, 45.3217], [-94.141802, 45.321673], [-94.141753, 45.321653], [-94.141675, 45.321671], [-94.141675, 45.321692], [-94.141686, 45.321716], [-94.141706, 45.321733], [-94.141721, 45.321757], [-94.141735, 45.321763], [-94.14175, 45.32176]]]}}, {"type": "Feature", "properties": {"depth_ft": 0.0, "lake": "Clearwater", "dow": "86025202"}, "geometry": {"type": "Polygon", "coordinates": [[[-94.14187, 45.321631], [-94.141909, 45.32162], [-94.141937, 45.321592], [-94.141912, 45.321558], [-94.141892, 45.321538], [-94.141839, 45.321542], [-94.14181, 45.321566], [-94.141801, 45.321594], [-94.141816, 45.321625], [-94.141845, 45.321638], [-94.14187, 45.321631]]]}}, {"type": "Feature", "properties": {"depth_ft": 0.0, "lake": "Clearwater", "dow": "86025202"}, "geometry": {"type": "Polygon", "coordinates": [[[-94.141272, 45.321813], [-94.141296, 45.321799], [-94.14129, 45.321757], [-94.141261, 45.321744], [-94.141197, 45.321755], [-94.141178, 45.321779], [-94.141179, 45.321807], [-94.141233, 45.321827], [-94.141262, 45.321816], [-94.141272, 45.321813]]]}}, {"type": "Feature", "properties": {"depth_ft": 0.0, "lake": "Clearwater", "dow": "86025202"}, "geometry": {"type": "Polygon", "coordinates": [[[-94.140031, 45.321863], [-94.140046, 45.321877], [-94.14008, 45.321876], [-94.140074, 45.321839], [-94.140098, 45.321814], [-94.140147, 45.3218], [-94.140186, 45.321775], [-94.140229, 45.321765], [-94.140248, 45.321744], [-94.140277, 45.321726], [-94.140306, 45.321702], [-94.140267, 45.321681], [-94.140204, 45.32171], [-94.14018, 45.321734], [-94.140166, 45.321751], [-94.140131, 45.321755], [-94.140097, 45.321735], [-94.140072, 45.321732], [-94.140019, 45.321746], [-94.13999, 45.321764], [-94.139975, 45.321784], [-94.139956, 45.321795], [-94.139927, 45.321806], [-94.139923, 45.321833], [-94.139952, 45.321857], [-94.140006, 45.32186], [-94.140036, 45.321856], [-94.140031, 45.321863]]]}}, {"type": "Feature", "properties": {"depth_ft": 0.0, "lake": "Clearwater", "dow": "86025202"}, "geometry": {"type": "Polygon", "coordinates": [[[-94.14365, 45.321028], [-94.143742, 45.320996], [-94.143785, 45.320975], [-94.14377, 45.32092], [-94.143662, 45.320915], [-94.143632, 45.320891], [-94.143579, 45.320908], [-94.14351, 45.320923], [-94.143472, 45.320958], [-94.143478, 45.320992], [-94.143527, 45.321012], [-94.143547, 45.32104], [-94.143596, 45.321046], [-94.143625, 45.321029], [-94.14365, 45.321028]]]}}, {"type": "Feature", "properties": {"depth_ft": 0.0, "lake": "Clearwater", "dow": "86025202"}, "geometry": {"type": "Polygon", "coordinates": [[[-94.143698, 45.319553], [-94.143736, 45.319525], [-94.143755, 45.319494], [-94.143735, 45.319466], [-94.143692, 45.319481], [-94.143682, 45.319494], [-94.143678, 45.319519], [-94.143663, 45.319543], [-94.143688, 45.319553], [-94.143698, 45.319553]]]}}, {"type": "Feature", "properties": {"depth_ft": 0.0, "lake": "Clearwater", "dow": "86025202"}, "geometry": {"type": "Polygon", "coordinates": [[[-94.143811, 45.319338], [-94.143772, 45.319352], [-94.143738, 45.31938], [-94.143715, 45.319411], [-94.143696, 45.319439], [-94.143667, 45.31946], [-94.143608, 45.319478], [-94.143564, 45.319482], [-94.14353, 45.319472], [-94.143534, 45.319427], [-94.143528, 45.319379], [-94.143572, 45.319354], [-94.143625, 45.319319], [-94.143668, 45.319302], [-94.143751, 45.31929], [-94.143819, 45.319279], [-94.143873, 45.319275], [-94.143922, 45.319289], [-94.143957, 45.319299], [-94.143982, 45.319316], [-94.143972, 45.31934], [-94.143914, 45.319337], [-94.14387, 45.319341], [-94.143811, 45.319338]]]}}, {"type": "Feature", "properties": {"depth_ft": 0.0, "lake": "Clearwater", "dow": "86025202"}, "geometry": {"type": "Polygon", "coordinates": [[[-94.14393, 45.319158], [-94.143954, 45.319137], [-94.143978, 45.319116], [-94.143972, 45.319102], [-94.143928, 45.319085], [-94.143884, 45.319075], [-94.143835, 45.319072], [-94.143806, 45.31908], [-94.143797, 45.319114], [-94.143812, 45.319135], [-94.143885, 45.319155], [-94.143915, 45.319154], [-94.14393, 45.319158]]]}}, {"type": "Feature", "properties": {"depth_ft": 0.0, "lake": "Clearwater", "dow": "86025202"}, "geometry": {"type": "Polygon", "coordinates": [[[-94.134175, 45.323532], [-94.134252, 45.323511], [-94.134322, 45.323514], [-94.134399, 45.323505], [-94.134404, 45.323463], [-94.134356, 45.323439], [-94.134308, 45.323402], [-94.134225, 45.323382], [-94.134167, 45.323391], [-94.134102, 45.323383], [-94.134037, 45.323388], [-94.134055, 45.323417], [-94.134073, 45.323434], [-94.134098, 45.323467], [-94.134093, 45.323516], [-94.1341, 45.323562], [-94.134146, 45.323545], [-94.134152, 45.323537], [-94.134175, 45.323532]]]}}, {"type": "Feature", "properties": {"depth_ft": 0.0, "lake": "Clearwater", "dow": "86025202"}, "geometry": {"type": "Polygon", "coordinates": [[[-94.133877, 45.32334], [-94.133818, 45.323332], [-94.133771, 45.323308], [-94.133741, 45.323275], [-94.133705, 45.323259], [-94.133658, 45.323255], [-94.133646, 45.323272], [-94.133641, 45.323297], [-94.133605, 45.323285], [-94.133564, 45.323264], [-94.133534, 45.323252], [-94.133504, 45.323236], [-94.133497, 45.323182], [-94.133532, 45.323148], [-94.133585, 45.323144], [-94.133637, 45.323114], [-94.13366, 45.323081], [-94.133701, 45.323068], [-94.133766, 45.32308], [-94.133802, 45.323104], [-94.133849, 45.323129], [-94.133862, 45.323166], [-94.133874, 45.323195], [-94.133898, 45.32322], [-94.133899, 45.323236], [-94.133923, 45.323252], [-94.133947, 45.323273], [-94.133959, 45.323306], [-94.133965, 45.323335], [-94.133978, 45.323352], [-94.133984, 45.323376], [-94.133937, 45.323364], [-94.133919, 45.323348], [-94.133877, 45.32334]]]}}, {"type": "Feature", "properties": {"depth_ft": 0.0, "lake": "Clearwater", "dow": "86025202"}, "geometry": {"type": "Polygon", "coordinates": [[[-94.134054, 45.323334], [-94.134136, 45.323346], [-94.134165, 45.323316], [-94.13413, 45.323313], [-94.134083, 45.323305], [-94.134053, 45.323276], [-94.133982, 45.323298], [-94.134001, 45.323326], [-94.134019, 45.323339], [-94.134054, 45.323334]]]}}, {"type": "Feature", "properties": {"depth_ft": 0.0, "lake": "Clearwater", "dow": "86025202"}, "geometry": {"type": "Polygon", "coordinates": [[[-94.134259, 45.323286], [-94.13423, 45.323299], [-94.134188, 45.323287], [-94.134176, 45.323254], [-94.134222, 45.323229], [-94.13427, 45.323241], [-94.134317, 45.323244], [-94.134335, 45.323261], [-94.134318, 45.323278], [-94.1343, 45.323286], [-94.134288, 45.323286], [-94.134259, 45.323286]]]}}, {"type": "Feature", "properties": {"depth_ft": 0.0, "lake": "Clearwater", "dow": "86025202"}, "geometry": {"type": "Polygon", "coordinates": [[[-94.133788, 45.32298], [-94.133722, 45.32296], [-94.133692, 45.322906], [-94.133703, 45.322881], [-94.133714, 45.322852], [-94.133774, 45.322872], [-94.13378, 45.322901], [-94.133816, 45.322922], [-94.133863, 45.322938], [-94.133887, 45.322958], [-94.133882, 45.322975], [-94.133864, 45.322983], [-94.133811, 45.32298], [-94.133788, 45.32298]]]}}, {"type": "Feature", "properties": {"depth_ft": 0.0, "lake": "Clearwater", "dow": "86025202"}, "geometry": {"type": "Polygon", "coordinates": [[[-94.134052, 45.322662], [-94.134111, 45.322641], [-94.134151, 45.322607], [-94.134186, 45.322586], [-94.134256, 45.322577], [-94.134304, 45.322581], [-94.134333, 45.322572], [-94.134321, 45.322551], [-94.134279, 45.322548], [-94.134203, 45.32254], [-94.134132, 45.322528], [-94.134073, 45.322529], [-94.134014, 45.3225], [-94.13399, 45.322492], [-94.133983, 45.322459], [-94.133936, 45.322439], [-94.1339, 45.322439], [-94.133854, 45.322452], [-94.133819, 45.322465], [-94.133849, 45.322498], [-94.13389, 45.322514], [-94.133926, 45.322543], [-94.133957, 45.322592], [-94.133981, 45.322625], [-94.134016, 45.322625], [-94.134022, 45.322637], [-94.134034, 45.32265], [-94.134052, 45.322662]]]}}, {"type": "Feature", "properties": {"depth_ft": 0.0, "lake": "Clearwater", "dow": "86025202"}, "geometry": {"type": "Polygon", "coordinates": [[[-94.133755, 45.32252], [-94.133696, 45.322524], [-94.133654, 45.3225], [-94.133642, 45.322467], [-94.133577, 45.322447], [-94.133547, 45.322439], [-94.133482, 45.322431], [-94.133453, 45.322452], [-94.133507, 45.322476], [-94.133578, 45.322484], [-94.13359, 45.3225], [-94.13359, 45.32253], [-94.133567, 45.322551], [-94.13355, 45.322576], [-94.133545, 45.322609], [-94.133545, 45.322634], [-94.133516, 45.322659], [-94.133504, 45.322647], [-94.13351, 45.322622], [-94.133521, 45.322597], [-94.133496, 45.322551], [-94.133484, 45.322526], [-94.133478, 45.322506], [-94.133431, 45.322515], [-94.13342, 45.32254], [-94.133408, 45.322565], [-94.133409, 45.322598], [-94.133404, 45.322623], [-94.133386, 45.322635], [-94.133375, 45.322635], [-94.133357, 45.32264], [-94.133346, 45.322665], [-94.133322, 45.322682], [-94.133275, 45.322686], [-94.133246, 45.322686], [-94.133223, 45.322691], [-94.133188, 45.322704], [-94.133164, 45.322721], [-94.133177, 45.322749], [-94.133206, 45.322749], [-94.133276, 45.322732], [-94.133294, 45.322723], [-94.133318, 45.32276], [-94.133348, 45.322773], [-94.133396, 45.32281], [-94.133413, 45.322809], [-94.133448, 45.322797], [-94.133442, 45.322772], [-94.133406, 45.32276], [-94.133412, 45.322743], [-94.133436, 45.322743], [-94.133501, 45.322759], [-94.13353, 45.322779], [-94.133572, 45.322799], [-94.133643, 45.322795], [-94.133654, 45.322782], [-94.133689, 45.322748], [-94.1337, 45.322707], [-94.133699, 45.32267], [-94.133687, 45.322649], [-94.133716, 45.322636], [-94.133769, 45.322619], [-94.13378, 45.322606], [-94.133803, 45.322573], [-94.13382, 45.322548], [-94.133814, 45.322531], [-94.13379, 45.322523], [-94.133755, 45.32252]]]}}, {"type": "Feature", "properties": {"depth_ft": 0.0, "lake": "Clearwater", "dow": "86025202"}, "geometry": {"type": "Polygon", "coordinates": [[[-94.133262, 45.322607], [-94.133233, 45.32262], [-94.13321, 45.32265], [-94.133174, 45.322633], [-94.13315, 45.322609], [-94.133085, 45.322576], [-94.133031, 45.322548], [-94.133031, 45.322514], [-94.133036, 45.322494], [-94.133077, 45.322481], [-94.133129, 45.322439], [-94.133129, 45.32241], [-94.133164, 45.322405], [-94.133212, 45.322442], [-94.133242, 45.322467], [-94.133271, 45.322479], [-94.133313, 45.322495], [-94.133319, 45.322532], [-94.133332, 45.322561], [-94.133326, 45.322578], [-94.133321, 45.322594], [-94.133303, 45.322607], [-94.133262, 45.322607]]]}}, {"type": "Feature", "properties": {"depth_ft": 0.0, "lake": "Clearwater", "dow": "86025202"}, "geometry": {"type": "Polygon", "coordinates": [[[-94.133083, 45.323066], [-94.133136, 45.323053], [-94.133165, 45.32304], [-94.133135, 45.323011], [-94.133117, 45.323007], [-94.133088, 45.323016], [-94.133053, 45.323029], [-94.133023, 45.323033], [-94.133012, 45.32305], [-94.133024, 45.323066], [-94.133065, 45.323066], [-94.133083, 45.323066]]]}}, {"type": "Feature", "properties": {"depth_ft": 0.0, "lake": "Clearwater", "dow": "86025202"}, "geometry": {"type": "Polygon", "coordinates": [[[-94.132923, 45.323038], [-94.13297, 45.32303], [-94.132976, 45.323], [-94.132946, 45.322984], [-94.132916, 45.32298], [-94.132881, 45.322985], [-94.132876, 45.323014], [-94.132876, 45.32303], [-94.1329, 45.323034], [-94.132923, 45.323038]]]}}, {"type": "Feature", "properties": {"depth_ft": 0.0, "lake": "Clearwater", "dow": "86025202"}, "geometry": {"type": "Polygon", "coordinates": [[[-94.133125, 45.32282], [-94.133178, 45.32282], [-94.133195, 45.322799], [-94.133148, 45.322783], [-94.133142, 45.322766], [-94.133135, 45.322737], [-94.133111, 45.322709], [-94.13307, 45.322726], [-94.133088, 45.32275], [-94.133107, 45.322783], [-94.133101, 45.322808], [-94.133125, 45.32282]]]}}, {"type": "Feature", "properties": {"depth_ft": 0.0, "lake": "Clearwater", "dow": "86025202"}, "geometry": {"type": "Polygon", "coordinates": [[[-94.132948, 45.322801], [-94.132977, 45.322793], [-94.132995, 45.322772], [-94.132976, 45.322743], [-94.132947, 45.322727], [-94.132941, 45.322743], [-94.13293, 45.32276], [-94.132894, 45.322761], [-94.132865, 45.322773], [-94.132854, 45.322786], [-94.132877, 45.322798], [-94.132907, 45.32281], [-94.132931, 45.32281], [-94.132948, 45.322801]]]}}, {"type": "Feature", "properties": {"depth_ft": 0.0, "lake": "Clearwater", "dow": "86025202"}, "geometry": {"type": "Polygon", "coordinates": [[[-94.13243, 45.32279], [-94.132371, 45.322782], [-94.132359, 45.322795], [-94.132354, 45.322807], [-94.132313, 45.322824], [-94.132266, 45.322829], [-94.132219, 45.322842], [-94.132172, 45.322855], [-94.132172, 45.322834], [-94.132177, 45.322826], [-94.132213, 45.322821], [-94.132236, 45.322813], [-94.132271, 45.322796], [-94.132276, 45.322775], [-94.13227, 45.322734], [-94.132269, 45.322709], [-94.132316, 45.322716], [-94.132346, 45.32272], [-94.132405, 45.322707], [-94.132428, 45.322695], [-94.132451, 45.32269], [-94.132499, 45.322702], [-94.132499, 45.322735], [-94.132488, 45.322756], [-94.132471, 45.322773], [-94.132459, 45.322786], [-94.13243, 45.32279]]]}}, {"type": "Feature", "properties": {"depth_ft": 0.0, "lake": "Clearwater", "dow": "86025202"}, "geometry": {"type": "Polygon", "coordinates": [[[-94.132351, 45.322662], [-94.132386, 45.322649], [-94.132362, 45.322625], [-94.132344, 45.3226], [-94.132314, 45.322588], [-94.132308, 45.322613], [-94.132303, 45.322625], [-94.132304, 45.322658], [-94.132339, 45.322666], [-94.132351, 45.322662]]]}}, {"type": "Feature", "properties": {"depth_ft": 0.0, "lake": "Clearwater", "dow": "86025202"}, "geometry": {"type": "LineString", "coordinates": [[-94.132799, 45.322695], [-94.132816, 45.322695], [-94.13281, 45.322674], [-94.132798, 45.322654], [-94.132763, 45.322654], [-94.132769, 45.322675], [-94.132781, 45.322687]]}}, {"type": "Feature", "properties": {"depth_ft": 0.0, "lake": "Clearwater", "dow": "86025202"}, "geometry": {"type": "Polygon", "coordinates": [[[-94.131033, 45.322653], [-94.130992, 45.322624], [-94.130933, 45.322608], [-94.130914, 45.322575], [-94.130872, 45.322534], [-94.130919, 45.322504], [-94.130989, 45.322483], [-94.131053, 45.322453], [-94.131046, 45.322408], [-94.131022, 45.322358], [-94.130969, 45.322354], [-94.130874, 45.322322], [-94.130838, 45.322273], [-94.130819, 45.322231], [-94.1308, 45.322174], [-94.130729, 45.322149], [-94.130646, 45.322138], [-94.130605, 45.322117], [-94.130563, 45.322072], [-94.130509, 45.322035], [-94.130485, 45.322011], [-94.130426, 45.322003], [-94.130361, 45.321991], [-94.130337, 45.321971], [-94.130295, 45.32193], [-94.130288, 45.321888], [-94.130247, 45.321868], [-94.130188, 45.321873], [-94.130183, 45.321906], [-94.13023, 45.321943], [-94.13026, 45.321967], [-94.130302, 45.322], [-94.130303, 45.322033], [-94.130286, 45.322062], [-94.130287, 45.322104], [-94.130299, 45.322133], [-94.130317, 45.322166], [-94.13036, 45.322232], [-94.13039, 45.322244], [-94.130425, 45.322264], [-94.130426, 45.322277], [-94.130414, 45.322285], [-94.130354, 45.322253], [-94.130313, 45.322249], [-94.13029, 45.322253], [-94.130231, 45.322258], [-94.130214, 45.322279], [-94.130189, 45.322225], [-94.130124, 45.32223], [-94.130083, 45.322214], [-94.130065, 45.322193], [-94.130064, 45.322148], [-94.130034, 45.322119], [-94.130027, 45.322094], [-94.130033, 45.322061], [-94.130008, 45.32202], [-94.129949, 45.321999], [-94.129919, 45.321966], [-94.129918, 45.321937], [-94.129935, 45.3219], [-94.129958, 45.321883], [-94.129982, 45.321866], [-94.129951, 45.321804], [-94.129932, 45.321746], [-94.129925, 45.321693], [-94.129906, 45.321622], [-94.129864, 45.321594], [-94.129799, 45.321578], [-94.129781, 45.321536], [-94.129804, 45.321495], [-94.129838, 45.321461], [-94.12985, 45.321436], [-94.129908, 45.321435], [-94.129955, 45.321418], [-94.12996, 45.321368], [-94.129941, 45.321311], [-94.12994, 45.321265], [-94.129993, 45.321248], [-94.130058, 45.321239], [-94.130117, 45.321259], [-94.130165, 45.321292], [-94.130189, 45.321341], [-94.130178, 45.321391], [-94.130156, 45.32145], [-94.130103, 45.321467], [-94.13008, 45.321475], [-94.130081, 45.32155], [-94.130135, 45.321595], [-94.130153, 45.321611], [-94.130213, 45.321648], [-94.130237, 45.321665], [-94.130255, 45.321698], [-94.130256, 45.321752], [-94.130227, 45.321768], [-94.13018, 45.321765], [-94.130108, 45.321728], [-94.130068, 45.321741], [-94.130069, 45.321799], [-94.130082, 45.321853], [-94.130146, 45.32184], [-94.130187, 45.321827], [-94.130228, 45.321822], [-94.130304, 45.321801], [-94.130328, 45.321817], [-94.130435, 45.321862], [-94.130453, 45.321874], [-94.130512, 45.321907], [-94.130619, 45.321943], [-94.130684, 45.321942], [-94.13072, 45.321979], [-94.13078, 45.32202], [-94.130845, 45.322053], [-94.130916, 45.322094], [-94.130982, 45.322126], [-94.13107, 45.322125], [-94.131123, 45.322133], [-94.131159, 45.322162], [-94.131153, 45.322174], [-94.131118, 45.322179], [-94.131107, 45.322195], [-94.131166, 45.322216], [-94.13119, 45.322228], [-94.13122, 45.322277], [-94.131203, 45.322311], [-94.131169, 45.322353], [-94.131146, 45.322386], [-94.131129, 45.322428], [-94.131124, 45.322469], [-94.131131, 45.322502], [-94.131149, 45.322531], [-94.131179, 45.322585], [-94.131174, 45.322626], [-94.13114, 45.322656], [-94.131098, 45.32266], [-94.131045, 45.322661], [-94.131033, 45.322653]]]}}, {"type": "Feature", "properties": {"depth_ft": 0.0, "lake": "Clearwater", "dow": "86025202"}, "geometry": {"type": "Polygon", "coordinates": [[[-94.129538, 45.321468], [-94.129515, 45.321493], [-94.129545, 45.321522], [-94.129604, 45.32153], [-94.129651, 45.321496], [-94.129649, 45.32143], [-94.129602, 45.321401], [-94.129589, 45.32138], [-94.129559, 45.321339], [-94.129523, 45.321315], [-94.129487, 45.321278], [-94.129457, 45.321245], [-94.12941, 45.321229], [-94.129399, 45.321258], [-94.129394, 45.321304], [-94.129394, 45.32132], [-94.12943, 45.321345], [-94.129483, 45.321377], [-94.129519, 45.321406], [-94.129549, 45.321406], [-94.129567, 45.321418], [-94.129585, 45.321443], [-94.129573, 45.321451], [-94.129538, 45.321468]]]}}, {"type": "Feature", "properties": {"depth_ft": 0.0, "lake": "Clearwater", "dow": "86025202"}, "geometry": {"type": "Polygon", "coordinates": [[[-94.12827, 45.321925], [-94.128329, 45.321924], [-94.128364, 45.32194], [-94.128441, 45.321944], [-94.128475, 45.321906], [-94.128552, 45.321914], [-94.128599, 45.321905], [-94.128645, 45.321871], [-94.128609, 45.321822], [-94.128567, 45.321777], [-94.12859, 45.321739], [-94.128572, 45.321714], [-94.128524, 45.321711], [-94.12843, 45.321711], [-94.128366, 45.321716], [-94.128337, 45.321746], [-94.128284, 45.321767], [-94.128214, 45.321776], [-94.128191, 45.321818], [-94.128192, 45.321851], [-94.128228, 45.3219], [-94.128234, 45.321913], [-94.12827, 45.321925]]]}}, {"type": "Feature", "properties": {"depth_ft": 0.0, "lake": "Clearwater", "dow": "86025202"}, "geometry": {"type": "Polygon", "coordinates": [[[-94.127824, 45.320697], [-94.127712, 45.320665], [-94.127612, 45.320666], [-94.127552, 45.320609], [-94.127451, 45.320581], [-94.127368, 45.320548], [-94.127296, 45.320491], [-94.127219, 45.320434], [-94.127229, 45.32038], [-94.127246, 45.320334], [-94.127329, 45.320329], [-94.127394, 45.320341], [-94.127418, 45.320382], [-94.127454, 45.320419], [-94.127543, 45.320443], [-94.127637, 45.32045], [-94.127737, 45.320449], [-94.127814, 45.32049], [-94.127874, 45.320547], [-94.127952, 45.32058], [-94.128018, 45.320658], [-94.128007, 45.320696], [-94.12796, 45.320713], [-94.127883, 45.320705], [-94.127824, 45.320697]]]}}, {"type": "Feature", "properties": {"depth_ft": 0.0, "lake": "Clearwater", "dow": "86025202"}, "geometry": {"type": "Polygon", "coordinates": [[[-94.127528, 45.320285], [-94.127574, 45.32026], [-94.127633, 45.32023], [-94.127621, 45.32021], [-94.127568, 45.32021], [-94.127555, 45.320161], [-94.12753, 45.320119], [-94.127472, 45.320124], [-94.127437, 45.320145], [-94.127438, 45.320199], [-94.127439, 45.320236], [-94.127463, 45.320261], [-94.127469, 45.320286], [-94.127487, 45.320311], [-94.12751, 45.320302], [-94.127528, 45.320285]]]}}, {"type": "Feature", "properties": {"depth_ft": 0.0, "lake": "Clearwater", "dow": "86025202"}, "geometry": {"type": "Polygon", "coordinates": [[[-94.127144, 45.320243], [-94.127056, 45.320248], [-94.127008, 45.320212], [-94.126978, 45.320187], [-94.126925, 45.320192], [-94.126873, 45.320209], [-94.126843, 45.32018], [-94.126854, 45.320155], [-94.126884, 45.320163], [-94.126925, 45.320154], [-94.126901, 45.320126], [-94.126912, 45.320092], [-94.126964, 45.320075], [-94.126999, 45.320062], [-94.127028, 45.320037], [-94.127087, 45.320028], [-94.12714, 45.320036], [-94.127176, 45.320065], [-94.127247, 45.32006], [-94.127323, 45.320059], [-94.127365, 45.320084], [-94.127319, 45.320121], [-94.127248, 45.320126], [-94.127207, 45.320147], [-94.127196, 45.320181], [-94.127243, 45.320189], [-94.127267, 45.320184], [-94.127273, 45.320221], [-94.127262, 45.320246], [-94.127221, 45.320247], [-94.127174, 45.320239], [-94.127144, 45.320243]]]}}, {"type": "Feature", "properties": {"depth_ft": 0.0, "lake": "Clearwater", "dow": "86025202"}, "geometry": {"type": "Polygon", "coordinates": [[[-94.126145, 45.323021], [-94.126232, 45.322995], [-94.126315, 45.322986], [-94.126374, 45.322998], [-94.126427, 45.323022], [-94.126516, 45.323034], [-94.126581, 45.32305], [-94.126651, 45.323045], [-94.126681, 45.323061], [-94.126746, 45.323077], [-94.126829, 45.323076], [-94.126863, 45.323047], [-94.126786, 45.323015], [-94.126692, 45.322999], [-94.126609, 45.323004], [-94.126509, 45.322972], [-94.126461, 45.322939], [-94.126413, 45.322914], [-94.126366, 45.322919], [-94.126296, 45.32292], [-94.126266, 45.322891], [-94.126218, 45.322867], [-94.126124, 45.322859], [-94.126113, 45.322901], [-94.126102, 45.322951], [-94.126109, 45.322996], [-94.126145, 45.323021]]]}}, {"type": "Feature", "properties": {"depth_ft": 0.0, "lake": "Clearwater", "dow": "86025202"}, "geometry": {"type": "Polygon", "coordinates": [[[-94.126808, 45.322944], [-94.126885, 45.322935], [-94.126943, 45.322913], [-94.126907, 45.322852], [-94.126836, 45.322856], [-94.126795, 45.322844], [-94.126778, 45.322886], [-94.126785, 45.322927], [-94.126808, 45.322944]]]}}, {"type": "Feature", "properties": {"depth_ft": 0.0, "lake": "Clearwater", "dow": "86025202"}, "geometry": {"type": "Polygon", "coordinates": [[[-94.126757, 45.322741], [-94.126805, 45.322753], [-94.126839, 45.322715], [-94.126826, 45.322666], [-94.126761, 45.322645], [-94.126691, 45.322654], [-94.126691, 45.322688], [-94.126728, 45.322729], [-94.126757, 45.322741]]]}}, {"type": "Feature", "properties": {"depth_ft": 0.0, "lake": "Clearwater", "dow": "86025202"}, "geometry": {"type": "Polygon", "coordinates": [[[-94.126843, 45.32262], [-94.126931, 45.322602], [-94.12696, 45.322565], [-94.126918, 45.322532], [-94.126947, 45.322494], [-94.126982, 45.322481], [-94.126981, 45.322432], [-94.126968, 45.32239], [-94.126909, 45.322374], [-94.126821, 45.322371], [-94.126774, 45.322405], [-94.126798, 45.322429], [-94.126816, 45.32245], [-94.126799, 45.322471], [-94.126782, 45.322508], [-94.1268, 45.322537], [-94.126807, 45.322595], [-94.126825, 45.322612], [-94.126843, 45.32262]]]}}, {"type": "Feature", "properties": {"depth_ft": 0.0, "lake": "Clearwater", "dow": "86025202"}, "geometry": {"type": "Polygon", "coordinates": [[[-94.126271, 45.322551], [-94.126312, 45.322534], [-94.126258, 45.322501], [-94.126223, 45.322493], [-94.1262, 45.322527], [-94.126194, 45.322551], [-94.126212, 45.322568], [-94.126241, 45.322555], [-94.126271, 45.322551]]]}}, {"type": "Feature", "properties": {"depth_ft": 0.0, "lake": "Clearwater", "dow": "86025202"}, "geometry": {"type": "Polygon", "coordinates": [[[-94.127013, 45.322265], [-94.127083, 45.322261], [-94.127136, 45.322239], [-94.127135, 45.322181], [-94.127075, 45.322124], [-94.127079, 45.322061], [-94.127113, 45.321995], [-94.127118, 45.321941], [-94.127093, 45.321879], [-94.127176, 45.321869], [-94.127193, 45.321828], [-94.127098, 45.32182], [-94.127058, 45.321862], [-94.127052, 45.321891], [-94.127059, 45.321941], [-94.127001, 45.321975], [-94.126937, 45.322013], [-94.12692, 45.322055], [-94.126927, 45.322075], [-94.126968, 45.322108], [-94.126986, 45.32212], [-94.126999, 45.322162], [-94.126988, 45.322203], [-94.126971, 45.32222], [-94.126971, 45.322245], [-94.126989, 45.322253], [-94.127013, 45.322265]]]}}, {"type": "Feature", "properties": {"depth_ft": 0.0, "lake": "Clearwater", "dow": "86025202"}, "geometry": {"type": "Polygon", "coordinates": [[[-94.126792, 45.322139], [-94.126839, 45.322101], [-94.126838, 45.322047], [-94.126772, 45.32201], [-94.126725, 45.322023], [-94.126697, 45.322053], [-94.126692, 45.322103], [-94.12671, 45.32214], [-94.126781, 45.322143], [-94.126792, 45.322139]]]}}, {"type": "Feature", "properties": {"depth_ft": 0.0, "lake": "Clearwater", "dow": "86025202"}, "geometry": {"type": "Polygon", "coordinates": [[[-94.126242, 45.322265], [-94.126313, 45.322297], [-94.126354, 45.32228], [-94.126376, 45.322222], [-94.126417, 45.322197], [-94.126416, 45.322155], [-94.126421, 45.322093], [-94.126385, 45.322081], [-94.126362, 45.322106], [-94.126327, 45.322114], [-94.126292, 45.322127], [-94.126269, 45.322161], [-94.126264, 45.32219], [-94.126229, 45.322219], [-94.126218, 45.322248], [-94.126242, 45.322265]]]}}, {"type": "Feature", "properties": {"depth_ft": 0.0, "lake": "Clearwater", "dow": "86025202"}, "geometry": {"type": "Polygon", "coordinates": [[[-94.126438, 45.322055], [-94.126514, 45.32203], [-94.126566, 45.322017], [-94.126613, 45.322008], [-94.126636, 45.321974], [-94.126665, 45.321941], [-94.126676, 45.321903], [-94.126675, 45.321866], [-94.126728, 45.321837], [-94.126651, 45.321837], [-94.126599, 45.321888], [-94.126552, 45.321901], [-94.126505, 45.321918], [-94.126489, 45.321955], [-94.126442, 45.321985], [-94.126401, 45.321997], [-94.126367, 45.322039], [-94.126396, 45.322051], [-94.126438, 45.322055]]]}}, {"type": "Feature", "properties": {"depth_ft": 0.0, "lake": "Clearwater", "dow": "86025202"}, "geometry": {"type": "Polygon", "coordinates": [[[-94.126592, 45.321813], [-94.126668, 45.3218], [-94.126768, 45.321778], [-94.12679, 45.321716], [-94.126783, 45.321662], [-94.126836, 45.32164], [-94.126846, 45.321591], [-94.126863, 45.321549], [-94.126892, 45.321515], [-94.126962, 45.321498], [-94.127003, 45.321452], [-94.126931, 45.321415], [-94.126902, 45.321407], [-94.126918, 45.321366], [-94.126947, 45.32132], [-94.12694, 45.32127], [-94.12691, 45.321233], [-94.126857, 45.321246], [-94.126822, 45.321275], [-94.126818, 45.321329], [-94.12683, 45.321383], [-94.126837, 45.32142], [-94.126808, 45.32145], [-94.126779, 45.321471], [-94.12678, 45.321517], [-94.126756, 45.321513], [-94.126715, 45.321492], [-94.12669, 45.321443], [-94.12666, 45.321385], [-94.1266, 45.321348], [-94.126571, 45.321377], [-94.126584, 45.321402], [-94.126549, 45.321427], [-94.126532, 45.321453], [-94.126479, 45.32147], [-94.126408, 45.321466], [-94.126355, 45.321438], [-94.12632, 45.32148], [-94.126292, 45.32153], [-94.126292, 45.321559], [-94.126374, 45.321525], [-94.126415, 45.321512], [-94.126486, 45.321507], [-94.126527, 45.321523], [-94.126563, 45.321552], [-94.126576, 45.321589], [-94.12657, 45.321626], [-94.12663, 45.32168], [-94.126619, 45.321717], [-94.126602, 45.321734], [-94.126614, 45.321767], [-94.126568, 45.321797], [-94.126533, 45.321809], [-94.126568, 45.321817], [-94.126592, 45.321813]]]}}, {"type": "Feature", "properties": {"depth_ft": 0.0, "lake": "Clearwater", "dow": "86025202"}, "geometry": {"type": "Polygon", "coordinates": [[[-94.125128, 45.322981], [-94.125181, 45.322963], [-94.125193, 45.322928], [-94.125159, 45.322908], [-94.125097, 45.322906], [-94.125056, 45.322927], [-94.125044, 45.322962], [-94.125053, 45.322988], [-94.12509, 45.322991], [-94.125128, 45.322981]]]}}, {"type": "Feature", "properties": {"depth_ft": 0.0, "lake": "Clearwater", "dow": "86025202"}, "geometry": {"type": "Polygon", "coordinates": [[[-94.12456, 45.322999], [-94.124593, 45.322993], [-94.124643, 45.322983], [-94.124621, 45.322951], [-94.124588, 45.322923], [-94.124526, 45.322926], [-94.124506, 45.322964], [-94.124494, 45.322985], [-94.124494, 45.323011], [-94.124531, 45.323008], [-94.12456, 45.322999]]]}}, {"type": "Feature", "properties": {"depth_ft": 0.0, "lake": "Clearwater", "dow": "86025202"}, "geometry": {"type": "Polygon", "coordinates": [[[-94.124329, 45.323045], [-94.124366, 45.323036], [-94.12437, 45.322998], [-94.124328, 45.322972], [-94.124311, 45.32296], [-94.124295, 45.322993], [-94.124308, 45.323025], [-94.124312, 45.323033], [-94.124329, 45.323045]]]}}, {"type": "Feature", "properties": {"depth_ft": 0.0, "lake": "Clearwater", "dow": "86025202"}, "geometry": {"type": "Polygon", "coordinates": [[[-94.12332, 45.323344], [-94.123249, 45.323345], [-94.12319, 45.323304], [-94.123169, 45.323272], [-94.123189, 45.323237], [-94.123201, 45.323205], [-94.123238, 45.323178], [-94.123287, 45.323178], [-94.123291, 45.323143], [-94.123286, 45.323111], [-94.123319, 45.323081], [-94.123352, 45.323081], [-94.123398, 45.323095], [-94.123431, 45.323118], [-94.123448, 45.323138], [-94.123445, 45.323162], [-94.123404, 45.323185], [-94.123362, 45.323192], [-94.123313, 45.323198], [-94.123317, 45.323224], [-94.123347, 45.323247], [-94.123397, 45.323256], [-94.123443, 45.323273], [-94.123452, 45.323308], [-94.123427, 45.323325], [-94.123386, 45.323337], [-94.123336, 45.323344], [-94.12332, 45.323344]]]}}, {"type": "Feature", "properties": {"depth_ft": 0.0, "lake": "Clearwater", "dow": "86025202"}, "geometry": {"type": "Polygon", "coordinates": [[[-94.123137, 45.323138], [-94.123137, 45.323095], [-94.123099, 45.323063], [-94.123061, 45.323037], [-94.123056, 45.323005], [-94.123093, 45.322972], [-94.123139, 45.322992], [-94.123176, 45.323007], [-94.123189, 45.323041], [-94.123231, 45.323038], [-94.123256, 45.323032], [-94.123281, 45.323055], [-94.123244, 45.323102], [-94.123236, 45.323117], [-94.123204, 45.323146], [-94.123183, 45.323153], [-94.123163, 45.323153], [-94.12315, 45.323147], [-94.123137, 45.323138]]]}}, {"type": "Feature", "properties": {"depth_ft": 0.0, "lake": "Clearwater", "dow": "86025202"}, "geometry": {"type": "Polygon", "coordinates": [[[-94.124029, 45.32294], [-94.124045, 45.322928], [-94.124044, 45.322902], [-94.124077, 45.322887], [-94.124123, 45.322869], [-94.124118, 45.322831], [-94.124092, 45.322808], [-94.124022, 45.322811], [-94.124002, 45.322832], [-94.123973, 45.322838], [-94.123948, 45.322856], [-94.123966, 45.322891], [-94.123978, 45.322917], [-94.123996, 45.322943], [-94.124012, 45.322943], [-94.124029, 45.32294]]]}}, {"type": "Feature", "properties": {"depth_ft": 0.0, "lake": "Clearwater", "dow": "86025202"}, "geometry": {"type": "Polygon", "coordinates": [[[-94.124393, 45.322691], [-94.124438, 45.322679], [-94.124479, 45.322649], [-94.124503, 45.322617], [-94.124511, 45.322587], [-94.124481, 45.322564], [-94.124431, 45.32255], [-94.124348, 45.322557], [-94.124328, 45.322583], [-94.124321, 45.322616], [-94.124326, 45.322656], [-94.124343, 45.32268], [-94.124364, 45.322691], [-94.124393, 45.322691]]]}}, {"type": "Feature", "properties": {"depth_ft": 0.0, "lake": "Clearwater", "dow": "86025202"}, "geometry": {"type": "Polygon", "coordinates": [[[-94.124614, 45.322575], [-94.124672, 45.32258], [-94.124713, 45.32255], [-94.124725, 45.322512], [-94.124695, 45.322469], [-94.12464, 45.322434], [-94.124582, 45.322417], [-94.124541, 45.322435], [-94.1245, 45.322453], [-94.124479, 45.322474], [-94.124497, 45.322526], [-94.12451, 45.322549], [-94.12456, 45.322569], [-94.124602, 45.322572], [-94.124614, 45.322575]]]}}, {"type": "Feature", "properties": {"depth_ft": 0.0, "lake": "Clearwater", "dow": "86025202"}, "geometry": {"type": "Polygon", "coordinates": [[[-94.123541, 45.322793], [-94.123578, 45.322778], [-94.123577, 45.32274], [-94.123552, 45.322728], [-94.123515, 45.32274], [-94.123487, 45.322773], [-94.123508, 45.32279], [-94.123541, 45.322793]]]}}, {"type": "Feature", "properties": {"depth_ft": 0.0, "lake": "Clearwater", "dow": "86025202"}, "geometry": {"type": "Polygon", "coordinates": [[[-94.123369, 45.322701], [-94.123393, 45.322668], [-94.123405, 45.322633], [-94.123384, 45.322607], [-94.123288, 45.322602], [-94.123285, 45.322629], [-94.123294, 45.322661], [-94.123311, 45.322684], [-94.123336, 45.322713], [-94.123365, 45.322713], [-94.123369, 45.322701]]]}}, {"type": "Feature", "properties": {"depth_ft": 0.0, "lake": "Clearwater", "dow": "86025202"}, "geometry": {"type": "Polygon", "coordinates": [[[-94.122912, 45.322638], [-94.122962, 45.322632], [-94.122965, 45.322611], [-94.122953, 45.322591], [-94.122915, 45.3226], [-94.122903, 45.322615], [-94.122899, 45.322627], [-94.122912, 45.322638]]]}}, {"type": "Feature", "properties": {"depth_ft": 0.0, "lake": "Clearwater", "dow": "86025202"}, "geometry": {"type": "Polygon", "coordinates": [[[-94.12272, 45.322363], [-94.122666, 45.322351], [-94.122642, 45.322384], [-94.122634, 45.322407], [-94.12263, 45.322436], [-94.122652, 45.322454], [-94.122681, 45.322465], [-94.12271, 45.32248], [-94.122719, 45.322512], [-94.122769, 45.322514], [-94.122814, 45.322508], [-94.122822, 45.322487], [-94.12278, 45.32247], [-94.122747, 45.322473], [-94.122735, 45.322462], [-94.122767, 45.322435], [-94.122766, 45.322397], [-94.122737, 45.322374], [-94.12272, 45.322363]]]}}, {"type": "Feature", "properties": {"depth_ft": 0.0, "lake": "Clearwater", "dow": "86025202"}, "geometry": {"type": "Polygon", "coordinates": [[[-94.124361, 45.322346], [-94.124394, 45.322364], [-94.124436, 45.322366], [-94.124485, 45.322348], [-94.124468, 45.322328], [-94.124431, 45.322311], [-94.124389, 45.322299], [-94.124352, 45.322311], [-94.124344, 45.322329], [-94.124361, 45.322346]]]}}, {"type": "Feature", "properties": {"depth_ft": 0.0, "lake": "Clearwater", "dow": "86025202"}, "geometry": {"type": "Polygon", "coordinates": [[[-94.12253, 45.322195], [-94.122556, 45.322239], [-94.12261, 45.32225], [-94.12266, 45.322232], [-94.122709, 45.322217], [-94.122708, 45.322187], [-94.122683, 45.322158], [-94.122633, 45.322147], [-94.122592, 45.322154], [-94.122542, 45.322157], [-94.122522, 45.322175], [-94.12253, 45.322195]]]}}, {"type": "Feature", "properties": {"depth_ft": 0.0, "lake": "Clearwater", "dow": "86025202"}, "geometry": {"type": "Polygon", "coordinates": [[[-94.122811, 45.322154], [-94.122775, 45.322178], [-94.122763, 45.322228], [-94.122784, 45.32226], [-94.122834, 45.32225], [-94.122871, 45.322227], [-94.122891, 45.322197], [-94.122845, 45.32216], [-94.122824, 45.322151], [-94.122811, 45.322154]]]}}, {"type": "Feature", "properties": {"depth_ft": 0.0, "lake": "Clearwater", "dow": "86025202"}, "geometry": {"type": "Polygon", "coordinates": [[[-94.124596, 45.322255], [-94.124617, 45.322296], [-94.124634, 45.322316], [-94.1247, 45.322316], [-94.124754, 45.322309], [-94.124774, 45.322274], [-94.124749, 45.322245], [-94.12472, 45.322239], [-94.124682, 45.322222], [-94.124681, 45.322187], [-94.124701, 45.322149], [-94.124734, 45.322111], [-94.124799, 45.322081], [-94.124845, 45.322075], [-94.124915, 45.32208], [-94.124964, 45.322041], [-94.124971, 45.321977], [-94.125, 45.32195], [-94.125058, 45.321947], [-94.125112, 45.321952], [-94.125137, 45.321964], [-94.125137, 45.321996], [-94.125126, 45.322025], [-94.125147, 45.32208], [-94.125193, 45.322092], [-94.125264, 45.322091], [-94.125338, 45.322061], [-94.125383, 45.322052], [-94.125421, 45.322078], [-94.125462, 45.322042], [-94.125481, 45.321984], [-94.125514, 45.32196], [-94.125576, 45.321956], [-94.125585, 45.322003], [-94.125643, 45.321994], [-94.125667, 45.321947], [-94.12572, 45.321911], [-94.12579, 45.321867], [-94.125809, 45.321793], [-94.125749, 45.321703], [-94.125712, 45.321698], [-94.125633, 45.321699], [-94.125537, 45.321688], [-94.125483, 45.321659], [-94.125408, 45.321657], [-94.125338, 45.321661], [-94.125268, 45.321667], [-94.125197, 45.32168], [-94.125111, 45.321698], [-94.125017, 45.321752], [-94.124963, 45.321784], [-94.124881, 45.321832], [-94.124796, 45.321897], [-94.124747, 45.321944], [-94.124718, 45.321971], [-94.12471, 45.321988], [-94.124686, 45.322009], [-94.124653, 45.322015], [-94.124607, 45.322021], [-94.124537, 45.322025], [-94.124513, 45.32204], [-94.124492, 45.322072], [-94.124493, 45.322113], [-94.12451, 45.32213], [-94.124544, 45.322171], [-94.124545, 45.3222], [-94.124558, 45.322221], [-94.124591, 45.322244], [-94.124596, 45.322255]]]}}, {"type": "Feature", "properties": {"depth_ft": 0.0, "lake": "Clearwater", "dow": "86025202"}, "geometry": {"type": "Polygon", "coordinates": [[[-94.123703, 45.321986], [-94.123725, 45.322024], [-94.123746, 45.322053], [-94.123727, 45.322109], [-94.123727, 45.322138], [-94.123748, 45.322167], [-94.123786, 45.322158], [-94.123814, 45.322131], [-94.123847, 45.322105], [-94.123883, 45.322075], [-94.123908, 45.322049], [-94.123903, 45.322017], [-94.123864, 45.321947], [-94.123863, 45.321889], [-94.123854, 45.321851], [-94.123783, 45.321831], [-94.123692, 45.321829], [-94.123655, 45.321838], [-94.123588, 45.32183], [-94.123555, 45.321813], [-94.123518, 45.321819], [-94.123547, 45.321836], [-94.123593, 45.321859], [-94.123631, 45.321879], [-94.12366, 45.321908], [-94.123686, 45.321955], [-94.123703, 45.321986]]]}}, {"type": "Feature", "properties": {"depth_ft": 0.0, "lake": "Clearwater", "dow": "86025202"}, "geometry": {"type": "Polygon", "coordinates": [[[-94.123524, 45.322117], [-94.123516, 45.32214], [-94.123516, 45.322161], [-94.123533, 45.322172], [-94.123591, 45.322166], [-94.123611, 45.322148], [-94.123582, 45.322131], [-94.123565, 45.322111], [-94.123548, 45.322105], [-94.123524, 45.322117]]]}}, {"type": "Feature", "properties": {"depth_ft": 0.0, "lake": "Clearwater", "dow": "86025202"}, "geometry": {"type": "Polygon", "coordinates": [[[-94.124013, 45.321718], [-94.12405, 45.321691], [-94.124145, 45.321664], [-94.124173, 45.321634], [-94.124189, 45.321628], [-94.124227, 45.32164], [-94.124286, 45.321668], [-94.124331, 45.321677], [-94.124381, 45.321667], [-94.124401, 45.321644], [-94.1244, 45.321609], [-94.124367, 45.321591], [-94.124345, 45.321554], [-94.124349, 45.321522], [-94.124327, 45.321457], [-94.124298, 45.321475], [-94.124257, 45.321493], [-94.124232, 45.321493], [-94.124178, 45.321479], [-94.124149, 45.32145], [-94.124086, 45.321416], [-94.124056, 45.321381], [-94.123994, 45.321382], [-94.123961, 45.321403], [-94.123953, 45.321432], [-94.123917, 45.32145], [-94.123893, 45.321491], [-94.123859, 45.321497], [-94.123815, 45.32153], [-94.12379, 45.321562], [-94.123791, 45.321588], [-94.123825, 45.321629], [-94.123875, 45.321672], [-94.123913, 45.321686], [-94.123934, 45.321692], [-94.123955, 45.321698], [-94.123984, 45.321709], [-94.123992, 45.321718], [-94.124013, 45.321718]]]}}, {"type": "Feature", "properties": {"depth_ft": 0.0, "lake": "Clearwater", "dow": "86025202"}, "geometry": {"type": "Polygon", "coordinates": [[[-94.123614, 45.32129], [-94.123581, 45.32125], [-94.123539, 45.32123], [-94.123489, 45.321239], [-94.123403, 45.32126], [-94.123336, 45.321232], [-94.123335, 45.3212], [-94.123301, 45.321162], [-94.123275, 45.321116], [-94.123283, 45.321077], [-94.123324, 45.321054], [-94.123386, 45.321047], [-94.123453, 45.32107], [-94.123512, 45.321113], [-94.123566, 45.321136], [-94.123616, 45.32115], [-94.123703, 45.321146], [-94.123728, 45.321164], [-94.123749, 45.321201], [-94.123759, 45.321239], [-94.123755, 45.321283], [-94.123723, 45.321321], [-94.123686, 45.321319], [-94.123644, 45.321308], [-94.123631, 45.321299], [-94.123614, 45.32129]]]}}, {"type": "Feature", "properties": {"depth_ft": 0.0, "lake": "Clearwater", "dow": "86025202"}, "geometry": {"type": "Polygon", "coordinates": [[[-94.124249, 45.320884], [-94.12434, 45.320892], [-94.124397, 45.320842], [-94.1244, 45.320777], [-94.124362, 45.320722], [-94.124295, 45.320688], [-94.124237, 45.320685], [-94.124196, 45.320718], [-94.124176, 45.32075], [-94.124177, 45.320806], [-94.124178, 45.320847], [-94.124224, 45.320875], [-94.124249, 45.320884]]]}}, {"type": "Feature", "properties": {"depth_ft": 0.0, "lake": "Clearwater", "dow": "86025202"}, "geometry": {"type": "Polygon", "coordinates": [[[-94.12291, 45.321072], [-94.123026, 45.321054], [-94.123075, 45.321021], [-94.123098, 45.32096], [-94.123048, 45.32091], [-94.122985, 45.320879], [-94.122906, 45.320868], [-94.122827, 45.320869], [-94.122757, 45.320899], [-94.122733, 45.320949], [-94.12273, 45.320984], [-94.122756, 45.321024], [-94.122814, 45.32105], [-94.122856, 45.321067], [-94.12291, 45.321072]]]}}, {"type": "Feature", "properties": {"depth_ft": 0.0, "lake": "Clearwater", "dow": "86025202"}, "geometry": {"type": "Polygon", "coordinates": [[[-94.123555, 45.320789], [-94.123621, 45.320765], [-94.123641, 45.320726], [-94.123615, 45.320662], [-94.123593, 45.320616], [-94.123551, 45.320605], [-94.123481, 45.320605], [-94.123411, 45.320621], [-94.12337, 45.32065], [-94.123354, 45.32068], [-94.12335, 45.320703], [-94.123384, 45.320746], [-94.12346, 45.320798], [-94.123518, 45.320795], [-94.123555, 45.320789]]]}}, {"type": "Feature", "properties": {"depth_ft": 0.0, "lake": "Clearwater", "dow": "86025202"}, "geometry": {"type": "Polygon", "coordinates": [[[-94.124093, 45.320564], [-94.124014, 45.320559], [-94.123926, 45.320504], [-94.123913, 45.320472], [-94.123859, 45.320458], [-94.123879, 45.320429], [-94.123962, 45.32044], [-94.124054, 45.320445], [-94.124178, 45.320458], [-94.124249, 45.320487], [-94.124262, 45.32051], [-94.124229, 45.320534], [-94.124197, 45.320549], [-94.124139, 45.320561], [-94.124093, 45.320564]]]}}, {"type": "Feature", "properties": {"depth_ft": 0.0, "lake": "Clearwater", "dow": "86025202"}, "geometry": {"type": "Polygon", "coordinates": [[[-94.12348, 45.320541], [-94.123575, 45.320528], [-94.123624, 45.320499], [-94.123639, 45.320449], [-94.123626, 45.320402], [-94.123601, 45.320373], [-94.123587, 45.320333], [-94.12364, 45.320279], [-94.123606, 45.320253], [-94.123561, 45.320242], [-94.123514, 45.320199], [-94.123456, 45.320185], [-94.123398, 45.320194], [-94.123349, 45.320227], [-94.123325, 45.320265], [-94.123301, 45.320306], [-94.123277, 45.320371], [-94.123303, 45.320414], [-94.123333, 45.320461], [-94.123375, 45.320501], [-94.123459, 45.320535], [-94.12348, 45.320541]]]}}, {"type": "Feature", "properties": {"depth_ft": 0.0, "lake": "Clearwater", "dow": "86025202"}, "geometry": {"type": "Polygon", "coordinates": [[[-94.121062, 45.321441], [-94.121117, 45.321478], [-94.121216, 45.321468], [-94.121274, 45.32145], [-94.121281, 45.321415], [-94.121211, 45.321413], [-94.121144, 45.321379], [-94.121085, 45.32135], [-94.12104, 45.321359], [-94.121041, 45.321391], [-94.121053, 45.321412], [-94.121062, 45.321441]]]}}, {"type": "Feature", "properties": {"depth_ft": 0.0, "lake": "Clearwater", "dow": "86025202"}, "geometry": {"type": "Polygon", "coordinates": [[[-94.121417, 45.321367], [-94.121488, 45.321363], [-94.121536, 45.321319], [-94.121605, 45.321251], [-94.121659, 45.321222], [-94.121703, 45.321142], [-94.121705, 45.321055], [-94.12172, 45.320984], [-94.121718, 45.320873], [-94.121721, 45.320794], [-94.121735, 45.320698], [-94.121735, 45.320657], [-94.121713, 45.320625], [-94.121622, 45.320626], [-94.121568, 45.320592], [-94.121554, 45.320557], [-94.121624, 45.3205], [-94.121719, 45.320488], [-94.121776, 45.320443], [-94.121771, 45.320388], [-94.121716, 45.320339], [-94.12172, 45.32033], [-94.121698, 45.320272], [-94.121657, 45.320281], [-94.121624, 45.320311], [-94.121576, 45.320364], [-94.12153, 45.320382], [-94.121489, 45.320385], [-94.121427, 45.320406], [-94.121374, 45.320427], [-94.121341, 45.320465], [-94.12133, 45.320503], [-94.12133, 45.320538], [-94.121269, 45.320574], [-94.121198, 45.32056], [-94.121169, 45.320531], [-94.121111, 45.320535], [-94.12107, 45.320596], [-94.121072, 45.320669], [-94.121086, 45.320739], [-94.121108, 45.320827], [-94.12111, 45.3209], [-94.121136, 45.320955], [-94.121195, 45.321025], [-94.121234, 45.3211], [-94.121289, 45.321164], [-94.121344, 45.321225], [-94.121378, 45.321286], [-94.1214, 45.321344], [-94.121417, 45.321367]]]}}, {"type": "Feature", "properties": {"depth_ft": 0.0, "lake": "Clearwater", "dow": "86025202"}, "geometry": {"type": "Polygon", "coordinates": [[[-94.121793, 45.320048], [-94.121803, 45.320094], [-94.121868, 45.320067], [-94.121922, 45.32004], [-94.121967, 45.320002], [-94.122023, 45.31994], [-94.122059, 45.319878], [-94.122103, 45.31979], [-94.122126, 45.319694], [-94.122109, 45.319638], [-94.122079, 45.319601], [-94.122061, 45.319545], [-94.122019, 45.31952], [-94.12197, 45.319546], [-94.121909, 45.3196], [-94.121893, 45.319655], [-94.121866, 45.319737], [-94.121809, 45.319787], [-94.121768, 45.319829], [-94.121749, 45.319908], [-94.121775, 45.319948], [-94.121804, 45.319963], [-94.121805, 45.320007], [-94.121793, 45.320048]]]}}, {"type": "Feature", "properties": {"depth_ft": 0.0, "lake": "Clearwater", "dow": "86025202"}, "geometry": {"type": "Polygon", "coordinates": [[[-94.122433, 45.319889], [-94.122403, 45.319855], [-94.122353, 45.319835], [-94.122294, 45.319821], [-94.122261, 45.319792], [-94.122231, 45.319745], [-94.122234, 45.319693], [-94.122279, 45.319646], [-94.12234, 45.319622], [-94.122365, 45.319595], [-94.122339, 45.31956], [-94.122314, 45.31954], [-94.122309, 45.319485], [-94.122341, 45.319449], [-94.122369, 45.319411], [-94.122436, 45.319413], [-94.122506, 45.319433], [-94.122565, 45.319462], [-94.122606, 45.319464], [-94.122656, 45.319464], [-94.122723, 45.319469], [-94.122748, 45.319489], [-94.122753, 45.319533], [-94.122737, 45.319577], [-94.122692, 45.319618], [-94.122631, 45.31966], [-94.122595, 45.319704], [-94.12255, 45.319757], [-94.12255, 45.319777], [-94.122576, 45.319815], [-94.122573, 45.319859], [-94.122557, 45.319888], [-94.122537, 45.319909], [-94.122504, 45.319918], [-94.122466, 45.31991], [-94.122458, 45.319901], [-94.122433, 45.319889]]]}}, {"type": "Feature", "properties": {"depth_ft": 0.0, "lake": "Clearwater", "dow": "86025202"}, "geometry": {"type": "Polygon", "coordinates": [[[-94.121706, 45.322084], [-94.121718, 45.322121], [-94.121754, 45.322154], [-94.121786, 45.322154], [-94.1218, 45.322121], [-94.121811, 45.322056], [-94.121837, 45.322029], [-94.121828, 45.322006], [-94.121783, 45.321996], [-94.121736, 45.321995], [-94.121689, 45.321997], [-94.121663, 45.322018], [-94.121675, 45.322047], [-94.121693, 45.322061], [-94.121706, 45.322084]]]}}, {"type": "Feature", "properties": {"depth_ft": 0.0, "lake": "Clearwater", "dow": "86025202"}, "geometry": {"type": "Polygon", "coordinates": [[[-94.122149, 45.32146], [-94.122138, 45.321489], [-94.122144, 45.321509], [-94.122118, 45.321522], [-94.122083, 45.321529], [-94.122081, 45.32157], [-94.122108, 45.321601], [-94.122155, 45.321596], [-94.122199, 45.321617], [-94.122256, 45.321631], [-94.122303, 45.321628], [-94.122296, 45.321595], [-94.122269, 45.32157], [-94.122231, 45.321554], [-94.122227, 45.321523], [-94.122265, 45.321508], [-94.122256, 45.321477], [-94.122199, 45.32144], [-94.122169, 45.321426], [-94.122149, 45.321443], [-94.122149, 45.32146]]]}}, {"type": "Feature", "properties": {"depth_ft": 0.0, "lake": "Clearwater", "dow": "86025202"}, "geometry": {"type": "Polygon", "coordinates": [[[-94.119954, 45.321244], [-94.119992, 45.32116], [-94.120031, 45.321107], [-94.120133, 45.321086], [-94.120183, 45.321042], [-94.120222, 45.320985], [-94.120266, 45.320913], [-94.120242, 45.320845], [-94.120202, 45.320825], [-94.120151, 45.32083], [-94.120111, 45.320834], [-94.120083, 45.320834], [-94.11998, 45.320795], [-94.119945, 45.320792], [-94.119848, 45.320756], [-94.119786, 45.320777], [-94.119742, 45.32083], [-94.119777, 45.320897], [-94.119864, 45.320977], [-94.119894, 45.321044], [-94.119868, 45.321165], [-94.119852, 45.321237], [-94.119904, 45.321281], [-94.119955, 45.321264], [-94.119954, 45.321244]]]}}, {"type": "Feature", "properties": {"depth_ft": 0.0, "lake": "Clearwater", "dow": "86025202"}, "geometry": {"type": "Polygon", "coordinates": [[[-94.12057, 45.320765], [-94.12066, 45.320708], [-94.120681, 45.320632], [-94.120771, 45.320587], [-94.120764, 45.320515], [-94.120706, 45.320452], [-94.120633, 45.3205], [-94.120589, 45.320557], [-94.120515, 45.32059], [-94.120459, 45.32059], [-94.120384, 45.320579], [-94.120294, 45.320588], [-94.120226, 45.320621], [-94.120233, 45.320681], [-94.120285, 45.32074], [-94.1204, 45.320791], [-94.120474, 45.320782], [-94.12057, 45.320765]]]}}, {"type": "Feature", "properties": {"depth_ft": 0.0, "lake": "Clearwater", "dow": "86025202"}, "geometry": {"type": "Polygon", "coordinates": [[[-94.120217, 45.32016], [-94.120131, 45.320121], [-94.120142, 45.320081], [-94.120181, 45.320052], [-94.120191, 45.31998], [-94.120212, 45.31992], [-94.120251, 45.319883], [-94.120389, 45.319922], [-94.120475, 45.319965], [-94.120588, 45.319972], [-94.120719, 45.319979], [-94.120695, 45.319927], [-94.120575, 45.319884], [-94.120449, 45.319829], [-94.120391, 45.319762], [-94.120316, 45.319682], [-94.120212, 45.319623], [-94.12012, 45.31954], [-94.120056, 45.319501], [-94.11997, 45.319469], [-94.119827, 45.319453], [-94.119776, 45.319446], [-94.119708, 45.319467], [-94.119709, 45.319511], [-94.119801, 45.319574], [-94.119881, 45.319617], [-94.119945, 45.319668], [-94.119947, 45.319761], [-94.119936, 45.319821], [-94.119892, 45.319873], [-94.119871, 45.31997], [-94.119867, 45.320026], [-94.119873, 45.320074], [-94.119964, 45.320089], [-94.120022, 45.320128], [-94.120052, 45.320188], [-94.120109, 45.320196], [-94.120182, 45.320187], [-94.120245, 45.320174], [-94.120217, 45.32016]]]}}, {"type": "Feature", "properties": {"depth_ft": 0.0, "lake": "Clearwater", "dow": "86025202"}, "geometry": {"type": "Polygon", "coordinates": [[[-94.121235, 45.318981], [-94.121189, 45.318977], [-94.121166, 45.318929], [-94.121211, 45.318913], [-94.121233, 45.318917], [-94.121262, 45.318924], [-94.121273, 45.318888], [-94.121335, 45.318883], [-94.121415, 45.318883], [-94.121393, 45.318919], [-94.121382, 45.318943], [-94.121377, 45.318975], [-94.121343, 45.318988], [-94.121303, 45.318988], [-94.12128, 45.318988], [-94.121235, 45.318981]]]}}, {"type": "Feature", "properties": {"depth_ft": 0.0, "lake": "Clearwater", "dow": "86025202"}, "geometry": {"type": "Polygon", "coordinates": [[[-94.121427, 45.318947], [-94.121416, 45.318971], [-94.121445, 45.318999], [-94.121479, 45.318994], [-94.121479, 45.318958], [-94.121456, 45.318942], [-94.121427, 45.318947]]]}}, {"type": "Feature", "properties": {"depth_ft": 0.0, "lake": "Clearwater", "dow": "86025202"}, "geometry": {"type": "Polygon", "coordinates": [[[-94.122096, 45.31884], [-94.122085, 45.318884], [-94.122075, 45.318948], [-94.122082, 45.319012], [-94.122184, 45.319023], [-94.122206, 45.318955], [-94.122159, 45.318875], [-94.122163, 45.318815], [-94.122139, 45.318719], [-94.122081, 45.318676], [-94.122012, 45.318657], [-94.121994, 45.318605], [-94.121993, 45.318533], [-94.12202, 45.31844], [-94.122064, 45.318384], [-94.12212, 45.318363], [-94.12216, 45.318335], [-94.122164, 45.318271], [-94.122133, 45.318159], [-94.122047, 45.318095], [-94.121973, 45.318096], [-94.121917, 45.318125], [-94.12186, 45.318149], [-94.121798, 45.318158], [-94.121729, 45.318111], [-94.121666, 45.318083], [-94.121573, 45.317992], [-94.121469, 45.317873], [-94.121474, 45.317837], [-94.121416, 45.317809], [-94.121397, 45.317721], [-94.121374, 45.317681], [-94.121312, 45.31769], [-94.121284, 45.31773], [-94.121205, 45.317739], [-94.121136, 45.31774], [-94.121074, 45.317752], [-94.121017, 45.317757], [-94.121041, 45.317825], [-94.12107, 45.317849], [-94.121077, 45.317901], [-94.121056, 45.317965], [-94.121079, 45.318017], [-94.12121, 45.318028], [-94.121285, 45.318059], [-94.121348, 45.31809], [-94.121423, 45.318146], [-94.121509, 45.318209], [-94.12159, 45.31828], [-94.121619, 45.318316], [-94.121627, 45.318396], [-94.121622, 45.318468], [-94.121612, 45.318516], [-94.121686, 45.31854], [-94.1218, 45.318538], [-94.121845, 45.318546], [-94.12188, 45.318558], [-94.121915, 45.318613], [-94.121927, 45.318645], [-94.121973, 45.318673], [-94.122013, 45.318697], [-94.122076, 45.318724], [-94.1221, 45.318756], [-94.1221, 45.318796], [-94.122096, 45.31884]]]}}, {"type": "Feature", "properties": {"depth_ft": 0.0, "lake": "Clearwater", "dow": "86025202"}, "geometry": {"type": "Polygon", "coordinates": [[[-94.121028, 45.31885], [-94.12109, 45.31887], [-94.121136, 45.318853], [-94.121112, 45.318818], [-94.121083, 45.318774], [-94.12106, 45.31879], [-94.121055, 45.31881], [-94.121027, 45.318826], [-94.121028, 45.31885]]]}}, {"type": "Feature", "properties": {"depth_ft": 0.0, "lake": "Clearwater", "dow": "86025202"}, "geometry": {"type": "Polygon", "coordinates": [[[-94.120498, 45.318491], [-94.120504, 45.318519], [-94.12055, 45.318523], [-94.12056, 45.318479], [-94.12052, 45.318443], [-94.120496, 45.318427], [-94.120457, 45.318431], [-94.120457, 45.318456], [-94.12048, 45.318475], [-94.120498, 45.318491]]]}}, {"type": "Feature", "properties": {"depth_ft": 0.0, "lake": "Clearwater", "dow": "86025202"}, "geometry": {"type": "Polygon", "coordinates": [[[-94.12009, 45.317981], [-94.120113, 45.318012], [-94.120143, 45.318068], [-94.12021, 45.318047], [-94.120249, 45.317999], [-94.120242, 45.317943], [-94.120196, 45.317919], [-94.120128, 45.317904], [-94.120087, 45.317856], [-94.120069, 45.317821], [-94.120019, 45.317853], [-94.119985, 45.317877], [-94.119934, 45.31787], [-94.119883, 45.317854], [-94.119842, 45.317835], [-94.119803, 45.317851], [-94.119821, 45.317875], [-94.119804, 45.317907], [-94.119811, 45.317971], [-94.119846, 45.318011], [-94.119903, 45.318026], [-94.119953, 45.317982], [-94.119993, 45.317957], [-94.120027, 45.317953], [-94.120067, 45.317965], [-94.12009, 45.317981]]]}}, {"type": "Feature", "properties": {"depth_ft": 0.0, "lake": "Clearwater", "dow": "86025202"}, "geometry": {"type": "Polygon", "coordinates": [[[-94.123588, 45.317221], [-94.123554, 45.317221], [-94.123497, 45.317242], [-94.123424, 45.317238], [-94.123349, 45.317187], [-94.12328, 45.317148], [-94.123205, 45.317104], [-94.123164, 45.317057], [-94.123072, 45.317009], [-94.122987, 45.31701], [-94.122896, 45.317011], [-94.122884, 45.316983], [-94.122895, 45.316951], [-94.122878, 45.316927], [-94.122877, 45.316903], [-94.122916, 45.316875], [-94.122915, 45.316803], [-94.12292, 45.316747], [-94.122908, 45.316719], [-94.122884, 45.316679], [-94.122821, 45.316647], [-94.12273, 45.316624], [-94.122763, 45.3166], [-94.122888, 45.316603], [-94.12294, 45.31663], [-94.122987, 45.316694], [-94.12305, 45.316725], [-94.123136, 45.316764], [-94.123222, 45.316824], [-94.123241, 45.3169], [-94.123282, 45.316951], [-94.123339, 45.316999], [-94.123436, 45.317014], [-94.123493, 45.317001], [-94.123522, 45.317029], [-94.123551, 45.317057], [-94.123625, 45.317096], [-94.123672, 45.317136], [-94.1237, 45.317135], [-94.123706, 45.317171], [-94.123696, 45.317204], [-94.123656, 45.31722], [-94.123639, 45.31722], [-94.123588, 45.317221]]]}}, {"type": "Feature", "properties": {"depth_ft": 0.0, "lake": "Clearwater", "dow": "86025202"}, "geometry": {"type": "Polygon", "coordinates": [[[-94.122904, 45.317127], [-94.122864, 45.317084], [-94.122817, 45.317032], [-94.122773, 45.317072], [-94.122716, 45.317097], [-94.122694, 45.317137], [-94.122655, 45.317162], [-94.122587, 45.317174], [-94.12253, 45.317183], [-94.12248, 45.317203], [-94.122435, 45.317224], [-94.122412, 45.31724], [-94.122373, 45.317273], [-94.122402, 45.317316], [-94.122443, 45.317344], [-94.1225, 45.317347], [-94.122527, 45.317315], [-94.122561, 45.317275], [-94.122685, 45.317242], [-94.122736, 45.317229], [-94.122844, 45.317224], [-94.122883, 45.317224], [-94.122917, 45.317199], [-94.122917, 45.317171], [-94.122904, 45.317127]]]}}, {"type": "Feature", "properties": {"depth_ft": 0.0, "lake": "Clearwater", "dow": "86025202"}, "geometry": {"type": "Polygon", "coordinates": [[[-94.122159, 45.317347], [-94.122159, 45.317379], [-94.122137, 45.317399], [-94.122126, 45.317427], [-94.122195, 45.317439], [-94.122256, 45.317402], [-94.122278, 45.317374], [-94.122266, 45.317318], [-94.122243, 45.317294], [-94.122175, 45.317295], [-94.12217, 45.317323], [-94.12217, 45.317335], [-94.122159, 45.317347]]]}}, {"type": "Feature", "properties": {"depth_ft": 0.0, "lake": "Clearwater", "dow": "86025202"}, "geometry": {"type": "Polygon", "coordinates": [[[-94.122355, 45.317205], [-94.122326, 45.317197], [-94.122308, 45.317149], [-94.122257, 45.317154], [-94.122241, 45.317194], [-94.122241, 45.317226], [-94.122271, 45.31727], [-94.122294, 45.317285], [-94.122339, 45.317261], [-94.122361, 45.317237], [-94.122355, 45.317205]]]}}, {"type": "Feature", "properties": {"depth_ft": 0.0, "lake": "Clearwater", "dow": "86025202"}, "geometry": {"type": "Polygon", "coordinates": [[[-94.12223, 45.316657], [-94.122156, 45.316654], [-94.122138, 45.316602], [-94.122103, 45.316538], [-94.122131, 45.316502], [-94.122199, 45.316537], [-94.122251, 45.316573], [-94.12232, 45.316604], [-94.122332, 45.31664], [-94.122287, 45.316653], [-94.122258, 45.316649], [-94.12223, 45.316657]]]}}, {"type": "Feature", "properties": {"depth_ft": 0.0, "lake": "Clearwater", "dow": "86025202"}, "geometry": {"type": "Polygon", "coordinates": [[[-94.121094, 45.317642], [-94.121196, 45.317633], [-94.121258, 45.317572], [-94.121325, 45.317507], [-94.121345, 45.317407], [-94.121326, 45.317311], [-94.12129, 45.317215], [-94.121277, 45.317111], [-94.121332, 45.31703], [-94.121382, 45.316982], [-94.121381, 45.316898], [-94.121362, 45.316798], [-94.121326, 45.316718], [-94.121251, 45.316635], [-94.121221, 45.316551], [-94.121173, 45.316443], [-94.121132, 45.316371], [-94.121108, 45.316316], [-94.121004, 45.316228], [-94.120929, 45.316181], [-94.120866, 45.31617], [-94.120815, 45.316178], [-94.120771, 45.316215], [-94.120766, 45.316243], [-94.120755, 45.316283], [-94.120762, 45.316327], [-94.120792, 45.316435], [-94.120844, 45.316482], [-94.120902, 45.316546], [-94.120932, 45.316602], [-94.120927, 45.316646], [-94.120876, 45.316654], [-94.120797, 45.316667], [-94.120757, 45.316696], [-94.120747, 45.316744], [-94.12076, 45.316808], [-94.120823, 45.316843], [-94.120932, 45.316906], [-94.120985, 45.316998], [-94.120981, 45.317074], [-94.120999, 45.317138], [-94.121001, 45.317222], [-94.120968, 45.317282], [-94.120952, 45.317314], [-94.120907, 45.317359], [-94.120834, 45.317396], [-94.120795, 45.317424], [-94.120795, 45.317452], [-94.120847, 45.317496], [-94.120933, 45.317551], [-94.121014, 45.31759], [-94.121043, 45.317634], [-94.121094, 45.317642]]]}}, {"type": "Feature", "properties": {"depth_ft": 0.0, "lake": "Clearwater", "dow": "86025202"}, "geometry": {"type": "Polygon", "coordinates": [[[-94.120302, 45.316364], [-94.12033, 45.316327], [-94.120397, 45.316298], [-94.120477, 45.316306], [-94.120551, 45.316321], [-94.120596, 45.316272], [-94.120617, 45.316212], [-94.120554, 45.316189], [-94.120486, 45.316197], [-94.120423, 45.316154], [-94.120371, 45.316106], [-94.12032, 45.316123], [-94.120281, 45.316143], [-94.120189, 45.316104], [-94.120143, 45.316069], [-94.120092, 45.316069], [-94.120076, 45.316125], [-94.120099, 45.316157], [-94.120191, 45.316188], [-94.120197, 45.316232], [-94.12017, 45.316273], [-94.120182, 45.316329], [-94.120194, 45.316349], [-94.120257, 45.31636], [-94.120302, 45.316364]]]}}, {"type": "Feature", "properties": {"depth_ft": 0.0, "lake": "Clearwater", "dow": "86025202"}, "geometry": {"type": "Polygon", "coordinates": [[[-94.119567, 45.317681], [-94.11963, 45.31772], [-94.119726, 45.317715], [-94.119737, 45.317671], [-94.119777, 45.317678], [-94.119833, 45.317642], [-94.119815, 45.31761], [-94.119741, 45.317595], [-94.11965, 45.317572], [-94.119597, 45.317492], [-94.119573, 45.31744], [-94.119515, 45.317389], [-94.119423, 45.317301], [-94.119382, 45.317266], [-94.119355, 45.317318], [-94.119311, 45.317407], [-94.119306, 45.317443], [-94.119221, 45.317448], [-94.119153, 45.31746], [-94.119097, 45.317489], [-94.119058, 45.317521], [-94.119088, 45.317589], [-94.11914, 45.317637], [-94.119197, 45.31768], [-94.119288, 45.317691], [-94.11943, 45.317682], [-94.119429, 45.317626], [-94.119429, 45.317598], [-94.119514, 45.317613], [-94.11956, 45.317657], [-94.119567, 45.317681]]]}}, {"type": "Feature", "properties": {"depth_ft": 0.0, "lake": "Clearwater", "dow": "86025202"}, "geometry": {"type": "Polygon", "coordinates": [[[-94.119425, 45.317113], [-94.119367, 45.317062], [-94.119298, 45.317038], [-94.119213, 45.317043], [-94.11907, 45.316996], [-94.118967, 45.316961], [-94.118893, 45.316938], [-94.118852, 45.31689], [-94.118891, 45.316842], [-94.118919, 45.31681], [-94.118912, 45.31677], [-94.118878, 45.316742], [-94.118872, 45.316718], [-94.118946, 45.316729], [-94.119019, 45.316697], [-94.119035, 45.316664], [-94.119017, 45.316612], [-94.118994, 45.316593], [-94.118931, 45.316561], [-94.118925, 45.316525], [-94.119033, 45.316528], [-94.119175, 45.316555], [-94.119244, 45.316578], [-94.119324, 45.316609], [-94.119398, 45.316641], [-94.119416, 45.316693], [-94.119361, 45.316737], [-94.119316, 45.316782], [-94.11938, 45.316869], [-94.119403, 45.316897], [-94.119473, 45.31696], [-94.119543, 45.317044], [-94.119577, 45.317072], [-94.119651, 45.317067], [-94.119662, 45.317023], [-94.119701, 45.317026], [-94.11972, 45.317078], [-94.119726, 45.317126], [-94.119738, 45.317146], [-94.119733, 45.317182], [-94.119693, 45.317191], [-94.119613, 45.317159], [-94.119584, 45.317136], [-94.119521, 45.317112], [-94.119465, 45.317113], [-94.119425, 45.317113]]]}}, {"type": "Feature", "properties": {"depth_ft": 0.0, "lake": "Clearwater", "dow": "86025202"}, "geometry": {"type": "Polygon", "coordinates": [[[-94.122132, 45.316339], [-94.12208, 45.3163], [-94.122062, 45.316236], [-94.121976, 45.316205], [-94.121975, 45.316173], [-94.121935, 45.316137], [-94.121878, 45.316142], [-94.121854, 45.316106], [-94.121865, 45.316074], [-94.12191, 45.316021], [-94.121966, 45.315989], [-94.12204, 45.316024], [-94.122081, 45.316064], [-94.122099, 45.316095], [-94.122128, 45.316127], [-94.122156, 45.316131], [-94.122202, 45.316146], [-94.122242, 45.316178], [-94.122272, 45.316222], [-94.122267, 45.316262], [-94.12225, 45.316294], [-94.122228, 45.316322], [-94.122234, 45.31635], [-94.122195, 45.316351], [-94.122172, 45.316347], [-94.122132, 45.316339]]]}}, {"type": "Feature", "properties": {"depth_ft": 0.0, "lake": "Clearwater", "dow": "86025202"}, "geometry": {"type": "Polygon", "coordinates": [[[-94.121597, 45.316301], [-94.121557, 45.316313], [-94.121512, 45.316305], [-94.121465, 45.316258], [-94.121391, 45.316227], [-94.121322, 45.316203], [-94.121253, 45.316172], [-94.121174, 45.316157], [-94.121094, 45.316145], [-94.120985, 45.316122], [-94.120922, 45.316099], [-94.120905, 45.316083], [-94.120893, 45.316035], [-94.120914, 45.315971], [-94.12097, 45.31591], [-94.120998, 45.31587], [-94.121019, 45.315806], [-94.121046, 45.315753], [-94.121079, 45.315685], [-94.121135, 45.315644], [-94.121197, 45.315612], [-94.121326, 45.315526], [-94.121314, 45.315494], [-94.121291, 45.315462], [-94.121267, 45.315423], [-94.121288, 45.315346], [-94.121288, 45.315322], [-94.121259, 45.315291], [-94.121281, 45.315242], [-94.12136, 45.315249], [-94.121423, 45.315273], [-94.121441, 45.315305], [-94.121436, 45.315353], [-94.121454, 45.315389], [-94.12146, 45.315425], [-94.121461, 45.315481], [-94.121468, 45.315529], [-94.121504, 45.315601], [-94.121591, 45.315688], [-94.121642, 45.315719], [-94.121723, 45.315783], [-94.121781, 45.315814], [-94.121782, 45.31587], [-94.1218, 45.31595], [-94.121829, 45.315982], [-94.121824, 45.316026], [-94.121757, 45.316067], [-94.121707, 45.316107], [-94.121702, 45.316159], [-94.121697, 45.316211], [-94.121704, 45.316239], [-94.121682, 45.316272], [-94.121648, 45.316288], [-94.121597, 45.316301]]]}}, {"type": "Feature", "properties": {"depth_ft": 0.0, "lake": "Clearwater", "dow": "86025202"}, "geometry": {"type": "Polygon", "coordinates": [[[-94.12123, 45.315019], [-94.121246, 45.315019], [-94.121287, 45.315007], [-94.121282, 45.314967], [-94.121208, 45.314973], [-94.12118, 45.314994], [-94.121197, 45.315014], [-94.121217, 45.315014], [-94.12123, 45.315019]]]}}, {"type": "Feature", "properties": {"depth_ft": 0.0, "lake": "Clearwater", "dow": "86025202"}, "geometry": {"type": "Polygon", "coordinates": [[[-94.121315, 45.314133], [-94.121361, 45.314179], [-94.121428, 45.314219], [-94.121501, 45.314212], [-94.121451, 45.314137], [-94.121438, 45.314108], [-94.121424, 45.314065], [-94.121366, 45.31404], [-94.121399, 45.313999], [-94.121373, 45.313953], [-94.121275, 45.313968], [-94.121247, 45.313997], [-94.121243, 45.314032], [-94.121236, 45.314061], [-94.121265, 45.314075], [-94.12129, 45.314095], [-94.121294, 45.314116], [-94.121315, 45.314133]]]}}, {"type": "Feature", "properties": {"depth_ft": 0.0, "lake": "Clearwater", "dow": "86025202"}, "geometry": {"type": "Polygon", "coordinates": [[[-94.131877, 45.314794], [-94.131896, 45.314824], [-94.131963, 45.314797], [-94.132048, 45.314766], [-94.132059, 45.314723], [-94.132028, 45.314706], [-94.132003, 45.31468], [-94.131941, 45.314642], [-94.131893, 45.314643], [-94.131844, 45.314643], [-94.131838, 45.314682], [-94.131882, 45.314733], [-94.131877, 45.314772], [-94.131877, 45.314794]]]}}, {"type": "Feature", "properties": {"depth_ft": 0.0, "lake": "Clearwater", "dow": "86025202"}, "geometry": {"type": "Polygon", "coordinates": [[[-94.131736, 45.314761], [-94.131718, 45.314795], [-94.131676, 45.314809], [-94.131646, 45.314839], [-94.131597, 45.314853], [-94.131578, 45.314814], [-94.131566, 45.314788], [-94.131601, 45.31474], [-94.131638, 45.314723], [-94.131649, 45.314688], [-94.13171, 45.314679], [-94.131753, 45.314674], [-94.131778, 45.314696], [-94.13176, 45.314748], [-94.131736, 45.314761]]]}}, {"type": "Feature", "properties": {"depth_ft": 0.0, "lake": "Clearwater", "dow": "86025202"}, "geometry": {"type": "Polygon", "coordinates": [[[-94.131483, 45.314948], [-94.131465, 45.314979], [-94.131404, 45.314979], [-94.131294, 45.314959], [-94.131269, 45.314942], [-94.131317, 45.314911], [-94.13139, 45.314893], [-94.131439, 45.314867], [-94.131494, 45.314875], [-94.131513, 45.314888], [-94.131507, 45.314922], [-94.131483, 45.314948]]]}}, {"type": "Feature", "properties": {"depth_ft": 0.0, "lake": "Clearwater", "dow": "86025202"}, "geometry": {"type": "Polygon", "coordinates": [[[-94.1309, 45.315109], [-94.130967, 45.315109], [-94.131034, 45.315086], [-94.131033, 45.315056], [-94.131002, 45.315026], [-94.130941, 45.315036], [-94.130892, 45.315045], [-94.130844, 45.315045], [-94.130813, 45.315067], [-94.130808, 45.315093], [-94.130839, 45.315114], [-94.1309, 45.315109]]]}}, {"type": "Feature", "properties": {"depth_ft": 0.0, "lake": "Clearwater", "dow": "86025202"}, "geometry": {"type": "Polygon", "coordinates": [[[-94.130723, 45.315111], [-94.130656, 45.31515], [-94.130589, 45.315155], [-94.130521, 45.315126], [-94.130484, 45.31507], [-94.130434, 45.315032], [-94.130373, 45.315041], [-94.130287, 45.315012], [-94.130213, 45.314978], [-94.130102, 45.314945], [-94.130065, 45.314928], [-94.130004, 45.31492], [-94.129937, 45.314929], [-94.129857, 45.314896], [-94.129807, 45.314857], [-94.129764, 45.314828], [-94.129679, 45.314854], [-94.129618, 45.314855], [-94.129562, 45.314812], [-94.129567, 45.314769], [-94.129579, 45.314748], [-94.129529, 45.314718], [-94.129468, 45.314697], [-94.129412, 45.31465], [-94.129386, 45.314586], [-94.129398, 45.314564], [-94.129447, 45.314542], [-94.129458, 45.314512], [-94.129543, 45.314464], [-94.129635, 45.31448], [-94.129715, 45.314544], [-94.129801, 45.314569], [-94.129887, 45.314559], [-94.129954, 45.314572], [-94.130084, 45.314635], [-94.130109, 45.314682], [-94.130128, 45.314725], [-94.130105, 45.314777], [-94.130087, 45.314811], [-94.130039, 45.314833], [-94.129996, 45.314847], [-94.129991, 45.314864], [-94.130046, 45.314881], [-94.13012, 45.314906], [-94.130236, 45.314922], [-94.130272, 45.314904], [-94.130241, 45.314853], [-94.13024, 45.314793], [-94.130288, 45.314753], [-94.130379, 45.314748], [-94.130471, 45.314752], [-94.130563, 45.314764], [-94.130631, 45.314797], [-94.130662, 45.314823], [-94.130651, 45.314875], [-94.130609, 45.314905], [-94.130566, 45.314936], [-94.130542, 45.31494], [-94.130518, 45.314967], [-94.130561, 45.31497], [-94.130585, 45.31497], [-94.130622, 45.314991], [-94.130702, 45.315012], [-94.130751, 45.315012], [-94.130764, 45.315042], [-94.130759, 45.315089], [-94.130747, 45.315115], [-94.130723, 45.315111]]]}}, {"type": "Feature", "properties": {"depth_ft": 0.0, "lake": "Clearwater", "dow": "86025202"}, "geometry": {"type": "Polygon", "coordinates": [[[-94.129026, 45.314598], [-94.129033, 45.314632], [-94.129089, 45.314671], [-94.129174, 45.31467], [-94.129222, 45.314635], [-94.129301, 45.314617], [-94.129301, 45.314582], [-94.129282, 45.314561], [-94.129287, 45.314518], [-94.129201, 45.314463], [-94.129126, 45.31442], [-94.129046, 45.314348], [-94.129027, 45.314318], [-94.128934, 45.314276], [-94.128891, 45.314246], [-94.128854, 45.314225], [-94.128829, 45.314199], [-94.128865, 45.314165], [-94.128894, 45.314125], [-94.128863, 45.314078], [-94.128845, 45.314087], [-94.128796, 45.314101], [-94.128723, 45.314101], [-94.128704, 45.314093], [-94.128674, 45.314093], [-94.128613, 45.314107], [-94.128638, 45.314154], [-94.128633, 45.314214], [-94.128677, 45.314257], [-94.128738, 45.314252], [-94.128782, 45.31429], [-94.128819, 45.314303], [-94.12885, 45.314337], [-94.128844, 45.314367], [-94.128918, 45.314405], [-94.128968, 45.314461], [-94.128987, 45.314482], [-94.129012, 45.314512], [-94.129019, 45.314555], [-94.129026, 45.314585], [-94.129026, 45.314598]]]}}, {"type": "Feature", "properties": {"depth_ft": 0.0, "lake": "Clearwater", "dow": "86025202"}, "geometry": {"type": "Polygon", "coordinates": [[[-94.128967, 45.314689], [-94.128955, 45.314719], [-94.128894, 45.31472], [-94.128802, 45.314695], [-94.128721, 45.31464], [-94.128703, 45.314623], [-94.128635, 45.314598], [-94.128598, 45.314568], [-94.128609, 45.314529], [-94.128639, 45.314494], [-94.128626, 45.31446], [-94.128662, 45.314412], [-94.128717, 45.314399], [-94.12876, 45.314411], [-94.128773, 45.31445], [-94.128779, 45.314488], [-94.128798, 45.314501], [-94.128829, 45.314509], [-94.128872, 45.314535], [-94.128897, 45.314565], [-94.128946, 45.314573], [-94.128959, 45.314586], [-94.128971, 45.31462], [-94.128978, 45.31465], [-94.128967, 45.314689]]]}}, {"type": "Feature", "properties": {"depth_ft": 0.0, "lake": "Clearwater", "dow": "86025202"}, "geometry": {"type": "Polygon", "coordinates": [[[-94.128569, 45.314348], [-94.128526, 45.314344], [-94.128471, 45.314328], [-94.12847, 45.314293], [-94.128512, 45.314271], [-94.128574, 45.314284], [-94.128617, 45.314305], [-94.128618, 45.314348], [-94.128625, 45.314382], [-94.128601, 45.3144], [-94.128576, 45.314387], [-94.128581, 45.314361], [-94.128569, 45.314348]]]}}, {"type": "Feature", "properties": {"depth_ft": 0.0, "lake": "Clearwater", "dow": "86025202"}, "geometry": {"type": "Polygon", "coordinates": [[[-94.125971, 45.31069], [-94.125966, 45.310728], [-94.125966, 45.310769], [-94.126003, 45.310807], [-94.126055, 45.310773], [-94.126078, 45.310752], [-94.126125, 45.310735], [-94.126101, 45.310701], [-94.126053, 45.310673], [-94.126017, 45.310632], [-94.126004, 45.310582], [-94.125979, 45.310532], [-94.125949, 45.310499], [-94.125919, 45.310449], [-94.125877, 45.310408], [-94.12587, 45.310358], [-94.125898, 45.310324], [-94.125945, 45.310274], [-94.12595, 45.310236], [-94.12595, 45.310228], [-94.125902, 45.31022], [-94.12589, 45.3102], [-94.125878, 45.310166], [-94.125818, 45.310163], [-94.125771, 45.310147], [-94.12573, 45.310168], [-94.125737, 45.310218], [-94.125767, 45.310247], [-94.125803, 45.310284], [-94.125822, 45.310317], [-94.125828, 45.310342], [-94.125823, 45.310367], [-94.125811, 45.310388], [-94.125847, 45.310417], [-94.125854, 45.310454], [-94.125849, 45.3105], [-94.12582, 45.310525], [-94.125856, 45.310575], [-94.125904, 45.310591], [-94.125934, 45.310603], [-94.125957, 45.310615], [-94.125981, 45.310632], [-94.125982, 45.310657], [-94.125971, 45.31069]]]}}, {"type": "Feature", "properties": {"depth_ft": 0.0, "lake": "Clearwater", "dow": "86025202"}, "geometry": {"type": "Polygon", "coordinates": [[[-94.125639, 45.31036], [-94.125604, 45.310386], [-94.12557, 45.310424], [-94.125516, 45.310387], [-94.125497, 45.310333], [-94.125472, 45.310283], [-94.125436, 45.310233], [-94.125501, 45.310216], [-94.125542, 45.310236], [-94.125637, 45.310269], [-94.125668, 45.310302], [-94.125662, 45.310331], [-94.125639, 45.31036]]]}}, {"type": "Feature", "properties": {"depth_ft": 0.0, "lake": "Clearwater", "dow": "86025202"}, "geometry": {"type": "Polygon", "coordinates": [[[-94.124575, 45.31182], [-94.124529, 45.311871], [-94.124459, 45.311905], [-94.124369, 45.311872], [-94.12431, 45.31184], [-94.124263, 45.311861], [-94.12421, 45.311891], [-94.124115, 45.311858], [-94.124014, 45.311809], [-94.123972, 45.31178], [-94.1239, 45.311748], [-94.123846, 45.311694], [-94.123803, 45.311615], [-94.123761, 45.311558], [-94.123712, 45.311508], [-94.123634, 45.311438], [-94.123592, 45.311409], [-94.123574, 45.31138], [-94.123538, 45.311352], [-94.123555, 45.311293], [-94.123577, 45.311255], [-94.123577, 45.311214], [-94.123541, 45.311227], [-94.1235, 45.311227], [-94.123476, 45.311198], [-94.123446, 45.311169], [-94.123416, 45.311144], [-94.123368, 45.311112], [-94.12329, 45.311067], [-94.123214, 45.31108], [-94.123077, 45.311056], [-94.123053, 45.311002], [-94.123093, 45.310969], [-94.123075, 45.310923], [-94.123044, 45.31089], [-94.122996, 45.310845], [-94.122954, 45.310799], [-94.122924, 45.310749], [-94.122976, 45.310711], [-94.122916, 45.310679], [-94.12288, 45.31065], [-94.122915, 45.310616], [-94.122986, 45.310603], [-94.123057, 45.310602], [-94.123127, 45.310606], [-94.123181, 45.31063], [-94.123247, 45.310659], [-94.123289, 45.310692], [-94.123331, 45.310745], [-94.123356, 45.310812], [-94.123381, 45.310878], [-94.123394, 45.310932], [-94.123424, 45.310982], [-94.123503, 45.311056], [-94.123563, 45.311118], [-94.123588, 45.311176], [-94.123612, 45.311226], [-94.123631, 45.311271], [-94.123667, 45.311292], [-94.123762, 45.311303], [-94.123803, 45.311303], [-94.123856, 45.311319], [-94.123887, 45.311365], [-94.123864, 45.311398], [-94.123858, 45.311423], [-94.123877, 45.311473], [-94.123936, 45.311452], [-94.123971, 45.311435], [-94.124012, 45.311426], [-94.124077, 45.3114], [-94.124106, 45.3114], [-94.124201, 45.311395], [-94.124229, 45.311361], [-94.124199, 45.311295], [-94.124245, 45.31127], [-94.124304, 45.311236], [-94.124375, 45.311252], [-94.124405, 45.31128], [-94.124441, 45.311313], [-94.124519, 45.311367], [-94.12455, 45.311417], [-94.124562, 45.311458], [-94.124539, 45.311487], [-94.12451, 45.3115], [-94.124469, 45.311521], [-94.12444, 45.311568], [-94.124423, 45.311593], [-94.124394, 45.311614], [-94.124394, 45.31163], [-94.124431, 45.311672], [-94.124496, 45.311692], [-94.124561, 45.311716], [-94.124597, 45.311737], [-94.124616, 45.311774], [-94.124598, 45.311795], [-94.124575, 45.31182]]]}}, {"type": "Feature", "properties": {"depth_ft": 0.0, "lake": "Clearwater", "dow": "86025202"}, "geometry": {"type": "Polygon", "coordinates": [[[-94.122881, 45.311262], [-94.122833, 45.311238], [-94.122796, 45.311188], [-94.122707, 45.311139], [-94.122653, 45.311098], [-94.122587, 45.311048], [-94.122533, 45.311024], [-94.122538, 45.310978], [-94.122579, 45.310944], [-94.12262, 45.310915], [-94.122625, 45.310886], [-94.122672, 45.310881], [-94.122744, 45.310918], [-94.122715, 45.310943], [-94.122679, 45.310943], [-94.122662, 45.310964], [-94.122662, 45.310989], [-94.122663, 45.311019], [-94.122705, 45.311051], [-94.122723, 45.311072], [-94.122777, 45.311084], [-94.122835, 45.311063], [-94.122853, 45.311046], [-94.122882, 45.311058], [-94.122883, 45.311091], [-94.122959, 45.311074], [-94.122989, 45.311061], [-94.123019, 45.311073], [-94.122984, 45.311103], [-94.12296, 45.31112], [-94.122925, 45.311124], [-94.122872, 45.311116], [-94.122825, 45.311129], [-94.122826, 45.311175], [-94.122832, 45.311188], [-94.122862, 45.311212], [-94.122903, 45.311216], [-94.122957, 45.311241], [-94.122987, 45.311257], [-94.123029, 45.311298], [-94.122994, 45.311315], [-94.122946, 45.311291], [-94.122922, 45.311274], [-94.122881, 45.311262]]]}}, {"type": "Feature", "properties": {"depth_ft": 0.0, "lake": "Clearwater", "dow": "86025202"}, "geometry": {"type": "Polygon", "coordinates": [[[-94.122265, 45.310902], [-94.122295, 45.31091], [-94.122325, 45.310943], [-94.12239, 45.310946], [-94.122484, 45.310937], [-94.122519, 45.310916], [-94.122501, 45.310879], [-94.122477, 45.310866], [-94.1224, 45.310838], [-94.122369, 45.310813], [-94.122375, 45.310776], [-94.122362, 45.31073], [-94.122315, 45.310747], [-94.122256, 45.31076], [-94.122227, 45.31079], [-94.122228, 45.310823], [-94.122229, 45.31086], [-94.122229, 45.310894], [-94.122265, 45.310902]]]}}, {"type": "Feature", "properties": {"depth_ft": 0.0, "lake": "Clearwater", "dow": "86025202"}, "geometry": {"type": "LineString", "coordinates": [[-94.122468, 45.3107], [-94.122486, 45.310737], [-94.122457, 45.310762], [-94.122487, 45.310795], [-94.122529, 45.310812], [-94.122564, 45.310799], [-94.122629, 45.310794], [-94.122676, 45.310781], [-94.122658, 45.310756], [-94.122599, 45.310765], [-94.122528, 45.310757], [-94.122545, 45.310724], [-94.122545, 45.310707], [-94.12252, 45.310674], [-94.122473, 45.310671], [-94.122467, 45.310683]]}}, {"type": "Feature", "properties": {"depth_ft": 0.0, "lake": "Clearwater", "dow": "86025202"}, "geometry": {"type": "Polygon", "coordinates": [[[-94.124492, 45.310921], [-94.124421, 45.310896], [-94.124344, 45.310885], [-94.124273, 45.310877], [-94.124243, 45.310869], [-94.124195, 45.310844], [-94.124189, 45.310811], [-94.124188, 45.310753], [-94.124234, 45.310711], [-94.124334, 45.310689], [-94.124423, 45.31068], [-94.124505, 45.310679], [-94.124553, 45.310712], [-94.124566, 45.310745], [-94.124573, 45.310803], [-94.124574, 45.31087], [-94.124575, 45.310907], [-94.124575, 45.31092], [-94.124534, 45.310924], [-94.124522, 45.31092], [-94.124492, 45.310921]]]}}, {"type": "Feature", "properties": {"depth_ft": 0.0, "lake": "Clearwater", "dow": "86025202"}, "geometry": {"type": "Polygon", "coordinates": [[[-94.123951, 45.310451], [-94.124077, 45.310517], [-94.124136, 45.310504], [-94.124147, 45.310462], [-94.124151, 45.310366], [-94.124143, 45.310304], [-94.124148, 45.310233], [-94.124117, 45.310154], [-94.124028, 45.310151], [-94.123951, 45.310155], [-94.123939, 45.310135], [-94.123945, 45.31011], [-94.123868, 45.310119], [-94.123809, 45.310144], [-94.123767, 45.310103], [-94.123749, 45.310053], [-94.12373, 45.310029], [-94.123665, 45.310008], [-94.123588, 45.309997], [-94.123524, 45.310035], [-94.123501, 45.310068], [-94.123429, 45.31004], [-94.123387, 45.310015], [-94.123334, 45.309995], [-94.123275, 45.31], [-94.123264, 45.310041], [-94.123265, 45.310083], [-94.123384, 45.310115], [-94.123473, 45.310139], [-94.123551, 45.310197], [-94.123688, 45.310283], [-94.12379, 45.310353], [-94.123838, 45.310394], [-94.123921, 45.310426], [-94.123951, 45.310451]]]}}, {"type": "Feature", "properties": {"depth_ft": 0.0, "lake": "Clearwater", "dow": "86025202"}, "geometry": {"type": "Polygon", "coordinates": [[[-94.137725, 45.308078], [-94.137803, 45.308108], [-94.137902, 45.308102], [-94.137986, 45.308041], [-94.138006, 45.307976], [-94.137941, 45.307912], [-94.137891, 45.307882], [-94.137975, 45.307831], [-94.138138, 45.30784], [-94.138251, 45.307844], [-94.138328, 45.307783], [-94.138447, 45.307737], [-94.138532, 45.307691], [-94.138645, 45.307685], [-94.13868, 45.30768], [-94.138737, 45.307674], [-94.138801, 45.307713], [-94.138915, 45.307727], [-94.139, 45.307741], [-94.139077, 45.307686], [-94.139138, 45.307575], [-94.139131, 45.307555], [-94.139244, 45.307544], [-94.139336, 45.307573], [-94.139443, 45.307587], [-94.139506, 45.307576], [-94.139527, 45.307546], [-94.139449, 45.307527], [-94.139427, 45.307492], [-94.139369, 45.307458], [-94.139306, 45.307459], [-94.139241, 45.307429], [-94.139276, 45.307404], [-94.139261, 45.307364], [-94.139197, 45.307355], [-94.139119, 45.307341], [-94.139033, 45.307292], [-94.138956, 45.307302], [-94.138906, 45.307318], [-94.138799, 45.307269], [-94.138742, 45.30725], [-94.138629, 45.307261], [-94.13863, 45.307301], [-94.138765, 45.307339], [-94.138716, 45.30738], [-94.13866, 45.3074], [-94.138554, 45.307401], [-94.13844, 45.307357], [-94.138383, 45.307363], [-94.138377, 45.307418], [-94.138286, 45.307469], [-94.138259, 45.307509], [-94.138253, 45.307574], [-94.13819, 45.307605], [-94.138127, 45.307625], [-94.13802, 45.307591], [-94.13797, 45.307577], [-94.1379, 45.307607], [-94.137829, 45.307613], [-94.137729, 45.307564], [-94.137622, 45.307555], [-94.13761, 45.307615], [-94.13766, 45.307645], [-94.137767, 45.307699], [-94.137747, 45.307744], [-94.137705, 45.307799], [-94.137642, 45.30784], [-94.137622, 45.30789], [-94.137581, 45.307945], [-94.13751, 45.307966], [-94.137475, 45.307971], [-94.137397, 45.307982], [-94.137356, 45.308017], [-94.137328, 45.308077], [-94.137337, 45.308127], [-94.137358, 45.308162], [-94.137401, 45.308162], [-94.137472, 45.308151], [-94.137577, 45.30811], [-94.137626, 45.308079], [-94.137725, 45.308078]]]}}, {"type": "Feature", "properties": {"depth_ft": 0.0, "lake": "Clearwater", "dow": "86025202"}, "geometry": {"type": "Polygon", "coordinates": [[[-94.133475, 45.307575], [-94.13336, 45.307486], [-94.13321, 45.307408], [-94.133122, 45.307274], [-94.133029, 45.30718], [-94.132992, 45.3071], [-94.133004, 45.307025], [-94.132967, 45.306936], [-94.132889, 45.306931], [-94.132852, 45.306872], [-94.132815, 45.306752], [-94.132751, 45.306758], [-94.132659, 45.306734], [-94.13263, 45.306699], [-94.132614, 45.30665], [-94.132613, 45.30657], [-94.132604, 45.30649], [-94.132581, 45.306405], [-94.13258, 45.30633], [-94.132592, 45.306255], [-94.132641, 45.30619], [-94.132633, 45.30614], [-94.132625, 45.306095], [-94.132652, 45.30606], [-94.132795, 45.306124], [-94.132846, 45.306178], [-94.132911, 45.306257], [-94.132969, 45.306347], [-94.132984, 45.306386], [-94.133007, 45.306471], [-94.133031, 45.306571], [-94.133082, 45.306665], [-94.133112, 45.306725], [-94.133121, 45.306824], [-94.133137, 45.306959], [-94.13314, 45.307074], [-94.133156, 45.307193], [-94.133165, 45.307263], [-94.133209, 45.307333], [-94.13328, 45.307362], [-94.133344, 45.307376], [-94.133472, 45.3074], [-94.13355, 45.307414], [-94.133615, 45.307483], [-94.133538, 45.307504], [-94.133517, 45.307519], [-94.133581, 45.307544], [-94.13361, 45.307573], [-94.13354, 45.307594], [-94.133525, 45.307594], [-94.133475, 45.307575]]]}}, {"type": "Feature", "properties": {"depth_ft": 0.0, "lake": "Clearwater", "dow": "86025202"}, "geometry": {"type": "Polygon", "coordinates": [[[-94.134044, 45.307349], [-94.134024, 45.30739], [-94.134074, 45.307429], [-94.134116, 45.307399], [-94.134094, 45.307349], [-94.134121, 45.307299], [-94.134149, 45.307258], [-94.134134, 45.307219], [-94.134104, 45.307154], [-94.134091, 45.307184], [-94.134077, 45.307214], [-94.134078, 45.307259], [-94.13405, 45.307284], [-94.13403, 45.307315], [-94.13403, 45.30734], [-94.134044, 45.307349]]]}}, {"type": "Feature", "properties": {"depth_ft": 0.0, "lake": "Clearwater", "dow": "86025202"}, "geometry": {"type": "Polygon", "coordinates": [[[-94.133696, 45.307253], [-94.133759, 45.307222], [-94.133843, 45.307202], [-94.13392, 45.307166], [-94.133878, 45.307146], [-94.1338, 45.307152], [-94.133751, 45.307173], [-94.133694, 45.307193], [-94.133674, 45.307233], [-94.133675, 45.307268], [-94.133696, 45.307253]]]}}, {"type": "Feature", "properties": {"depth_ft": 0.0, "lake": "Clearwater", "dow": "86025202"}, "geometry": {"type": "Polygon", "coordinates": [[[-94.130041, 45.306699], [-94.130077, 45.306729], [-94.130114, 45.306798], [-94.130169, 45.306738], [-94.130161, 45.306678], [-94.130111, 45.306648], [-94.130019, 45.306639], [-94.12997, 45.30666], [-94.129999, 45.306689], [-94.130041, 45.306699]]]}}, {"type": "Feature", "properties": {"depth_ft": 0.0, "lake": "Clearwater", "dow": "86025202"}, "geometry": {"type": "Polygon", "coordinates": [[[-94.129992, 45.306364], [-94.129963, 45.306324], [-94.129978, 45.30625], [-94.129933, 45.306183], [-94.12986, 45.306166], [-94.129771, 45.306136], [-94.129664, 45.306046], [-94.129611, 45.305987], [-94.129517, 45.30594], [-94.129428, 45.305915], [-94.129375, 45.305893], [-94.129287, 45.305883], [-94.129283, 45.305919], [-94.12932, 45.305953], [-94.129313, 45.305976], [-94.129269, 45.305991], [-94.129168, 45.305986], [-94.129096, 45.305995], [-94.129024, 45.306027], [-94.128947, 45.306008], [-94.128926, 45.305949], [-94.128881, 45.305909], [-94.128836, 45.305861], [-94.128767, 45.305831], [-94.128778, 45.305777], [-94.128741, 45.305752], [-94.128648, 45.305747], [-94.128551, 45.305734], [-94.128462, 45.305706], [-94.128433, 45.305655], [-94.128489, 45.305632], [-94.128578, 45.30566], [-94.128679, 45.305684], [-94.128699, 45.30567], [-94.12867, 45.305647], [-94.128734, 45.30561], [-94.128701, 45.305579], [-94.128677, 45.305554], [-94.128728, 45.305499], [-94.128792, 45.305479], [-94.12886, 45.305467], [-94.128909, 45.305526], [-94.128931, 45.305571], [-94.128919, 45.3056], [-94.128843, 45.305612], [-94.128884, 45.305651], [-94.12896, 45.305662], [-94.129014, 45.305709], [-94.129054, 45.305729], [-94.129059, 45.305754], [-94.129069, 45.305834], [-94.129105, 45.305836], [-94.12914, 45.305796], [-94.129196, 45.305773], [-94.129312, 45.305752], [-94.129376, 45.305734], [-94.129506, 45.305775], [-94.129587, 45.305811], [-94.129636, 45.305862], [-94.129723, 45.305943], [-94.129704, 45.306003], [-94.129761, 45.306034], [-94.129813, 45.306019], [-94.12984, 45.305962], [-94.129888, 45.305948], [-94.129897, 45.305993], [-94.129869, 45.306024], [-94.129882, 45.306055], [-94.129898, 45.306075], [-94.129947, 45.306117], [-94.129955, 45.306077], [-94.129987, 45.306074], [-94.130019, 45.306102], [-94.130024, 45.306136], [-94.130009, 45.306182], [-94.130042, 45.30623], [-94.130079, 45.306258], [-94.130108, 45.306283], [-94.130113, 45.306343], [-94.130077, 45.306366], [-94.130029, 45.306369], [-94.129992, 45.306364]]]}}, {"type": "Feature", "properties": {"depth_ft": 0.0, "lake": "Clearwater", "dow": "86025202"}, "geometry": {"type": "Polygon", "coordinates": [[[-94.129321, 45.305567], [-94.129381, 45.30557], [-94.129429, 45.305552], [-94.129429, 45.305524], [-94.1294, 45.305493], [-94.129363, 45.30549], [-94.129348, 45.305519], [-94.129324, 45.305533], [-94.129316, 45.305553], [-94.129321, 45.305567]]]}}, {"type": "Feature", "properties": {"depth_ft": 0.0, "lake": "Clearwater", "dow": "86025202"}, "geometry": {"type": "Polygon", "coordinates": [[[-94.124178, 45.309043], [-94.124284, 45.309027], [-94.12439, 45.309001], [-94.124453, 45.308955], [-94.124466, 45.3089], [-94.124529, 45.308865], [-94.124527, 45.3088], [-94.124455, 45.308711], [-94.124369, 45.308652], [-94.124305, 45.308637], [-94.124284, 45.308672], [-94.12425, 45.308718], [-94.124201, 45.308743], [-94.124137, 45.308749], [-94.124067, 45.308774], [-94.124019, 45.30885], [-94.123992, 45.308955], [-94.123986, 45.309], [-94.124007, 45.309005], [-94.124043, 45.309019], [-94.124072, 45.309044], [-94.124136, 45.309048], [-94.124178, 45.309043]]]}}, {"type": "Feature", "properties": {"depth_ft": 0.0, "lake": "Clearwater", "dow": "86025202"}, "geometry": {"type": "Polygon", "coordinates": [[[-94.130696, 45.303447], [-94.130717, 45.303459], [-94.130747, 45.303419], [-94.130776, 45.303383], [-94.130854, 45.303415], [-94.130905, 45.303445], [-94.130931, 45.303457], [-94.130974, 45.303435], [-94.13099, 45.30339], [-94.130967, 45.303333], [-94.131014, 45.30332], [-94.131022, 45.303296], [-94.131021, 45.303251], [-94.130977, 45.303188], [-94.130921, 45.303161], [-94.130882, 45.303128], [-94.130893, 45.30305], [-94.130829, 45.303023], [-94.130742, 45.302991], [-94.130656, 45.302967], [-94.130613, 45.302932], [-94.130565, 45.302878], [-94.130555, 45.302817], [-94.130571, 45.302763], [-94.130549, 45.30273], [-94.130475, 45.302703], [-94.130457, 45.302643], [-94.130448, 45.302601], [-94.130392, 45.302593], [-94.130375, 45.30262], [-94.130315, 45.302578], [-94.130335, 45.302554], [-94.130309, 45.302515], [-94.130304, 45.302488], [-94.130265, 45.302479], [-94.130232, 45.302504], [-94.13025, 45.302552], [-94.130268, 45.302588], [-94.13026, 45.302651], [-94.130274, 45.302684], [-94.130356, 45.302726], [-94.130374, 45.302756], [-94.130362, 45.302798], [-94.130328, 45.30282], [-94.130268, 45.302823], [-94.130251, 45.302851], [-94.130291, 45.302883], [-94.130364, 45.302907], [-94.130364, 45.302931], [-94.130331, 45.302983], [-94.130333, 45.303055], [-94.13041, 45.303085], [-94.130432, 45.303096], [-94.130429, 45.303145], [-94.130416, 45.303169], [-94.130417, 45.30319], [-94.130375, 45.30323], [-94.130345, 45.303266], [-94.130388, 45.303266], [-94.13043, 45.303241], [-94.13043, 45.303217], [-94.130447, 45.303199], [-94.130464, 45.303208], [-94.130477, 45.303238], [-94.130465, 45.303274], [-94.130462, 45.303316], [-94.130523, 45.303358], [-94.130574, 45.303367], [-94.130596, 45.303388], [-94.130631, 45.303424], [-94.130678, 45.303438], [-94.130696, 45.303447]]]}}, {"type": "Feature", "properties": {"depth_ft": 0.0, "lake": "Clearwater", "dow": "86025202"}, "geometry": {"type": "Polygon", "coordinates": [[[-94.12989, 45.30254], [-94.12986, 45.302541], [-94.129766, 45.302547], [-94.129792, 45.302574], [-94.129852, 45.302586], [-94.129891, 45.30261], [-94.129935, 45.302654], [-94.129978, 45.302678], [-94.130008, 45.302672], [-94.130055, 45.302671], [-94.130063, 45.302632], [-94.130114, 45.302598], [-94.130053, 45.302554], [-94.130009, 45.302515], [-94.129988, 45.302536], [-94.12998, 45.30256], [-94.129941, 45.302549], [-94.12992, 45.30254], [-94.12989, 45.30254]]]}}, {"type": "Feature", "properties": {"depth_ft": 0.0, "lake": "Clearwater", "dow": "86025202"}, "geometry": {"type": "Polygon", "coordinates": [[[-94.133537, 45.307124], [-94.133585, 45.307133], [-94.133614, 45.307118], [-94.133602, 45.307098], [-94.133568, 45.307081], [-94.133534, 45.307081], [-94.13351, 45.307088], [-94.133528, 45.307115], [-94.133537, 45.307124]]]}}, {"type": "Feature", "properties": {"depth_ft": 0.0, "lake": "Clearwater", "dow": "86025202"}, "geometry": {"type": "Polygon", "coordinates": [[[-94.133409, 45.306925], [-94.133382, 45.306938], [-94.133387, 45.306968], [-94.133444, 45.306985], [-94.133478, 45.306981], [-94.13348, 45.306946], [-94.133436, 45.306923], [-94.133409, 45.306925]]]}}, {"type": "Feature", "properties": {"depth_ft": 0.0, "lake": "Clearwater", "dow": "86025202"}, "geometry": {"type": "Polygon", "coordinates": [[[-94.133764, 45.30683], [-94.133733, 45.306827], [-94.133671, 45.306793], [-94.13365, 45.306785], [-94.133617, 45.306789], [-94.133585, 45.306795], [-94.13354, 45.30678], [-94.133483, 45.306769], [-94.133449, 45.306774], [-94.133461, 45.306801], [-94.133534, 45.306818], [-94.133606, 45.306822], [-94.133633, 45.306836], [-94.133663, 45.306852], [-94.133704, 45.306858], [-94.133731, 45.306875], [-94.133772, 45.306872], [-94.133808, 45.306863], [-94.133828, 45.306842], [-94.133816, 45.306833], [-94.133785, 45.306832], [-94.133764, 45.30683]]]}}, {"type": "Feature", "properties": {"depth_ft": 0.0, "lake": "Clearwater", "dow": "86025202"}, "geometry": {"type": "Polygon", "coordinates": [[[-94.132914, 45.305843], [-94.132915, 45.305869], [-94.132913, 45.305901], [-94.132924, 45.305924], [-94.132953, 45.305901], [-94.13296, 45.305878], [-94.132954, 45.305846], [-94.132945, 45.305803], [-94.132942, 45.305783], [-94.132921, 45.305768], [-94.132891, 45.305753], [-94.132876, 45.305772], [-94.132892, 45.305787], [-94.132905, 45.305796], [-94.132911, 45.305819], [-94.132914, 45.305843]]]}}, {"type": "Feature", "properties": {"depth_ft": 0.0, "lake": "Clearwater", "dow": "86025202"}, "geometry": {"type": "Polygon", "coordinates": [[[-94.13213, 45.308077], [-94.132136, 45.308098], [-94.132142, 45.30812], [-94.132156, 45.308114], [-94.132176, 45.308095], [-94.13217, 45.308077], [-94.132149, 45.308051], [-94.132132, 45.308051], [-94.132123, 45.308063], [-94.13213, 45.308077]]]}}, {"type": "Feature", "properties": {"depth_ft": 0.0, "lake": "Clearwater", "dow": "86025202"}, "geometry": {"type": "Polygon", "coordinates": [[[-94.131655, 45.308355], [-94.131618, 45.30835], [-94.131574, 45.308362], [-94.131557, 45.308375], [-94.131575, 45.308399], [-94.13159, 45.308425], [-94.131608, 45.308443], [-94.131634, 45.308447], [-94.13168, 45.308428], [-94.131703, 45.308406], [-94.131714, 45.308377], [-94.131713, 45.308353], [-94.131681, 45.308357], [-94.131655, 45.308355]]]}}, {"type": "Feature", "properties": {"depth_ft": 0.0, "lake": "Clearwater", "dow": "86025202"}, "geometry": {"type": "Polygon", "coordinates": [[[-94.131243, 45.308826], [-94.131301, 45.308836], [-94.131344, 45.308831], [-94.131378, 45.308798], [-94.131397, 45.308741], [-94.131405, 45.308684], [-94.131404, 45.308643], [-94.131392, 45.308631], [-94.131348, 45.308625], [-94.131342, 45.308607], [-94.131327, 45.308583], [-94.13129, 45.308593], [-94.131256, 45.308606], [-94.131221, 45.308622], [-94.131193, 45.308637], [-94.131167, 45.308664], [-94.131165, 45.308711], [-94.131157, 45.308747], [-94.131149, 45.308776], [-94.131129, 45.308795], [-94.131106, 45.308807], [-94.131095, 45.308825], [-94.131116, 45.308833], [-94.131156, 45.308839], [-94.131211, 45.308849], [-94.131237, 45.308836], [-94.131243, 45.308826]]]}}, {"type": "Feature", "properties": {"depth_ft": 0.0, "lake": "Clearwater", "dow": "86025202"}, "geometry": {"type": "Polygon", "coordinates": [[[-94.131014, 45.308673], [-94.130991, 45.308674], [-94.130959, 45.30868], [-94.130916, 45.308678], [-94.130873, 45.308681], [-94.130859, 45.308695], [-94.130856, 45.308724], [-94.130865, 45.308738], [-94.130886, 45.308754], [-94.130903, 45.308764], [-94.130944, 45.308774], [-94.130984, 45.308772], [-94.131036, 45.308761], [-94.131047, 45.308744], [-94.131064, 45.30873], [-94.131085, 45.308724], [-94.131096, 45.308709], [-94.131087, 45.308693], [-94.131066, 45.308681], [-94.131043, 45.308673], [-94.131014, 45.308673]]]}}, {"type": "Feature", "properties": {"depth_ft": 0.0, "lake": "Clearwater", "dow": "86025202"}, "geometry": {"type": "Polygon", "coordinates": [[[-94.127286, 45.328944], [-94.127317, 45.328928], [-94.127323, 45.328916], [-94.127357, 45.328899], [-94.127378, 45.328886], [-94.127383, 45.328861], [-94.127369, 45.328828], [-94.12734, 45.32882], [-94.127289, 45.328838], [-94.127269, 45.328853], [-94.127243, 45.328874], [-94.127242, 45.328897], [-94.127239, 45.328929], [-94.127241, 45.328941], [-94.127268, 45.328942], [-94.127286, 45.328944]]]}}, {"type": "Feature", "properties": {"depth_ft": 0.0, "lake": "Clearwater", "dow": "86025202"}, "geometry": {"type": "Polygon", "coordinates": [[[-94.127705, 45.328803], [-94.127663, 45.328795], [-94.127653, 45.328765], [-94.12763, 45.328741], [-94.127603, 45.328729], [-94.127573, 45.328724], [-94.127537, 45.328727], [-94.127525, 45.328752], [-94.12751, 45.328767], [-94.127486, 45.32878], [-94.127468, 45.328783], [-94.127437, 45.328779], [-94.127412, 45.328775], [-94.127406, 45.328759], [-94.127424, 45.328735], [-94.127435, 45.328707], [-94.127427, 45.328686], [-94.127424, 45.328672], [-94.127471, 45.328667], [-94.127482, 45.328652], [-94.127469, 45.328627], [-94.127444, 45.328639], [-94.127441, 45.328652], [-94.127409, 45.328644], [-94.127398, 45.328621], [-94.127366, 45.32861], [-94.127338, 45.328595], [-94.127348, 45.328574], [-94.127383, 45.328574], [-94.127421, 45.328588], [-94.127446, 45.328578], [-94.12748, 45.328578], [-94.127509, 45.328576], [-94.127526, 45.328579], [-94.127537, 45.328601], [-94.127535, 45.328632], [-94.127526, 45.328668], [-94.127513, 45.328687], [-94.127534, 45.328694], [-94.12756, 45.328675], [-94.127582, 45.328659], [-94.127601, 45.328662], [-94.127614, 45.328681], [-94.127613, 45.328701], [-94.127638, 45.328689], [-94.127669, 45.328673], [-94.12768, 45.328691], [-94.127677, 45.328711], [-94.127686, 45.328732], [-94.12771, 45.328739], [-94.127728, 45.328749], [-94.127741, 45.328766], [-94.127738, 45.328784], [-94.127721, 45.328793], [-94.127705, 45.328803]]]}}, {"type": "Feature", "properties": {"depth_ft": 15.0, "lake": "Clearwater", "dow": "86025202"}, "geometry": {"type": "Polygon", "coordinates": [[[-94.136673, 45.322115], [-94.136143, 45.322156], [-94.136211, 45.322144], [-94.135834, 45.322111], [-94.135559, 45.322066], [-94.135302, 45.322032], [-94.135076, 45.321889], [-94.13497, 45.321721], [-94.134899, 45.321589], [-94.134911, 45.321348], [-94.134975, 45.321106], [-94.135159, 45.320899], [-94.135309, 45.320668], [-94.135581, 45.320381], [-94.135795, 45.320202], [-94.135977, 45.320082], [-94.136275, 45.319926], [-94.136856, 45.319672], [-94.137087, 45.31954], [-94.137203, 45.319444], [-94.137285, 45.319396], [-94.13765, 45.319251], [-94.1379, 45.319166], [-94.138183, 45.319104], [-94.138317, 45.319103], [-94.138485, 45.319136], [-94.138569, 45.319171], [-94.138774, 45.319346], [-94.138825, 45.319405], [-94.138935, 45.319899], [-94.138713, 45.32048], [-94.138207, 45.321158], [-94.137813, 45.321504], [-94.137367, 45.321804], [-94.137064, 45.321978], [-94.136673, 45.322115]]]}}, {"type": "Feature", "properties": {"depth_ft": 10.0, "lake": "Clearwater", "dow": "86025202"}, "geometry": {"type": "Polygon", "coordinates": [[[-94.136945, 45.321631], [-94.13665, 45.321789], [-94.136139, 45.321939], [-94.135694, 45.321944], [-94.135453, 45.321898], [-94.135314, 45.321778], [-94.135172, 45.321563], [-94.135219, 45.321321], [-94.135318, 45.321151], [-94.13541, 45.321032], [-94.135493, 45.320961], [-94.135623, 45.320806], [-94.135869, 45.320556], [-94.136148, 45.320281], [-94.136461, 45.320042], [-94.13661, 45.319946], [-94.136743, 45.319898], [-94.136975, 45.319789], [-94.137274, 45.31968], [-94.138121, 45.319329], [-94.138304, 45.319292], [-94.138441, 45.319456], [-94.138451, 45.319963], [-94.138371, 45.320129], [-94.138324, 45.320295], [-94.138177, 45.320497], [-94.137933, 45.320806], [-94.137572, 45.321164], [-94.13739, 45.321296], [-94.137143, 45.321511], [-94.137028, 45.321571], [-94.136945, 45.321631]]]}}, {"type": "Feature", "properties": {"depth_ft": 40.0, "lake": "Clearwater", "dow": "86025202"}, "geometry": {"type": "Polygon", "coordinates": [[[-94.131957, 45.316687], [-94.131805, 45.316777], [-94.131193, 45.317149], [-94.130779, 45.317342], [-94.130679, 45.317378], [-94.130529, 45.317404], [-94.130526, 45.317262], [-94.130657, 45.317131], [-94.130806, 45.317023], [-94.131578, 45.316307], [-94.13176, 45.316187], [-94.132024, 45.316043], [-94.132157, 45.315994], [-94.132307, 45.315957], [-94.132942, 45.31588], [-94.13329, 45.315759], [-94.133805, 45.315553], [-94.133938, 45.315504], [-94.134053, 45.315421], [-94.134579, 45.315074], [-94.134815, 45.314968], [-94.135064, 45.314927], [-94.135432, 45.314888], [-94.135632, 45.314886], [-94.136167, 45.314868], [-94.1365, 45.314759], [-94.136599, 45.314699], [-94.136747, 45.314591], [-94.13686, 45.314354], [-94.136989, 45.31414], [-94.137038, 45.314033], [-94.137119, 45.313938], [-94.137185, 45.313878], [-94.137251, 45.313831], [-94.137417, 45.31377], [-94.137601, 45.31378], [-94.138324, 45.313962], [-94.138391, 45.313961], [-94.138895, 45.314038], [-94.138995, 45.314049], [-94.139213, 45.314035], [-94.139612, 45.313913], [-94.139745, 45.313877], [-94.139943, 45.313756], [-94.140076, 45.313708], [-94.140225, 45.3136], [-94.14029, 45.313517], [-94.140405, 45.313421], [-94.140621, 45.313325], [-94.140737, 45.313288], [-94.141055, 45.313285], [-94.141961, 45.313429], [-94.14258, 45.313411], [-94.142697, 45.313387], [-94.142847, 45.313373], [-94.143593, 45.313137], [-94.143809, 45.312993], [-94.143926, 45.312926], [-94.144073, 45.312759], [-94.144204, 45.312628], [-94.144995, 45.31203], [-94.145474, 45.311706], [-94.145887, 45.311466], [-94.146186, 45.311345], [-94.146302, 45.311285], [-94.146696, 45.310926], [-94.146807, 45.31063], [-94.146618, 45.310384], [-94.146331, 45.310245], [-94.145556, 45.309982], [-94.145438, 45.309924], [-94.145386, 45.309842], [-94.14519, 45.309265], [-94.144916, 45.308914], [-94.144301, 45.308318], [-94.144094, 45.308001], [-94.144059, 45.307919], [-94.144058, 45.30786], [-94.144089, 45.307741], [-94.144154, 45.307646], [-94.144203, 45.307599], [-94.144385, 45.307514], [-94.144535, 45.307465], [-94.144986, 45.307449], [-94.145626, 45.307632], [-94.145795, 45.307701], [-94.146525, 45.308248], [-94.146796, 45.308434], [-94.147317, 45.308535], [-94.147717, 45.308437], [-94.148026, 45.307997], [-94.148173, 45.307819], [-94.148272, 45.307747], [-94.148337, 45.307687], [-94.148518, 45.307544], [-94.148735, 45.307494], [-94.148868, 45.307481], [-94.14907, 45.307514], [-94.149257, 45.307654], [-94.149294, 45.307843], [-94.149296, 45.307937], [-94.14928, 45.307984], [-94.149281, 45.308008], [-94.149299, 45.308067], [-94.149266, 45.308126], [-94.149268, 45.308197], [-94.149153, 45.308316], [-94.149171, 45.308363], [-94.148617, 45.309136], [-94.148345, 45.309369], [-94.148311, 45.309537], [-94.148204, 45.30968], [-94.148162, 45.309778], [-94.1483, 45.309989], [-94.148569, 45.310034], [-94.148752, 45.309985], [-94.14955, 45.309753], [-94.149833, 45.309679], [-94.150033, 45.309641], [-94.150167, 45.30964], [-94.150451, 45.309602], [-94.150534, 45.309601], [-94.15097, 45.30962], [-94.151457, 45.309733], [-94.151576, 45.309815], [-94.151677, 45.309849], [-94.151749, 45.310085], [-94.151725, 45.310592], [-94.15171, 45.310652], [-94.151694, 45.310687], [-94.15163, 45.311656], [-94.151501, 45.311929], [-94.151341, 45.312249], [-94.151242, 45.312345], [-94.150957, 45.312312], [-94.150873, 45.312289], [-94.150755, 45.312243], [-94.150518, 45.312116], [-94.150433, 45.312058], [-94.150144, 45.311813], [-94.149974, 45.311696], [-94.148909, 45.311128], [-94.148605, 45.311002], [-94.148504, 45.310991], [-94.148304, 45.310993], [-94.148104, 45.311042], [-94.147793, 45.311399], [-94.147664, 45.311613], [-94.147119, 45.311973], [-94.146768, 45.312], [-94.146246, 45.31184], [-94.146128, 45.311818], [-94.146045, 45.311842], [-94.146013, 45.311878], [-94.14605, 45.31209], [-94.146087, 45.312231], [-94.146262, 45.312607], [-94.146205, 45.313127], [-94.145977, 45.313448], [-94.145497, 45.313677], [-94.14543, 45.31369], [-94.144946, 45.313754], [-94.144745, 45.313744], [-94.144394, 45.313736], [-94.143809, 45.3138], [-94.143726, 45.313801], [-94.143275, 45.313853], [-94.143091, 45.313843], [-94.142541, 45.313955], [-94.142292, 45.314052], [-94.142076, 45.314148], [-94.141747, 45.3144], [-94.141552, 45.314697], [-94.141502, 45.314733], [-94.141163, 45.315338], [-94.140951, 45.315588], [-94.140538, 45.315852], [-94.139789, 45.316084], [-94.139656, 45.316109], [-94.139456, 45.316134], [-94.139139, 45.316196], [-94.138654, 45.316237], [-94.138454, 45.316239], [-94.138336, 45.316228], [-94.138253, 45.316241], [-94.13666, 45.316166], [-94.136076, 45.316144], [-94.135825, 45.316147], [-94.135641, 45.316172], [-94.134654, 45.316147], [-94.134168, 45.31614], [-94.133817, 45.316143], [-94.1337, 45.316168], [-94.133583, 45.316169], [-94.13295, 45.316317], [-94.132074, 45.316612], [-94.131957, 45.316687]]]}}, {"type": "Feature", "properties": {"depth_ft": 30.0, "lake": "Clearwater", "dow": "86025202"}, "geometry": {"type": "LineString", "coordinates": [[-94.139144, 45.318426], [-94.139049, 45.318507], [-94.139018, 45.318614], [-94.138986, 45.318685], [-94.13897, 45.318756], [-94.138988, 45.318791], [-94.139107, 45.318884], [-94.139241, 45.318918], [-94.139426, 45.31894], [-94.139526, 45.318939], [-94.139744, 45.318925], [-94.140192, 45.318767], [-94.140502, 45.318339], [-94.140362, 45.318081], [-94.140195, 45.318059], [-94.140078, 45.318072], [-94.139961, 45.318097], [-94.139169, 45.31841]]}}, {"type": "Feature", "properties": {"depth_ft": 20.0, "lake": "Clearwater", "dow": "86025202"}, "geometry": {"type": "Polygon", "coordinates": [[[-94.143097, 45.315916], [-94.142912, 45.315757], [-94.142704, 45.315405], [-94.142613, 45.315064], [-94.142627, 45.314934], [-94.142626, 45.314887], [-94.142656, 45.314709], [-94.142886, 45.314459], [-94.143247, 45.314334], [-94.143694, 45.314302], [-94.144173, 45.314411], [-94.14441, 45.314538], [-94.144512, 45.314632], [-94.1446, 45.314855], [-94.14457, 45.315009], [-94.144227, 45.315414], [-94.143947, 45.315664], [-94.143771, 45.315776], [-94.143537, 45.315895], [-94.143381, 45.315952], [-94.143279, 45.315975], [-94.143169, 45.31597], [-94.143097, 45.315916]]]}}, {"type": "Feature", "properties": {"depth_ft": 15.0, "lake": "Clearwater", "dow": "86025202"}, "geometry": {"type": "Polygon", "coordinates": [[[-94.143239, 45.315515], [-94.142953, 45.315332], [-94.142902, 45.315262], [-94.142866, 45.315168], [-94.142808, 45.314755], [-94.142873, 45.314672], [-94.143119, 45.314433], [-94.143268, 45.314361], [-94.143653, 45.314333], [-94.144059, 45.314589], [-94.144234, 45.314965], [-94.144236, 45.315071], [-94.144024, 45.315333], [-94.143757, 45.315471], [-94.143585, 45.315545], [-94.143397, 45.315569], [-94.143239, 45.315515]]]}}, {"type": "Feature", "properties": {"depth_ft": 10.0, "lake": "Clearwater", "dow": "86025202"}, "geometry": {"type": "Polygon", "coordinates": [[[-94.143042, 45.315129], [-94.142997, 45.315001], [-94.143043, 45.314823], [-94.143092, 45.314752], [-94.143206, 45.314597], [-94.143323, 45.314561], [-94.143473, 45.314536], [-94.143557, 45.314547], [-94.143708, 45.314592], [-94.143793, 45.314651], [-94.143827, 45.314698], [-94.143864, 45.314874], [-94.143752, 45.3151], [-94.143625, 45.315195], [-94.143485, 45.315241], [-94.14328, 45.315238], [-94.143154, 45.315228], [-94.143075, 45.315173], [-94.143042, 45.315129]]]}}, {"type": "Feature", "properties": {"depth_ft": 30.0, "lake": "Clearwater", "dow": "86025202"}, "geometry": {"type": "Polygon", "coordinates": [[[-94.146968, 45.313349], [-94.146769, 45.312885], [-94.146801, 45.312802], [-94.146882, 45.31266], [-94.14698, 45.312541], [-94.147112, 45.312469], [-94.147245, 45.31242], [-94.147445, 45.312371], [-94.147628, 45.31231], [-94.147743, 45.312214], [-94.147903, 45.311871], [-94.148, 45.311681], [-94.148114, 45.311526], [-94.148326, 45.311288], [-94.148409, 45.31124], [-94.148509, 45.311203], [-94.148642, 45.311202], [-94.14876, 45.311213], [-94.148878, 45.311247], [-94.149064, 45.311339], [-94.149352, 45.311525], [-94.150304, 45.312307], [-94.150812, 45.312585], [-94.150981, 45.312654], [-94.151115, 45.312688], [-94.151216, 45.312699], [-94.151316, 45.312698], [-94.152001, 45.312644], [-94.152152, 45.312642], [-94.152455, 45.312722], [-94.152557, 45.312815], [-94.152698, 45.313192], [-94.152453, 45.313489], [-94.151938, 45.313636], [-94.151603, 45.313616], [-94.151334, 45.313583], [-94.151183, 45.313549], [-94.151065, 45.313503], [-94.15024, 45.313264], [-94.150038, 45.313183], [-94.14997, 45.313148], [-94.149734, 45.313056], [-94.149616, 45.313034], [-94.149399, 45.313012], [-94.148998, 45.313064], [-94.148882, 45.3131], [-94.148816, 45.31316], [-94.147839, 45.313666], [-94.147655, 45.313688], [-94.147392, 45.31369], [-94.147178, 45.313631], [-94.147089, 45.313549], [-94.146968, 45.313349]]]}}, {"type": "Feature", "properties": {"depth_ft": 20.0, "lake": "Clearwater", "dow": "86025202"}, "geometry": {"type": "Polygon", "coordinates": [[[-94.147378, 45.313031], [-94.147321, 45.31288], [-94.147385, 45.312726], [-94.14765, 45.312605], [-94.147815, 45.312485], [-94.147897, 45.312414], [-94.14814, 45.312022], [-94.148251, 45.31169], [-94.148479, 45.311416], [-94.148546, 45.311404], [-94.148629, 45.311379], [-94.148746, 45.311354], [-94.14883, 45.311377], [-94.149032, 45.311458], [-94.149185, 45.311539], [-94.149526, 45.311854], [-94.150122, 45.312368], [-94.150308, 45.312496], [-94.150477, 45.312588], [-94.150849, 45.31275], [-94.150983, 45.312784], [-94.151218, 45.312817], [-94.151469, 45.312826], [-94.15162, 45.312825], [-94.151908, 45.312987], [-94.152014, 45.313281], [-94.151631, 45.313391], [-94.151027, 45.313268], [-94.150537, 45.313072], [-94.15011, 45.312879], [-94.149882, 45.31282], [-94.149194, 45.312801], [-94.148881, 45.312835], [-94.148576, 45.312957], [-94.148258, 45.31314], [-94.148135, 45.313193], [-94.147938, 45.313231], [-94.147741, 45.313233], [-94.147543, 45.313199], [-94.147447, 45.313159], [-94.147402, 45.313092], [-94.147378, 45.313031]]]}}, {"type": "Feature", "properties": {"depth_ft": 15.0, "lake": "Clearwater", "dow": "86025202"}, "geometry": {"type": "Polygon", "coordinates": [[[-94.148019, 45.31287], [-94.14789, 45.312862], [-94.147839, 45.312839], [-94.147838, 45.312792], [-94.147854, 45.312745], [-94.148233, 45.312457], [-94.14831, 45.312162], [-94.148309, 45.312079], [-94.14834, 45.311961], [-94.148452, 45.311712], [-94.148551, 45.31164], [-94.148634, 45.311592], [-94.148868, 45.311577], [-94.149479, 45.312032], [-94.149565, 45.312125], [-94.149906, 45.312452], [-94.150093, 45.312604], [-94.150515, 45.312789], [-94.151036, 45.312901], [-94.151406, 45.313004], [-94.151492, 45.313121], [-94.151226, 45.313183], [-94.150198, 45.312827], [-94.149962, 45.312723], [-94.149626, 45.312656], [-94.14934, 45.312623], [-94.148776, 45.312697], [-94.148441, 45.312778], [-94.148245, 45.312847], [-94.148121, 45.312869], [-94.148019, 45.31287]]]}}, {"type": "Feature", "properties": {"depth_ft": 10.0, "lake": "Clearwater", "dow": "86025202"}, "geometry": {"type": "Polygon", "coordinates": [[[-94.148657, 45.3126], [-94.148604, 45.312595], [-94.14848, 45.312535], [-94.14856, 45.3121], [-94.14852, 45.311782], [-94.148603, 45.311734], [-94.148703, 45.311697], [-94.14877, 45.31172], [-94.149466, 45.312233], [-94.149655, 45.312443], [-94.149522, 45.312515], [-94.149288, 45.312494], [-94.148773, 45.312589], [-94.148657, 45.3126]]]}}, {"type": "Feature", "properties": {"depth_ft": 50.0, "lake": "Clearwater", "dow": "86025202"}, "geometry": {"type": "Polygon", "coordinates": [[[-94.14459, 45.312647], [-94.144342, 45.312827], [-94.14441, 45.312897], [-94.14483, 45.312987], [-94.145114, 45.312937], [-94.145698, 45.312896], [-94.145893, 45.312599], [-94.145859, 45.312496], [-94.145742, 45.312387], [-94.145526, 45.312325], [-94.145347, 45.312317], [-94.145142, 45.312345], [-94.144992, 45.312388], [-94.144626, 45.312621], [-94.14459, 45.312647]]]}}, {"type": "Feature", "properties": {"depth_ft": 40.0, "lake": "Clearwater", "dow": "86025202"}, "geometry": {"type": "Polygon", "coordinates": [[[-94.146895, 45.311132], [-94.146782, 45.311055], [-94.146781, 45.310985], [-94.146928, 45.31083], [-94.147144, 45.310721], [-94.147277, 45.310684], [-94.14741, 45.31066], [-94.147494, 45.31067], [-94.147778, 45.310668], [-94.147832, 45.310832], [-94.147733, 45.310904], [-94.147547, 45.311055], [-94.147304, 45.311137], [-94.147059, 45.311166], [-94.146895, 45.311132]]]}}, {"type": "Feature", "properties": {"depth_ft": 10.0, "lake": "Clearwater", "dow": "86025202"}, "geometry": {"type": "Polygon", "coordinates": [[[-94.153674, 45.311094], [-94.153478, 45.311212], [-94.153393, 45.311142], [-94.153358, 45.311095], [-94.153289, 45.310966], [-94.15327, 45.310837], [-94.153252, 45.310778], [-94.153217, 45.310719], [-94.15323, 45.310542], [-94.153212, 45.310495], [-94.153085, 45.309977], [-94.153014, 45.309788], [-94.153004, 45.309281], [-94.153203, 45.309185], [-94.153455, 45.309265], [-94.15373, 45.309616], [-94.15375, 45.309781], [-94.153841, 45.310146], [-94.153829, 45.310382], [-94.153815, 45.310512], [-94.153725, 45.311042], [-94.153674, 45.311094]]]}}, {"type": "Feature", "properties": {"depth_ft": 15.0, "lake": "Clearwater", "dow": "86025202"}, "geometry": {"type": "Polygon", "coordinates": [[[-94.154184, 45.31161], [-94.154026, 45.311844], [-94.153794, 45.311965], [-94.153644, 45.311978], [-94.153442, 45.311897], [-94.153407, 45.311839], [-94.153321, 45.311745], [-94.15325, 45.311498], [-94.153056, 45.311051], [-94.152985, 45.310828], [-94.152929, 45.310521], [-94.152928, 45.310474], [-94.152875, 45.310368], [-94.152796, 45.309755], [-94.152726, 45.309603], [-94.152704, 45.309367], [-94.152698, 45.309048], [-94.152944, 45.308809], [-94.153161, 45.308795], [-94.153379, 45.308793], [-94.153599, 45.308944], [-94.153806, 45.309237], [-94.153825, 45.309344], [-94.154072, 45.30999], [-94.154127, 45.310202], [-94.154147, 45.310379], [-94.154219, 45.310626], [-94.154222, 45.31078], [-94.154295, 45.311086], [-94.154184, 45.31161]]]}}, {"type": "Feature", "properties": {"depth_ft": 30.0, "lake": "Clearwater", "dow": "86025202"}, "geometry": {"type": "Polygon", "coordinates": [[[-94.148993, 45.309535], [-94.148791, 45.309465], [-94.148676, 45.309251], [-94.148757, 45.309133], [-94.148859, 45.309015], [-94.148973, 45.309021], [-94.14911, 45.309093], [-94.149329, 45.309128], [-94.1496, 45.309139], [-94.149828, 45.309115], [-94.150024, 45.309018], [-94.150179, 45.308994], [-94.150212, 45.30906], [-94.150183, 45.30917], [-94.150008, 45.309282], [-94.149823, 45.309357], [-94.149554, 45.309463], [-94.149109, 45.309548], [-94.148993, 45.309535]]]}}, {"type": "Feature", "properties": {"depth_ft": 35.0, "lake": "Clearwater", "dow": "86025202"}, "geometry": {"type": "Polygon", "coordinates": [[[-94.145981, 45.309205], [-94.145452, 45.308956], [-94.145279, 45.308686], [-94.145328, 45.308638], [-94.145443, 45.308542], [-94.145643, 45.308493], [-94.145962, 45.308525], [-94.146262, 45.308499], [-94.146766, 45.3086], [-94.147037, 45.308727], [-94.147206, 45.308832], [-94.147376, 45.308972], [-94.147513, 45.309124], [-94.147535, 45.309395], [-94.147591, 45.309654], [-94.147626, 45.309725], [-94.147711, 45.309806], [-94.147966, 45.309993], [-94.148185, 45.310109], [-94.148337, 45.310154], [-94.149066, 45.310655], [-94.149153, 45.310795], [-94.14914, 45.310961], [-94.149022, 45.310927], [-94.14865, 45.31073], [-94.148361, 45.310508], [-94.148175, 45.310416], [-94.147954, 45.310241], [-94.147464, 45.309998], [-94.147088, 45.3096], [-94.146952, 45.309519], [-94.146515, 45.309361], [-94.146107, 45.309263], [-94.145981, 45.309205]]]}}, {"type": "Feature", "properties": {"depth_ft": 10.0, "lake": "Clearwater", "dow": "86025202"}, "geometry": {"type": "Polygon", "coordinates": [[[-94.145904, 45.304621], [-94.14578, 45.304702], [-94.145768, 45.304791], [-94.145797, 45.304904], [-94.145845, 45.304964], [-94.146113, 45.305041], [-94.146594, 45.305066], [-94.146872, 45.30511], [-94.147054, 45.305122], [-94.147345, 45.305113], [-94.147957, 45.305074], [-94.14833, 45.305089], [-94.14873, 45.305122], [-94.148872, 45.305053], [-94.148869, 45.304938], [-94.148683, 45.304781], [-94.14841, 45.304751], [-94.147828, 45.304611], [-94.147334, 45.304564], [-94.146961, 45.304554], [-94.146655, 45.304548], [-94.146382, 45.304546], [-94.146063, 45.304577], [-94.145904, 45.304621]]]}}, {"type": "Feature", "properties": {"depth_ft": 15.0, "lake": "Clearwater", "dow": "86025202"}, "geometry": {"type": "Polygon", "coordinates": [[[-94.14699, 45.304643], [-94.146723, 45.304636], [-94.146318, 45.304645], [-94.146078, 45.304657], [-94.145993, 45.304747], [-94.145995, 45.304836], [-94.14609, 45.304901], [-94.146443, 45.304991], [-94.146676, 45.304965], [-94.146844, 45.304963], [-94.146994, 45.304973], [-94.147643, 45.305002], [-94.148135, 45.305016], [-94.148282, 45.304949], [-94.148211, 45.30479], [-94.14797, 45.304736], [-94.14779, 45.304724], [-94.147237, 45.304673], [-94.14699, 45.304643]]]}}, {"type": "Feature", "properties": {"depth_ft": 10.0, "lake": "Clearwater", "dow": "86025202"}, "geometry": {"type": "Polygon", "coordinates": [[[-94.142104, 45.304586], [-94.142, 45.304504], [-94.141762, 45.304199], [-94.141768, 45.303997], [-94.14207, 45.303805], [-94.142536, 45.303731], [-94.142922, 45.303787], [-94.14326, 45.303948], [-94.143379, 45.30403], [-94.143876, 45.304639], [-94.143912, 45.304768], [-94.143697, 45.304888], [-94.143497, 45.304914], [-94.142708, 45.304804], [-94.142345, 45.304691], [-94.142104, 45.304586]]]}}, {"type": "Feature", "properties": {"depth_ft": 15.0, "lake": "Clearwater", "dow": "86025202"}, "geometry": {"type": "Polygon", "coordinates": [[[-94.142284, 45.304483], [-94.141946, 45.304316], [-94.141894, 45.304257], [-94.141913, 45.304083], [-94.142034, 45.303934], [-94.142157, 45.303885], [-94.142452, 45.303842], [-94.142864, 45.303892], [-94.143503, 45.304343], [-94.143621, 45.304504], [-94.14369, 45.304631], [-94.143693, 45.304745], [-94.143627, 45.3048], [-94.143446, 45.304815], [-94.143245, 45.304777], [-94.143063, 45.304758], [-94.142842, 45.30468], [-94.142361, 45.304516], [-94.142284, 45.304483]]]}}, {"type": "Feature", "properties": {"depth_ft": 20.0, "lake": "Clearwater", "dow": "86025202"}, "geometry": {"type": "Polygon", "coordinates": [[[-94.143348, 45.304681], [-94.143051, 45.30463], [-94.142705, 45.304546], [-94.14234, 45.304415], [-94.142156, 45.304323], [-94.142059, 45.304209], [-94.142095, 45.304122], [-94.142199, 45.304046], [-94.142407, 45.30397], [-94.14255, 45.303942], [-94.142722, 45.30394], [-94.142904, 45.303986], [-94.143108, 45.304132], [-94.143526, 45.304518], [-94.143538, 45.304659], [-94.143491, 45.30468], [-94.143348, 45.304681]]]}}, {"type": "Feature", "properties": {"depth_ft": 30.0, "lake": "Clearwater", "dow": "86025202"}, "geometry": {"type": "LineString", "coordinates": [[-94.125807, 45.302248], [-94.125954, 45.30223], [-94.126155, 45.302182], [-94.126468, 45.302077], [-94.126662, 45.30208], [-94.126857, 45.302164], [-94.127073, 45.302458], [-94.12712, 45.302669], [-94.127243, 45.302953], [-94.127344, 45.303193], [-94.127507, 45.303342], [-94.12777, 45.303464], [-94.128265, 45.303684], [-94.128709, 45.30414], [-94.128829, 45.304269], [-94.12895, 45.30448], [-94.129051, 45.304515], [-94.129102, 45.304526], [-94.129202, 45.304537], [-94.129503, 45.304534], [-94.129671, 45.30452], [-94.129872, 45.304542], [-94.130342, 45.304644], [-94.130444, 45.304725], [-94.130581, 45.304854], [-94.131067, 45.305758], [-94.131169, 45.305863], [-94.131241, 45.306087], [-94.131523, 45.306828], [-94.131628, 45.307039], [-94.131751, 45.307171], [-94.131859, 45.307312], [-94.13199, 45.307419], [-94.132261, 45.307644], [-94.132558, 45.307949], [-94.132686, 45.308323], [-94.132734, 45.308699], [-94.132764, 45.30896], [-94.132693, 45.30949], [-94.132452, 45.309794], [-94.132234, 45.309772], [-94.131842, 45.309709], [-94.131671, 45.309666], [-94.131501, 45.30961], [-94.131224, 45.309499], [-94.130865, 45.309326], [-94.130503, 45.309], [-94.13035, 45.308597], [-94.130199, 45.308331], [-94.130114, 45.308115], [-94.130014, 45.30794], [-94.129906, 45.30777], [-94.129765, 45.307595], [-94.129666, 45.307494], [-94.128877, 45.306665], [-94.128809, 45.306607], [-94.128707, 45.306549], [-94.12857, 45.306408], [-94.128182, 45.306223], [-94.127863, 45.306179], [-94.127662, 45.306158], [-94.127562, 45.306182], [-94.127446, 45.306231], [-94.127449, 45.306408], [-94.127112, 45.307119], [-94.127114, 45.307226], [-94.127085, 45.307415], [-94.126954, 45.307569], [-94.126622, 45.307703], [-94.126424, 45.307846], [-94.126408, 45.307894], [-94.126427, 45.308], [-94.126497, 45.308176], [-94.126723, 45.308563], [-94.127497, 45.309665], [-94.128126, 45.310993], [-94.128178, 45.311087], [-94.128418, 45.311368], [-94.128486, 45.311438], [-94.129132, 45.311963], [-94.129217, 45.31201], [-94.129387, 45.312126], [-94.129472, 45.31222], [-94.129886, 45.312539], [-94.130237, 45.313002], [-94.130763, 45.313378], [-94.131399, 45.313699], [-94.132134, 45.314065], [-94.132558, 45.314294], [-94.132915, 45.314485], [-94.13303, 45.314717], [-94.133014, 45.315028], [-94.132831, 45.315279], [-94.132439, 45.315539], [-94.131193, 45.316311], [-94.130566, 45.316742], [-94.129441, 45.317379], [-94.129324, 45.317415], [-94.12883, 45.317786], [-94.128765, 45.317917], [-94.128703, 45.318154], [-94.128791, 45.318377], [-94.128978, 45.318493], [-94.129297, 45.318549], [-94.129715, 45.318545], [-94.130215, 45.318445], [-94.130349, 45.318432], [-94.130581, 45.318347], [-94.130798, 45.318298], [-94.131129, 45.318153], [-94.131179, 45.318117], [-94.131428, 45.318032], [-94.13166, 45.3179], [-94.132781, 45.317217], [-94.133581, 45.316811], [-94.134113, 45.31673], [-94.135117, 45.316732], [-94.135285, 45.316766], [-94.135352, 45.316765], [-94.135553, 45.316799], [-94.136041, 45.316912], [-94.136764, 45.317106], [-94.136999, 45.317139], [-94.13715, 45.317149], [-94.137301, 45.317147], [-94.137568, 45.317133], [-94.138368, 45.316995], [-94.139619, 45.316794], [-94.139853, 45.31678], [-94.141026, 45.316827], [-94.141542, 45.316715], [-94.142289, 45.316436], [-94.142422, 45.316353], [-94.142536, 45.316198], [-94.142535, 45.316174], [-94.142598, 45.315961], [-94.142507, 45.315584], [-94.142454, 45.31549], [-94.142432, 45.315219], [-94.142427, 45.314971], [-94.142442, 45.314888], [-94.142425, 45.314841], [-94.142423, 45.314759], [-94.142487, 45.314593], [-94.142485, 45.314498], [-94.142516, 45.314392], [-94.14268, 45.314237], [-94.143012, 45.314115], [-94.143129, 45.314091], [-94.143329, 45.314065], [-94.143765, 45.31412], [-94.144286, 45.314209], [-94.144875, 45.31438], [-94.145043, 45.314402], [-94.1459, 45.314582], [-94.1461, 45.314568], [-94.146872, 45.314655], [-94.147892, 45.314633], [-94.148524, 45.314438], [-94.148552, 45.314166], [-94.148583, 45.314071], [-94.148632, 45.314], [-94.148731, 45.313905], [-94.148796, 45.313857], [-94.148879, 45.31382], [-94.149095, 45.313747], [-94.149196, 45.313735], [-94.149363, 45.313733], [-94.149463, 45.313744], [-94.149716, 45.313812], [-94.150035, 45.313868], [-94.151412, 45.314137], [-94.152316, 45.31414], [-94.152717, 45.314136], [-94.153135, 45.31412], [-94.153452, 45.314046], [-94.153815, 45.313782], [-94.153897, 45.313711], [-94.153994, 45.313556], [-94.154055, 45.313284], [-94.153917, 45.313049], [-94.153576, 45.312746], [-94.15283, 45.312246], [-94.152559, 45.312095], [-94.15244, 45.312014], [-94.152253, 45.31185], [-94.152078, 45.311498], [-94.152076, 45.311403], [-94.152058, 45.311321], [-94.151987, 45.311121], [-94.151999, 45.310861], [-94.152299, 45.309985], [-94.152093, 45.309727], [-94.151346, 45.309215], [-94.151191, 45.309004], [-94.151187, 45.308803], [-94.151286, 45.308732], [-94.151369, 45.308684], [-94.151551, 45.308611], [-94.151865, 45.308492], [-94.152163, 45.308262], [-94.152212, 45.308167], [-94.152102, 45.307708], [-94.151814, 45.307558], [-94.151698, 45.307571], [-94.151383, 45.307727], [-94.150952, 45.30792], [-94.150769, 45.307981], [-94.150619, 45.307983], [-94.150404, 45.307288], [-94.150234, 45.307148], [-94.150014, 45.307044], [-94.149628, 45.306989], [-94.149444, 45.306991], [-94.149277, 45.307016], [-94.148978, 45.30709], [-94.148447, 45.30732], [-94.148053, 45.307678], [-94.147805, 45.308157], [-94.147684, 45.308244], [-94.147453, 45.308333], [-94.147318, 45.308352], [-94.147109, 45.308328], [-94.146899, 45.308278], [-94.146788, 45.308227], [-94.146599, 45.308013], [-94.146458, 45.307686], [-94.146406, 45.307556], [-94.146306, 45.307479], [-94.146133, 45.307395], [-94.145936, 45.307371], [-94.14531, 45.307368], [-94.14445, 45.307299], [-94.144154, 45.307233], [-94.143795, 45.307081], [-94.143481, 45.30672], [-94.143264, 45.30629], [-94.143139, 45.306179], [-94.142865, 45.305982], [-94.142055, 45.305701], [-94.141869, 45.305607], [-94.141621, 45.305445], [-94.141445, 45.305283], [-94.141259, 45.305172], [-94.141012, 45.305079], [-94.14068, 45.305074], [-94.140179, 45.305157], [-94.139727, 45.305283], [-94.139472, 45.305372], [-94.139253, 45.305469], [-94.138996, 45.305532], [-94.138849, 45.305542], [-94.138676, 45.305475], [-94.138551, 45.305355], [-94.138511, 45.305191], [-94.138456, 45.304889], [-94.13833, 45.30476], [-94.138218, 45.304683], [-94.137738, 45.304602], [-94.137614, 45.304525], [-94.137417, 45.304484], [-94.137307, 45.304511], [-94.137297, 45.304632], [-94.137399, 45.304839], [-94.137551, 45.305071], [-94.137666, 45.305294], [-94.137834, 45.305717], [-94.137838, 45.305933], [-94.137818, 45.306124], [-94.137697, 45.306203], [-94.137562, 45.306239], [-94.137256, 45.306242], [-94.136862, 45.306194], [-94.13654, 45.30605], [-94.136291, 45.305897], [-94.136041, 45.305631], [-94.135691, 45.305349], [-94.135051, 45.304901], [-94.134787, 45.304601], [-94.134281, 45.303836], [-94.13414, 45.303569], [-94.133903, 45.303337], [-94.133653, 45.303132], [-94.133406, 45.303031], [-94.132998, 45.302905], [-94.132172, 45.302706], [-94.131874, 45.302544], [-94.130031, 45.301775], [-94.129874, 45.301736], [-94.129709, 45.301725], [-94.129435, 45.301754], [-94.129308, 45.301832], [-94.129182, 45.301924], [-94.129057, 45.302093], [-94.128932, 45.302236], [-94.128844, 45.302392], [-94.128737, 45.302547], [-94.12852, 45.302653], [-94.128301, 45.302719], [-94.128064, 45.302722], [-94.127935, 45.302697], [-94.127659, 45.30261], [-94.127207, 45.301956], [-94.127019, 45.301713], [-94.126854, 45.301676], [-94.12658, 45.301704], [-94.126399, 45.301784], [-94.126309, 45.301875], [-94.126056, 45.302019], [-94.125756, 45.302072]]}}, {"type": "Feature", "properties": {"depth_ft": 20.0, "lake": "Clearwater", "dow": "86025202"}, "geometry": {"type": "Polygon", "coordinates": [[[-94.136457, 45.311142], [-94.136206, 45.311376], [-94.136066, 45.311523], [-94.136004, 45.311609], [-94.135998, 45.311664], [-94.136126, 45.311663], [-94.136372, 45.311505], [-94.136703, 45.31129], [-94.137076, 45.311071], [-94.137287, 45.310923], [-94.137349, 45.310862], [-94.137199, 45.310823], [-94.136887, 45.310912], [-94.136612, 45.31104], [-94.136507, 45.311106], [-94.136457, 45.311142]]]}}, {"type": "Feature", "properties": {"depth_ft": 15.0, "lake": "Clearwater", "dow": "86025202"}, "geometry": {"type": "Polygon", "coordinates": [[[-94.135949, 45.311393], [-94.135804, 45.311586], [-94.135614, 45.311718], [-94.135495, 45.311815], [-94.135354, 45.311902], [-94.135291, 45.311947], [-94.135256, 45.312003], [-94.135279, 45.312078], [-94.1354, 45.312087], [-94.135677, 45.312004], [-94.135902, 45.311876], [-94.136219, 45.311707], [-94.13655, 45.311508], [-94.136831, 45.311319], [-94.137436, 45.310921], [-94.137591, 45.310819], [-94.137731, 45.310707], [-94.137771, 45.310587], [-94.137742, 45.310522], [-94.137621, 45.310523], [-94.137344, 45.310596], [-94.13704, 45.310724], [-94.13685, 45.310822], [-94.13661, 45.310945], [-94.136448, 45.311027], [-94.136251, 45.311169], [-94.136104, 45.311276], [-94.136012, 45.311322], [-94.135949, 45.311393]]]}}, {"type": "Feature", "properties": {"depth_ft": 10.0, "lake": "Clearwater", "dow": "86025202"}, "geometry": {"type": "Polygon", "coordinates": [[[-94.140356, 45.311726], [-94.140245, 45.311816], [-94.14021, 45.311967], [-94.140213, 45.312118], [-94.13999, 45.312298], [-94.139515, 45.312471], [-94.139078, 45.312626], [-94.138314, 45.31282], [-94.138014, 45.312903], [-94.137449, 45.312953], [-94.136758, 45.313013], [-94.13637, 45.313105], [-94.136044, 45.313162], [-94.135718, 45.313209], [-94.135416, 45.313221], [-94.135065, 45.313314], [-94.134816, 45.313405], [-94.13449, 45.31347], [-94.134278, 45.31357], [-94.133956, 45.313718], [-94.133532, 45.313848], [-94.13319, 45.313851], [-94.133011, 45.313729], [-94.132998, 45.313628], [-94.133061, 45.313495], [-94.133268, 45.31333], [-94.133556, 45.313172], [-94.134391, 45.312817], [-94.135028, 45.312563], [-94.135639, 45.312299], [-94.136264, 45.312054], [-94.136661, 45.311792], [-94.137262, 45.311292], [-94.13766, 45.311048], [-94.138269, 45.310678], [-94.138829, 45.310345], [-94.139177, 45.310119], [-94.139486, 45.309877], [-94.139895, 45.309553], [-94.14034, 45.309176], [-94.140661, 45.30888], [-94.141271, 45.308528], [-94.141918, 45.308176], [-94.142403, 45.307878], [-94.142661, 45.307565], [-94.142838, 45.307143], [-94.142994, 45.307003], [-94.143156, 45.30699], [-94.143258, 45.307078], [-94.143395, 45.307653], [-94.143504, 45.308042], [-94.143524, 45.308406], [-94.143583, 45.308831], [-94.143649, 45.30899], [-94.143643, 45.309354], [-94.143655, 45.309912], [-94.14374, 45.310417], [-94.143734, 45.310734], [-94.143766, 45.311053], [-94.143783, 45.311274], [-94.143674, 45.311479], [-94.14355, 45.311578], [-94.1433, 45.311669], [-94.142948, 45.311691], [-94.142533, 45.311686], [-94.141953, 45.311647], [-94.141488, 45.311661], [-94.141174, 45.311664], [-94.140896, 45.31164], [-94.140632, 45.311643], [-94.140419, 45.311689], [-94.140356, 45.311726]]]}}, {"type": "Feature", "properties": {"depth_ft": 15.0, "lake": "Clearwater", "dow": "86025202"}, "geometry": {"type": "Polygon", "coordinates": [[[-94.141491, 45.311812], [-94.14129, 45.311814], [-94.140976, 45.311834], [-94.140753, 45.312014], [-94.140556, 45.312264], [-94.140332, 45.312364], [-94.139957, 45.31251], [-94.13952, 45.312665], [-94.139158, 45.312784], [-94.138619, 45.312922], [-94.137968, 45.313053], [-94.137555, 45.313164], [-94.137141, 45.313221], [-94.136764, 45.313251], [-94.136324, 45.313256], [-94.135697, 45.313368], [-94.135333, 45.313434], [-94.134822, 45.31355], [-94.134235, 45.313759], [-94.1337, 45.314002], [-94.133525, 45.314042], [-94.133359, 45.314044], [-94.133226, 45.314007], [-94.13307, 45.313954], [-94.132925, 45.313862], [-94.132879, 45.313769], [-94.132877, 45.31366], [-94.132886, 45.313567], [-94.132928, 45.313434], [-94.133055, 45.313301], [-94.133504, 45.313075], [-94.134015, 45.312857], [-94.134951, 45.312475], [-94.135525, 45.312203], [-94.136148, 45.311886], [-94.136893, 45.311391], [-94.137352, 45.311085], [-94.138279, 45.3105], [-94.138937, 45.310041], [-94.139371, 45.309717], [-94.14004, 45.309214], [-94.140249, 45.308981], [-94.140847, 45.308656], [-94.141617, 45.308169], [-94.142089, 45.30788], [-94.142363, 45.307718], [-94.142622, 45.307458], [-94.142767, 45.307142], [-94.142926, 45.306958], [-94.143178, 45.306938], [-94.143344, 45.307087], [-94.143478, 45.307476], [-94.143664, 45.30798], [-94.1437, 45.308512], [-94.143795, 45.308883], [-94.14384, 45.309229], [-94.143922, 45.309556], [-94.143857, 45.31008], [-94.143905, 45.310594], [-94.143936, 45.310896], [-94.143966, 45.311135], [-94.143932, 45.311308], [-94.143847, 45.311496], [-94.143724, 45.311594], [-94.143475, 45.311721], [-94.143187, 45.311795], [-94.142772, 45.311808], [-94.142445, 45.311829], [-94.142042, 45.311806], [-94.141728, 45.311818], [-94.141491, 45.311812]]]}}, {"type": "Feature", "properties": {"depth_ft": 20.0, "lake": "Clearwater", "dow": "86025202"}, "geometry": {"type": "Polygon", "coordinates": [[[-94.142187, 45.312055], [-94.141771, 45.312006], [-94.141443, 45.311983], [-94.141142, 45.312013], [-94.140844, 45.31222], [-94.140572, 45.312435], [-94.140224, 45.312687], [-94.139849, 45.312797], [-94.139436, 45.312899], [-94.139035, 45.312983], [-94.138647, 45.313102], [-94.138096, 45.313214], [-94.137456, 45.313318], [-94.13649, 45.313461], [-94.136, 45.313501], [-94.13546, 45.313515], [-94.134871, 45.313654], [-94.134521, 45.313782], [-94.133977, 45.314055], [-94.133791, 45.314125], [-94.133659, 45.314158], [-94.133483, 45.314183], [-94.133307, 45.3142], [-94.13313, 45.314155], [-94.132907, 45.31408], [-94.132818, 45.314011], [-94.132761, 45.313926], [-94.132692, 45.313794], [-94.132667, 45.313631], [-94.132675, 45.313491], [-94.132903, 45.313232], [-94.13309, 45.313106], [-94.133439, 45.312943], [-94.133725, 45.312763], [-94.133946, 45.31253], [-94.134018, 45.312316], [-94.134, 45.312068], [-94.13401, 45.311917], [-94.134107, 45.311739], [-94.134256, 45.311649], [-94.134495, 45.311673], [-94.134899, 45.311695], [-94.135288, 45.311674], [-94.135513, 45.311574], [-94.135661, 45.311439], [-94.135913, 45.311172], [-94.136136, 45.310974], [-94.136435, 45.310856], [-94.136772, 45.310711], [-94.136959, 45.310638], [-94.137309, 45.310519], [-94.137597, 45.31041], [-94.137922, 45.310318], [-94.138233, 45.310173], [-94.138619, 45.309974], [-94.139055, 45.309756], [-94.139291, 45.309586], [-94.13975, 45.30927], [-94.140035, 45.309037], [-94.140333, 45.30883], [-94.14068, 45.308587], [-94.141103, 45.308343], [-94.141414, 45.308145], [-94.141637, 45.307974], [-94.141999, 45.307855], [-94.142322, 45.30763], [-94.142507, 45.307451], [-94.142701, 45.307085], [-94.142822, 45.30688], [-94.143035, 45.306816], [-94.14328, 45.306866], [-94.143501, 45.307227], [-94.143659, 45.30758], [-94.143793, 45.307987], [-94.143876, 45.308368], [-94.143959, 45.308722], [-94.144015, 45.309032], [-94.144152, 45.309554], [-94.144195, 45.309837], [-94.144185, 45.309961], [-94.144181, 45.310396], [-94.144175, 45.310689], [-94.144166, 45.310902], [-94.144143, 45.311], [-94.144122, 45.311281], [-94.144002, 45.311557], [-94.143853, 45.311701], [-94.143617, 45.311818], [-94.143355, 45.311927], [-94.143205, 45.311982], [-94.142892, 45.312056], [-94.142477, 45.312096], [-94.142288, 45.31208], [-94.142187, 45.312055]]]}}, {"type": "Feature", "properties": {"depth_ft": 30.0, "lake": "Clearwater", "dow": "86025202"}, "geometry": {"type": "Polygon", "coordinates": [[[-94.142656, 45.312982], [-94.142222, 45.313061], [-94.141633, 45.312913], [-94.141382, 45.312892], [-94.140729, 45.312899], [-94.14048, 45.313007], [-94.140331, 45.313056], [-94.140215, 45.313128], [-94.139981, 45.313252], [-94.139775, 45.313286], [-94.1397, 45.313322], [-94.139367, 45.313361], [-94.138299, 45.313549], [-94.138132, 45.313562], [-94.138065, 45.313563], [-94.137965, 45.31354], [-94.137597, 45.313567], [-94.136965, 45.313598], [-94.136507, 45.313708], [-94.13628, 45.313805], [-94.135953, 45.314162], [-94.135887, 45.314222], [-94.135771, 45.314306], [-94.13512, 45.314371], [-94.134703, 45.314446], [-94.134354, 45.314532], [-94.134087, 45.314574], [-94.133701, 45.314577], [-94.133435, 45.314541], [-94.133701, 45.314577], [-94.133435, 45.314541], [-94.133157, 45.314427], [-94.132779, 45.314268], [-94.132656, 45.314191], [-94.132488, 45.314084], [-94.132375, 45.313906], [-94.132317, 45.313767], [-94.132347, 45.313619], [-94.13242, 45.313432], [-94.132474, 45.313394], [-94.132539, 45.313299], [-94.132605, 45.313251], [-94.132735, 45.313096], [-94.133231, 45.312796], [-94.133396, 45.312677], [-94.133445, 45.312593], [-94.133543, 45.312486], [-94.133541, 45.312392], [-94.133605, 45.312226], [-94.133604, 45.312167], [-94.133586, 45.312096], [-94.133567, 45.312014], [-94.133387, 45.311702], [-94.133256, 45.311509], [-94.133235, 45.311297], [-94.133231, 45.31112], [-94.133361, 45.310894], [-94.1336, 45.310791], [-94.133979, 45.310763], [-94.134256, 45.310784], [-94.134486, 45.310782], [-94.134669, 45.31074], [-94.134978, 45.310618], [-94.135428, 45.310508], [-94.135645, 45.31047], [-94.135796, 45.310504], [-94.135896, 45.310503], [-94.136131, 45.310536], [-94.136249, 45.310582], [-94.136333, 45.310605], [-94.136617, 45.31059], [-94.137065, 45.310385], [-94.138359, 45.309829], [-94.138425, 45.309805], [-94.138574, 45.309721], [-94.138707, 45.309672], [-94.138806, 45.309601], [-94.139204, 45.309408], [-94.139352, 45.3093], [-94.139517, 45.309204], [-94.13988, 45.30894], [-94.140244, 45.308724], [-94.140788, 45.308329], [-94.140971, 45.308257], [-94.14112, 45.308184], [-94.141533, 45.307921], [-94.141714, 45.307777], [-94.141907, 45.307386], [-94.142035, 45.307089], [-94.142034, 45.307042], [-94.142128, 45.306758], [-94.142192, 45.306592], [-94.142407, 45.306448], [-94.142791, 45.306444], [-94.142842, 45.306455], [-94.142909, 45.30649], [-94.143012, 45.306584], [-94.143455, 45.306904], [-94.143706, 45.307363], [-94.143898, 45.307751], [-94.144068, 45.308179], [-94.144307, 45.308589], [-94.14441, 45.30873], [-94.144529, 45.308847], [-94.14453, 45.308882], [-94.144583, 45.309], [-94.144617, 45.309035], [-94.144813, 45.309623], [-94.144814, 45.309694], [-94.145089, 45.310069], [-94.145379, 45.310302], [-94.145934, 45.31045], [-94.146001, 45.310461], [-94.146152, 45.310507], [-94.146321, 45.3106], [-94.14634, 45.310682], [-94.146345, 45.31093], [-94.14585, 45.311289], [-94.145767, 45.311325], [-94.145535, 45.311446], [-94.144758, 45.311878], [-94.144161, 45.312144], [-94.143897, 45.312336], [-94.143648, 45.312433], [-94.143499, 45.312517], [-94.143078, 45.31278], [-94.14277, 45.312937], [-94.142656, 45.312982]]]}}, {"type": "Feature", "properties": {"depth_ft": 10.0, "lake": "Clearwater", "dow": "86025202"}, "geometry": {"type": "Polygon", "coordinates": [[[-94.130746, 45.310906], [-94.130448, 45.310829], [-94.130397, 45.310794], [-94.13028, 45.310783], [-94.130282, 45.310901], [-94.130402, 45.311018], [-94.130538, 45.311123], [-94.131301, 45.311623], [-94.131419, 45.311681], [-94.131755, 45.311748], [-94.131785, 45.311571], [-94.131513, 45.311373], [-94.130799, 45.310933], [-94.130746, 45.310906]]]}}, {"type": "Feature", "properties": {"depth_ft": 15.0, "lake": "Clearwater", "dow": "86025202"}, "geometry": {"type": "Polygon", "coordinates": [[[-94.131801, 45.311356], [-94.13131, 45.311002], [-94.130781, 45.310743], [-94.130275, 45.310523], [-94.129974, 45.310515], [-94.12991, 45.310657], [-94.129944, 45.310727], [-94.130373, 45.311214], [-94.131379, 45.31184], [-94.13176, 45.31202], [-94.131861, 45.312054], [-94.132113, 45.312087], [-94.132296, 45.312015], [-94.132309, 45.311849], [-94.132147, 45.311666], [-94.131867, 45.311411], [-94.131801, 45.311356]]]}}, {"type": "Feature", "properties": {"depth_ft": 20.0, "lake": "Clearwater", "dow": "86025202"}, "geometry": {"type": "Polygon", "coordinates": [[[-94.131347, 45.310881], [-94.130525, 45.310486], [-94.13034, 45.310417], [-94.130189, 45.310394], [-94.129938, 45.310385], [-94.129821, 45.31041], [-94.129724, 45.310588], [-94.130034, 45.311045], [-94.130833, 45.311675], [-94.131391, 45.311953], [-94.131713, 45.312162], [-94.132033, 45.312289], [-94.132452, 45.31232], [-94.132636, 45.312294], [-94.1328, 45.312151], [-94.132849, 45.312056], [-94.132862, 45.311867], [-94.13252, 45.311516], [-94.132452, 45.311458], [-94.132249, 45.311342], [-94.131849, 45.311125], [-94.131479, 45.310954], [-94.131347, 45.310881]]]}}, {"type": "Feature", "properties": {"depth_ft": 30.0, "lake": "Clearwater", "dow": "86025202"}, "geometry": {"type": "Polygon", "coordinates": [[[-94.131277, 45.310661], [-94.130927, 45.310482], [-94.130286, 45.310252], [-94.129952, 45.310255], [-94.129835, 45.310268], [-94.129596, 45.310418], [-94.129539, 45.310519], [-94.129815, 45.310977], [-94.130511, 45.311563], [-94.130775, 45.311708], [-94.130919, 45.311768], [-94.131614, 45.312246], [-94.132004, 45.312478], [-94.132138, 45.312512], [-94.132423, 45.312533], [-94.132806, 45.312458], [-94.132923, 45.312421], [-94.133136, 45.312219], [-94.133183, 45.312065], [-94.133094, 45.311759], [-94.132855, 45.311525], [-94.13277, 45.311455], [-94.132294, 45.311106], [-94.131963, 45.31094], [-94.131633, 45.310805], [-94.131396, 45.310715], [-94.131277, 45.310661]]]}}, {"type": "Feature", "properties": {"depth_ft": 40.0, "lake": "Clearwater", "dow": "86025202"}, "geometry": {"type": "Polygon", "coordinates": [[[-94.129394, 45.309433], [-94.12898, 45.30932], [-94.128743, 45.309193], [-94.128659, 45.30917], [-94.128473, 45.309089], [-94.12793, 45.308717], [-94.127778, 45.308647], [-94.127711, 45.308636], [-94.127627, 45.308614], [-94.127492, 45.308556], [-94.127207, 45.308547], [-94.127124, 45.308559], [-94.12706, 45.30869], [-94.127336, 45.3091], [-94.127611, 45.309487], [-94.127681, 45.309652], [-94.127854, 45.30991], [-94.128343, 45.310944], [-94.128601, 45.311319], [-94.12872, 45.311436], [-94.128941, 45.311611], [-94.129704, 45.312111], [-94.129925, 45.312298], [-94.130309, 45.312743], [-94.130512, 45.312966], [-94.130703, 45.31312], [-94.130826, 45.313228], [-94.131081, 45.313272], [-94.131356, 45.313207], [-94.131419, 45.313066], [-94.131392, 45.312825], [-94.131233, 45.312438], [-94.130498, 45.31169], [-94.129886, 45.311152], [-94.129727, 45.311053], [-94.129513, 45.310843], [-94.129444, 45.310631], [-94.129453, 45.310419], [-94.129618, 45.310187], [-94.129831, 45.310056], [-94.129963, 45.309995], [-94.130063, 45.309982], [-94.130264, 45.30998], [-94.130415, 45.310014], [-94.131296, 45.31041], [-94.131678, 45.310526], [-94.132083, 45.310522], [-94.132383, 45.310473], [-94.13288, 45.310285], [-94.13308, 45.310236], [-94.13348, 45.310161], [-94.13363, 45.310148], [-94.134584, 45.310138], [-94.134852, 45.310183], [-94.135287, 45.310167], [-94.135937, 45.310019], [-94.136134, 45.30984], [-94.136585, 45.309835], [-94.13672, 45.309881], [-94.136821, 45.309904], [-94.136955, 45.309926], [-94.137139, 45.309924], [-94.13734, 45.309898], [-94.13963, 45.30899], [-94.140142, 45.308655], [-94.140307, 45.308523], [-94.140505, 45.308403], [-94.140654, 45.308295], [-94.140834, 45.308116], [-94.140883, 45.308057], [-94.140932, 45.307974], [-94.141138, 45.307429], [-94.141177, 45.306873], [-94.141159, 45.306791], [-94.140934, 45.306427], [-94.140374, 45.306008], [-94.140289, 45.305985], [-94.140072, 45.305987], [-94.139955, 45.306012], [-94.139873, 45.306095], [-94.139858, 45.306178], [-94.13981, 45.306273], [-94.139898, 45.306508], [-94.139901, 45.306626], [-94.140335, 45.307413], [-94.140371, 45.307554], [-94.140328, 45.307909], [-94.140117, 45.308218], [-94.139555, 45.308566], [-94.138491, 45.308931], [-94.137675, 45.309104], [-94.137508, 45.309106], [-94.137008, 45.309205], [-94.136874, 45.309207], [-94.136724, 45.309232], [-94.13664, 45.309221], [-94.136573, 45.309233], [-94.136408, 45.309306], [-94.136274, 45.309307], [-94.136208, 45.309343], [-94.136091, 45.30938], [-94.135793, 45.309536], [-94.135544, 45.309609], [-94.135277, 45.309636], [-94.135142, 45.309625], [-94.134625, 45.309689], [-94.134239, 45.309611], [-94.133766, 45.309403], [-94.133495, 45.309217], [-94.133343, 45.309183], [-94.133277, 45.309195], [-94.133177, 45.309243], [-94.132999, 45.309552], [-94.132954, 45.309765], [-94.132839, 45.309884], [-94.132373, 45.309995], [-94.132239, 45.309996], [-94.131937, 45.309976], [-94.13091, 45.309644], [-94.130422, 45.309507], [-94.129944, 45.309492], [-94.129577, 45.309459], [-94.129394, 45.309433]]]}}, {"type": "Feature", "properties": {"depth_ft": 30.0, "lake": "Clearwater", "dow": "86025202"}, "geometry": {"type": "Polygon", "coordinates": [[[-94.127817, 45.307103], [-94.127681, 45.307137], [-94.127582, 45.307186], [-94.127499, 45.307234], [-94.127322, 45.307554], [-94.127429, 45.307907], [-94.127603, 45.308236], [-94.127792, 45.308494], [-94.128149, 45.308762], [-94.128368, 45.308842], [-94.128905, 45.308931], [-94.129527, 45.309067], [-94.129912, 45.30911], [-94.130046, 45.309109], [-94.130146, 45.309096], [-94.130246, 45.30906], [-94.130326, 45.308882], [-94.130307, 45.308764], [-94.1301, 45.308436], [-94.130015, 45.308366], [-94.129758, 45.308085], [-94.12969, 45.308038], [-94.129332, 45.307688], [-94.129213, 45.307594], [-94.129145, 45.30756], [-94.128837, 45.30722], [-94.128736, 45.307162], [-94.128432, 45.307106], [-94.128, 45.307073], [-94.127856, 45.307093], [-94.127817, 45.307103]]]}}, {"type": "Feature", "properties": {"depth_ft": 10.0, "lake": "Clearwater", "dow": "86025202"}, "geometry": {"type": "Polygon", "coordinates": [[[-94.134256, 45.306566], [-94.134157, 45.306365], [-94.133922, 45.306191], [-94.13363, 45.306019], [-94.132969, 45.305491], [-94.132628, 45.305188], [-94.132031, 45.304615], [-94.131688, 45.304205], [-94.131378, 45.303713], [-94.130964, 45.303029], [-94.130388, 45.302494], [-94.130136, 45.302417], [-94.129806, 45.302443], [-94.12968, 45.302592], [-94.13039, 45.303376], [-94.131917, 45.304758], [-94.132175, 45.30511], [-94.132438, 45.305605], [-94.132462, 45.305951], [-94.132442, 45.306331], [-94.132448, 45.306644], [-94.132474, 45.306796], [-94.132652, 45.307108], [-94.132822, 45.307306], [-94.132958, 45.307451], [-94.133931, 45.308445], [-94.134238, 45.308725], [-94.134492, 45.308911], [-94.13461, 45.308958], [-94.13488, 45.309038], [-94.134997, 45.30906], [-94.135148, 45.309047], [-94.135281, 45.309022], [-94.135644, 45.308782], [-94.13571, 45.308711], [-94.135792, 45.308639], [-94.136223, 45.308446], [-94.136456, 45.308373], [-94.137884, 45.308158], [-94.138858, 45.307859], [-94.139313, 45.307723], [-94.139541, 45.307637], [-94.139616, 45.307558], [-94.13957, 45.307431], [-94.139117, 45.307216], [-94.138549, 45.307122], [-94.13813, 45.307071], [-94.137764, 45.307065], [-94.13749, 45.307105], [-94.137348, 45.307171], [-94.136938, 45.3074], [-94.13625, 45.308127], [-94.136117, 45.308163], [-94.136, 45.308153], [-94.135865, 45.308095], [-94.135609, 45.307873], [-94.134952, 45.307608], [-94.134697, 45.307422], [-94.134454, 45.306988], [-94.134333, 45.306795], [-94.134277, 45.30663], [-94.134256, 45.306566]]]}}, {"type": "Feature", "properties": {"depth_ft": 15.0, "lake": "Clearwater", "dow": "86025202"}, "geometry": {"type": "Polygon", "coordinates": [[[-94.133752, 45.305859], [-94.133491, 45.305699], [-94.132301, 45.304707], [-94.132113, 45.30452], [-94.131576, 45.303616], [-94.131268, 45.303207], [-94.130988, 45.302943], [-94.130583, 45.302555], [-94.130151, 45.302337], [-94.12982, 45.302329], [-94.129645, 45.30245], [-94.129591, 45.302604], [-94.129857, 45.303006], [-94.130022, 45.303175], [-94.130232, 45.303334], [-94.130797, 45.303943], [-94.131172, 45.304305], [-94.131341, 45.304421], [-94.13231, 45.305622], [-94.132359, 45.305791], [-94.132331, 45.306066], [-94.132319, 45.306293], [-94.132276, 45.306832], [-94.132483, 45.307161], [-94.133526, 45.308284], [-94.133935, 45.308657], [-94.134343, 45.308984], [-94.134766, 45.309216], [-94.134984, 45.30924], [-94.135244, 45.309201], [-94.136876, 45.308475], [-94.137142, 45.308401], [-94.137919, 45.308235], [-94.138741, 45.308007], [-94.138874, 45.307971], [-94.138957, 45.307934], [-94.139456, 45.307788], [-94.139704, 45.307685], [-94.139783, 45.307543], [-94.139737, 45.307402], [-94.139495, 45.307233], [-94.13941, 45.307186], [-94.139225, 45.307117], [-94.138905, 45.307026], [-94.138721, 45.307004], [-94.138089, 45.306969], [-94.137449, 45.306975], [-94.137175, 45.307024], [-94.136916, 45.307156], [-94.136652, 45.30732], [-94.136537, 45.307404], [-94.136472, 45.307487], [-94.136125, 45.307715], [-94.135791, 45.30773], [-94.135656, 45.307684], [-94.135183, 45.307464], [-94.134842, 45.307137], [-94.134773, 45.307043], [-94.13439, 45.306315], [-94.133911, 45.305955], [-94.133752, 45.305859]]]}}, {"type": "Feature", "properties": {"depth_ft": 20.0, "lake": "Clearwater", "dow": "86025202"}, "geometry": {"type": "Polygon", "coordinates": [[[-94.133476, 45.305341], [-94.133146, 45.305142], [-94.132828, 45.30497], [-94.132549, 45.304751], [-94.132335, 45.304495], [-94.132107, 45.304221], [-94.131876, 45.303762], [-94.131622, 45.303461], [-94.131408, 45.303214], [-94.131045, 45.30287], [-94.13073, 45.30261], [-94.130435, 45.302419], [-94.130126, 45.302292], [-94.129795, 45.302278], [-94.129643, 45.302353], [-94.129478, 45.302577], [-94.129596, 45.302843], [-94.129836, 45.303154], [-94.130129, 45.303479], [-94.130502, 45.303853], [-94.130862, 45.304191], [-94.131248, 45.304537], [-94.131464, 45.304867], [-94.131571, 45.304976], [-94.131838, 45.305241], [-94.132011, 45.305433], [-94.132158, 45.30556], [-94.13224, 45.305744], [-94.132206, 45.30603], [-94.132142, 45.306722], [-94.132133, 45.306925], [-94.132242, 45.307154], [-94.132522, 45.307465], [-94.132815, 45.307729], [-94.133083, 45.308031], [-94.133324, 45.308305], [-94.133564, 45.308561], [-94.133882, 45.308788], [-94.134122, 45.309016], [-94.134427, 45.309207], [-94.134678, 45.309342], [-94.134966, 45.309367], [-94.135148, 45.30931], [-94.135537, 45.309131], [-94.136108, 45.308913], [-94.136601, 45.308733], [-94.137108, 45.308581], [-94.137628, 45.308419], [-94.138118, 45.308284], [-94.138769, 45.308139], [-94.139043, 45.308099], [-94.139497, 45.307938], [-94.139743, 45.307816], [-94.139897, 45.307685], [-94.139919, 45.307482], [-94.139772, 45.307308], [-94.139559, 45.307117], [-94.139124, 45.306946], [-94.138874, 45.306866], [-94.138507, 45.306823], [-94.138141, 45.306827], [-94.137488, 45.306852], [-94.137057, 45.306884], [-94.136785, 45.307025], [-94.136527, 45.307202], [-94.136309, 45.30738], [-94.136102, 45.307483], [-94.135854, 45.307523], [-94.135552, 45.30747], [-94.135289, 45.30739], [-94.135089, 45.307171], [-94.134966, 45.306941], [-94.134791, 45.306694], [-94.134683, 45.306493], [-94.134641, 45.306382], [-94.134466, 45.306117], [-94.134305, 45.305888], [-94.134071, 45.305701], [-94.133793, 45.30551], [-94.133555, 45.305374], [-94.133476, 45.305341]]]}}, {"type": "Feature", "properties": {"depth_ft": 30.0, "lake": "Clearwater", "dow": "86025202"}, "geometry": {"type": "Polygon", "coordinates": [[[-94.133138, 45.304788], [-94.132845, 45.304542], [-94.132593, 45.304361], [-94.132353, 45.304096], [-94.132124, 45.303766], [-94.131803, 45.303401], [-94.13155, 45.303173], [-94.131217, 45.30289], [-94.130939, 45.302681], [-94.130679, 45.302485], [-94.130352, 45.302312], [-94.130003, 45.302207], [-94.129802, 45.302221], [-94.129602, 45.302319], [-94.129372, 45.302532], [-94.129399, 45.302709], [-94.129625, 45.303044], [-94.129841, 45.303346], [-94.130188, 45.303721], [-94.130494, 45.304003], [-94.130735, 45.304259], [-94.130961, 45.30446], [-94.131095, 45.304652], [-94.131179, 45.3049], [-94.131132, 45.305168], [-94.131165, 45.305499], [-94.131209, 45.305776], [-94.131413, 45.30617], [-94.131642, 45.306472], [-94.131858, 45.306782], [-94.132131, 45.307369], [-94.132543, 45.307716], [-94.132849, 45.307971], [-94.133196, 45.308327], [-94.133463, 45.308591], [-94.13373, 45.308893], [-94.133958, 45.30914], [-94.13409, 45.30924], [-94.134316, 45.309385], [-94.134487, 45.309457], [-94.134763, 45.309519], [-94.135023, 45.309479], [-94.135335, 45.309347], [-94.135867, 45.309148], [-94.136217, 45.308997], [-94.136684, 45.308808], [-94.137034, 45.308685], [-94.137295, 45.308636], [-94.137646, 45.30855], [-94.138024, 45.308472], [-94.138324, 45.308442], [-94.138676, 45.308401], [-94.139028, 45.308343], [-94.139431, 45.308256], [-94.139808, 45.308132], [-94.139962, 45.308001], [-94.140103, 45.307825], [-94.140151, 45.307621], [-94.140121, 45.307437], [-94.139987, 45.307254], [-94.139748, 45.307082], [-94.139549, 45.306945], [-94.139286, 45.306865], [-94.138813, 45.306768], [-94.138525, 45.306725], [-94.138027, 45.306702], [-94.137387, 45.306736], [-94.136724, 45.306881], [-94.136529, 45.306975], [-94.136232, 45.307126], [-94.136089, 45.30721], [-94.135804, 45.307314], [-94.135686, 45.307306], [-94.135502, 45.307262], [-94.135317, 45.307135], [-94.135235, 45.30697], [-94.135007, 45.306668], [-94.134924, 45.306457], [-94.134788, 45.306181], [-94.13464, 45.305999], [-94.134359, 45.305663], [-94.134172, 45.30549], [-94.133788, 45.305227], [-94.133588, 45.305072], [-94.133257, 45.304854], [-94.133138, 45.304788]]]}}, {"type": "Feature", "properties": {"depth_ft": 40.0, "lake": "Clearwater", "dow": "86025202"}, "geometry": {"type": "Polygon", "coordinates": [[[-94.133032, 45.304081], [-94.132739, 45.303817], [-94.132354, 45.303517], [-94.13189, 45.303199], [-94.131573, 45.303027], [-94.131148, 45.302699], [-94.13091, 45.302554], [-94.130693, 45.302384], [-94.130482, 45.302267], [-94.130204, 45.302113], [-94.130047, 45.302096], [-94.12989, 45.302107], [-94.129643, 45.302183], [-94.129179, 45.302519], [-94.128767, 45.302818], [-94.1286, 45.302986], [-94.128394, 45.303135], [-94.1282, 45.303248], [-94.128096, 45.303286], [-94.127913, 45.303288], [-94.127637, 45.303198], [-94.127543, 45.303061], [-94.127659, 45.302977], [-94.127803, 45.302975], [-94.128065, 45.303], [-94.128196, 45.303018], [-94.128417, 45.302969], [-94.12861, 45.30282], [-94.128971, 45.302558], [-94.129255, 45.302362], [-94.129447, 45.302157], [-94.129627, 45.302017], [-94.129808, 45.301914], [-94.129951, 45.301885], [-94.130266, 45.301965], [-94.130596, 45.302118], [-94.130927, 45.302318], [-94.131417, 45.302645], [-94.131893, 45.302898], [-94.132261, 45.302996], [-94.132839, 45.303128], [-94.133233, 45.303235], [-94.133657, 45.303489], [-94.133976, 45.303781], [-94.134231, 45.30411], [-94.134367, 45.304339], [-94.134653, 45.304683], [-94.134987, 45.30503], [-94.135281, 45.305332], [-94.135625, 45.30554], [-94.135942, 45.305721], [-94.136207, 45.305885], [-94.136434, 45.306122], [-94.136541, 45.30625], [-94.136714, 45.306414], [-94.136911, 45.306449], [-94.137134, 45.306465], [-94.137266, 45.306529], [-94.13728, 45.306611], [-94.137151, 45.306668], [-94.136891, 45.306735], [-94.13663, 45.306784], [-94.136292, 45.306898], [-94.136164, 45.306991], [-94.135969, 45.307076], [-94.135879, 45.307123], [-94.135682, 45.307116], [-94.135498, 45.307026], [-94.135376, 45.306833], [-94.1352, 45.30654], [-94.135091, 45.306311], [-94.135075, 45.306163], [-94.134926, 45.305897], [-94.134683, 45.305522], [-94.134336, 45.305157], [-94.134081, 45.304855], [-94.133881, 45.304645], [-94.133708, 45.304481], [-94.133285, 45.304236], [-94.133126, 45.304145], [-94.133032, 45.304081]]]}}, {"type": "Feature", "properties": {"depth_ft": 10.0, "lake": "Clearwater", "dow": "86025202"}, "geometry": {"type": "Polygon", "coordinates": [[[-94.127005, 45.316439], [-94.127018, 45.3159], [-94.12705, 45.315817], [-94.127096, 45.315604], [-94.127093, 45.315498], [-94.127102, 45.315065], [-94.127141, 45.31473], [-94.127193, 45.314588], [-94.127242, 45.314529], [-94.127458, 45.314491], [-94.128524, 45.315059], [-94.128625, 45.315129], [-94.128798, 45.31541], [-94.128872, 45.315764], [-94.12867, 45.316545], [-94.128263, 45.317116], [-94.127982, 45.317248], [-94.127478, 45.317182], [-94.127258, 45.317043], [-94.12719, 45.316985], [-94.127105, 45.316903], [-94.126998, 45.316639], [-94.127006, 45.316511], [-94.127005, 45.316439]]]}}, {"type": "Feature", "properties": {"depth_ft": 15.0, "lake": "Clearwater", "dow": "86025202"}, "geometry": {"type": "Polygon", "coordinates": [[[-94.127306, 45.315638], [-94.127328, 45.315496], [-94.127322, 45.315236], [-94.127338, 45.315165], [-94.127354, 45.31513], [-94.127352, 45.315035], [-94.127497, 45.314762], [-94.127681, 45.314749], [-94.127732, 45.314772], [-94.127968, 45.314899], [-94.128649, 45.315495], [-94.128706, 45.315836], [-94.128708, 45.315895], [-94.128693, 45.315978], [-94.128371, 45.316631], [-94.12816, 45.316987], [-94.128045, 45.317059], [-94.127945, 45.317095], [-94.12761, 45.317087], [-94.127407, 45.316947], [-94.127339, 45.316889], [-94.127304, 45.31683], [-94.127269, 45.316736], [-94.127244, 45.316335], [-94.127308, 45.315742], [-94.127306, 45.315638]]]}}, {"type": "Feature", "properties": {"depth_ft": 20.0, "lake": "Clearwater", "dow": "86025202"}, "geometry": {"type": "Polygon", "coordinates": [[[-94.127432, 45.316299], [-94.127435, 45.316675], [-94.127572, 45.316851], [-94.127807, 45.316896], [-94.127924, 45.316871], [-94.128073, 45.316799], [-94.128188, 45.316703], [-94.128253, 45.31662], [-94.128399, 45.316371], [-94.128524, 45.315933], [-94.12845, 45.315544], [-94.128141, 45.315181], [-94.127854, 45.315018], [-94.12767, 45.31502], [-94.127606, 45.31521], [-94.127579, 45.315493], [-94.127442, 45.316211], [-94.127432, 45.316299]]]}}, {"type": "Feature", "properties": {"depth_ft": 30.0, "lake": "Clearwater", "dow": "86025202"}, "geometry": {"type": "Polygon", "coordinates": [[[-94.127757, 45.316687], [-94.127804, 45.316742], [-94.12794, 45.316757], [-94.128086, 45.316716], [-94.12815, 45.316547], [-94.12831, 45.3161], [-94.128272, 45.315876], [-94.128221, 45.315817], [-94.127989, 45.315926], [-94.127907, 45.316045], [-94.127753, 45.316495], [-94.127745, 45.316631], [-94.127757, 45.316687]]]}}, {"type": "Feature", "properties": {"depth_ft": 30.0, "lake": "Clearwater", "dow": "86025202"}, "geometry": {"type": "Polygon", "coordinates": [[[-94.123317, 45.313195], [-94.123366, 45.313094], [-94.123464, 45.312999], [-94.12353, 45.312963], [-94.123582, 45.313045], [-94.123602, 45.31321], [-94.123538, 45.313329], [-94.123504, 45.313538], [-94.123439, 45.314274], [-94.12344, 45.314333], [-94.123424, 45.314369], [-94.123426, 45.314451], [-94.123476, 45.314711], [-94.123741, 45.315072], [-94.124096, 45.315459], [-94.124271, 45.315706], [-94.124543, 45.31594], [-94.124885, 45.316302], [-94.12492, 45.316373], [-94.124967, 45.316477], [-94.124957, 45.316561], [-94.124822, 45.316527], [-94.124498, 45.3162], [-94.124379, 45.316107], [-94.124142, 45.315822], [-94.12401, 45.315669], [-94.123898, 45.315486], [-94.123549, 45.315137], [-94.123402, 45.314947], [-94.123283, 45.314842], [-94.123214, 45.314737], [-94.123144, 45.314596], [-94.122986, 45.31422], [-94.122984, 45.314102], [-94.122965, 45.313996], [-94.123042, 45.313652], [-94.123216, 45.313287], [-94.123317, 45.313195]]]}}, {"type": "Feature", "properties": {"depth_ft": 20.0, "lake": "Clearwater", "dow": "86025202"}, "geometry": {"type": "Polygon", "coordinates": [[[-94.125236, 45.319797], [-94.124862, 45.319832], [-94.12442, 45.319805], [-94.124065, 45.3197], [-94.12382, 45.319563], [-94.123441, 45.319411], [-94.123174, 45.319273], [-94.123126, 45.319056], [-94.123277, 45.318899], [-94.123719, 45.318926], [-94.124184, 45.31903], [-94.124825, 45.319055], [-94.125332, 45.31905], [-94.125661, 45.318938], [-94.125921, 45.318702], [-94.126027, 45.318499], [-94.126067, 45.318296], [-94.126018, 45.318032], [-94.125902, 45.317769], [-94.12515, 45.317043], [-94.125083, 45.317009], [-94.124928, 45.31681], [-94.124502, 45.316389], [-94.124382, 45.316236], [-94.124297, 45.316178], [-94.124144, 45.31605], [-94.123514, 45.315501], [-94.123343, 45.315326], [-94.123188, 45.315127], [-94.122915, 45.314846], [-94.122827, 45.314599], [-94.122782, 45.314033], [-94.123483, 45.312243], [-94.1236, 45.312266], [-94.123772, 45.312476], [-94.123807, 45.312582], [-94.123929, 45.312794], [-94.124037, 45.313194], [-94.123911, 45.313597], [-94.123766, 45.313893], [-94.123688, 45.314154], [-94.123673, 45.314272], [-94.123676, 45.314425], [-94.123695, 45.314496], [-94.123746, 45.314578], [-94.123851, 45.314801], [-94.123972, 45.315013], [-94.124264, 45.315376], [-94.124572, 45.315692], [-94.12507, 45.316383], [-94.125311, 45.316676], [-94.125515, 45.316875], [-94.125839, 45.317167], [-94.126807, 45.31776], [-94.127031, 45.317913], [-94.127191, 45.318223], [-94.127285, 45.318502], [-94.127429, 45.319076], [-94.127302, 45.319373], [-94.12704, 45.319515], [-94.126734, 45.319627], [-94.126315, 45.319678], [-94.125655, 45.319747], [-94.125236, 45.319797]]]}}, {"type": "Feature", "properties": {"depth_ft": 15.0, "lake": "Clearwater", "dow": "86025202"}, "geometry": {"type": "Polygon", "coordinates": [[[-94.124359, 45.320039], [-94.123937, 45.319935], [-94.123491, 45.319706], [-94.123179, 45.319538], [-94.12293, 45.319213], [-94.122879, 45.318856], [-94.123207, 45.318713], [-94.123605, 45.318756], [-94.123893, 45.318831], [-94.124181, 45.318859], [-94.124534, 45.318887], [-94.125151, 45.318818], [-94.125611, 45.318627], [-94.125782, 45.318361], [-94.125774, 45.317957], [-94.125599, 45.317712], [-94.125462, 45.317548], [-94.124967, 45.317121], [-94.124849, 45.317011], [-94.124643, 45.316765], [-94.124592, 45.316742], [-94.124438, 45.316555], [-94.123961, 45.316134], [-94.12369, 45.315948], [-94.123536, 45.315808], [-94.123185, 45.315552], [-94.122987, 45.315317], [-94.122855, 45.315173], [-94.122609, 45.314601], [-94.122591, 45.314542], [-94.122571, 45.314389], [-94.122565, 45.31407], [-94.122596, 45.313952], [-94.122661, 45.313833], [-94.122724, 45.313632], [-94.123125, 45.312766], [-94.123279, 45.312104], [-94.123358, 45.311878], [-94.123491, 45.311818], [-94.123608, 45.311829], [-94.124057, 45.312509], [-94.124206, 45.313263], [-94.124063, 45.313678], [-94.123886, 45.313998], [-94.123757, 45.314259], [-94.123897, 45.314588], [-94.124036, 45.314835], [-94.124963, 45.316006], [-94.125322, 45.316416], [-94.125612, 45.316708], [-94.125919, 45.316977], [-94.126123, 45.317128], [-94.126766, 45.317488], [-94.126935, 45.317604], [-94.127276, 45.317931], [-94.127467, 45.318272], [-94.127469, 45.318355], [-94.127592, 45.318672], [-94.127577, 45.318767], [-94.127595, 45.318826], [-94.127615, 45.318991], [-94.127602, 45.319144], [-94.127622, 45.319309], [-94.127547, 45.319448], [-94.127396, 45.319652], [-94.127001, 45.319733], [-94.126715, 45.319798], [-94.12643, 45.319879], [-94.126145, 45.320006], [-94.125749, 45.320072], [-94.125441, 45.320107], [-94.12511, 45.320094], [-94.124735, 45.320082], [-94.124359, 45.320039]]]}}, {"type": "Feature", "properties": {"depth_ft": 10.0, "lake": "Clearwater", "dow": "86025202"}, "geometry": {"type": "Polygon", "coordinates": [[[-94.125425, 45.320418], [-94.124674, 45.320347], [-94.124163, 45.320212], [-94.123564, 45.320047], [-94.123297, 45.319941], [-94.123096, 45.319803], [-94.123003, 45.319571], [-94.122552, 45.319062], [-94.122545, 45.318735], [-94.122872, 45.318514], [-94.123425, 45.318555], [-94.123846, 45.318644], [-94.124179, 45.31875], [-94.124444, 45.318763], [-94.124664, 45.318761], [-94.124861, 45.318681], [-94.125276, 45.318444], [-94.125472, 45.318317], [-94.12549, 45.318115], [-94.125464, 45.317929], [-94.125093, 45.317504], [-94.124905, 45.317317], [-94.124562, 45.316919], [-94.124204, 45.316545], [-94.124136, 45.316487], [-94.123478, 45.316006], [-94.122941, 45.315603], [-94.122717, 45.315341], [-94.122396, 45.314804], [-94.122341, 45.31458], [-94.122338, 45.31445], [-94.122369, 45.314285], [-94.122539, 45.313575], [-94.122684, 45.313314], [-94.122683, 45.313266], [-94.122888, 45.312615], [-94.122885, 45.312485], [-94.122899, 45.31232], [-94.122962, 45.31213], [-94.122971, 45.311764], [-94.123086, 45.311657], [-94.123135, 45.311586], [-94.123217, 45.311514], [-94.123284, 45.311478], [-94.123426, 45.311508], [-94.123583, 45.311623], [-94.12383, 45.311877], [-94.124043, 45.312046], [-94.124307, 45.312542], [-94.124485, 45.312989], [-94.124489, 45.313225], [-94.124441, 45.313332], [-94.124331, 45.313663], [-94.123905, 45.314116], [-94.123924, 45.314234], [-94.123927, 45.314423], [-94.124172, 45.314928], [-94.124307, 45.315009], [-94.12465, 45.315419], [-94.124718, 45.315466], [-94.124871, 45.315594], [-94.125554, 45.316284], [-94.125554, 45.316319], [-94.125826, 45.316529], [-94.125895, 45.316611], [-94.126059, 45.316835], [-94.126237, 45.317009], [-94.126457, 45.317113], [-94.126914, 45.31738], [-94.127066, 45.31745], [-94.127458, 45.3178], [-94.127853, 45.318315], [-94.12789, 45.318504], [-94.128015, 45.318904], [-94.128017, 45.318998], [-94.127944, 45.319475], [-94.127532, 45.319821], [-94.127092, 45.319904], [-94.12685, 45.319937], [-94.1265, 45.320065], [-94.126019, 45.320319], [-94.125821, 45.320367], [-94.125425, 45.320418]]]}}, {"type": "Feature", "properties": {"depth_ft": 10.0, "lake": "Clearwater", "dow": "86025202"}, "geometry": {"type": "Polygon", "coordinates": [[[-94.120315, 45.323903], [-94.1202, 45.323963], [-94.120121, 45.324188], [-94.120125, 45.324412], [-94.120092, 45.324448], [-94.119964, 45.324744], [-94.119899, 45.324816], [-94.119394, 45.325541], [-94.119331, 45.325707], [-94.119315, 45.325778], [-94.119266, 45.325837], [-94.119302, 45.325955], [-94.119442, 45.326261], [-94.119562, 45.326425], [-94.119566, 45.32659], [-94.119469, 45.326768], [-94.119185, 45.326818], [-94.118214, 45.32678], [-94.117928, 45.326724], [-94.117125, 45.326708], [-94.116991, 45.326733], [-94.116775, 45.326794], [-94.116742, 45.326842], [-94.116678, 45.326984], [-94.116714, 45.32709], [-94.116783, 45.327196], [-94.116851, 45.327254], [-94.116935, 45.3273], [-94.118536, 45.327851], [-94.118944, 45.32819], [-94.119569, 45.328776], [-94.11988, 45.328951], [-94.120329, 45.328983], [-94.120668, 45.32894], [-94.12096, 45.328851], [-94.121204, 45.328678], [-94.121361, 45.328508], [-94.121573, 45.328235], [-94.121722, 45.328162], [-94.121905, 45.328102], [-94.12219, 45.328099], [-94.124734, 45.328133], [-94.124884, 45.32812], [-94.125201, 45.328069], [-94.125599, 45.327876], [-94.125664, 45.32777], [-94.125679, 45.327675], [-94.125727, 45.327545], [-94.125938, 45.327259], [-94.126286, 45.327055], [-94.126468, 45.326959], [-94.126584, 45.326887], [-94.126779, 45.32659], [-94.126791, 45.326377], [-94.12662, 45.326178], [-94.126484, 45.326073], [-94.126366, 45.326027], [-94.126181, 45.325982], [-94.125847, 45.326021], [-94.125564, 45.326082], [-94.125298, 45.326191], [-94.124735, 45.32648], [-94.123522, 45.326905], [-94.122669, 45.326937], [-94.122633, 45.326831], [-94.122665, 45.32676], [-94.122747, 45.326653], [-94.122927, 45.326462], [-94.123719, 45.325876], [-94.123851, 45.325769], [-94.123964, 45.32559], [-94.12407, 45.325035], [-94.124001, 45.324917], [-94.123929, 45.32467], [-94.123665, 45.324375], [-94.123297, 45.324311], [-94.121145, 45.323808], [-94.120953, 45.323788], [-94.120634, 45.323802], [-94.120443, 45.323849], [-94.120315, 45.323903]]]}}, {"type": "Feature", "properties": {"depth_ft": 15.0, "lake": "Clearwater", "dow": "86025202"}, "geometry": {"type": "Polygon", "coordinates": [[[-94.120878, 45.324018], [-94.12052, 45.324054], [-94.120454, 45.324114], [-94.120356, 45.324221], [-94.120148, 45.324743], [-94.119839, 45.325159], [-94.119709, 45.325373], [-94.119566, 45.325752], [-94.119535, 45.325882], [-94.119828, 45.326328], [-94.11983, 45.326434], [-94.119801, 45.326647], [-94.119621, 45.326849], [-94.119205, 45.326995], [-94.119022, 45.327032], [-94.118888, 45.327033], [-94.118754, 45.327011], [-94.11867, 45.326988], [-94.11726, 45.326766], [-94.117093, 45.326791], [-94.116878, 45.326947], [-94.116998, 45.327087], [-94.1171, 45.327181], [-94.11764, 45.327388], [-94.11796, 45.327479], [-94.118803, 45.327827], [-94.119161, 45.328128], [-94.11944, 45.32853], [-94.119749, 45.328798], [-94.119895, 45.328886], [-94.120135, 45.328895], [-94.120453, 45.328813], [-94.121041, 45.328429], [-94.121238, 45.328226], [-94.121452, 45.328047], [-94.121585, 45.327987], [-94.121818, 45.327925], [-94.122085, 45.327887], [-94.124564, 45.328016], [-94.125164, 45.327881], [-94.12528, 45.327821], [-94.125393, 45.327619], [-94.125573, 45.327404], [-94.12596, 45.327103], [-94.126354, 45.32684], [-94.126447, 45.326747], [-94.126528, 45.326604], [-94.126576, 45.326486], [-94.12637, 45.326251], [-94.126303, 45.326205], [-94.126135, 45.326195], [-94.125985, 45.32622], [-94.125452, 45.326355], [-94.125053, 45.326489], [-94.124107, 45.326876], [-94.123324, 45.327084], [-94.123107, 45.327122], [-94.122639, 45.32715], [-94.122472, 45.32714], [-94.122404, 45.327093], [-94.122369, 45.327023], [-94.122334, 45.326929], [-94.122413, 45.326692], [-94.122445, 45.326632], [-94.122543, 45.326513], [-94.123531, 45.325689], [-94.123853, 45.325072], [-94.123851, 45.324942], [-94.123814, 45.324789], [-94.123762, 45.324695], [-94.123677, 45.324613], [-94.123093, 45.324383], [-94.12266, 45.324275], [-94.121666, 45.324127], [-94.121121, 45.324053], [-94.120878, 45.324018]]]}}, {"type": "Feature", "properties": {"depth_ft": 20.0, "lake": "Clearwater", "dow": "86025202"}, "geometry": {"type": "Polygon", "coordinates": [[[-94.121255, 45.324378], [-94.120995, 45.32438], [-94.120946, 45.32444], [-94.121306, 45.324861], [-94.121783, 45.325305], [-94.121851, 45.325387], [-94.122011, 45.325834], [-94.121996, 45.32594], [-94.121965, 45.326059], [-94.121834, 45.326178], [-94.121718, 45.326262], [-94.121452, 45.326323], [-94.120941, 45.326263], [-94.120195, 45.325729], [-94.120052, 45.325742], [-94.119975, 45.3259], [-94.120044, 45.326159], [-94.120165, 45.326419], [-94.120023, 45.326845], [-94.11994, 45.326917], [-94.119808, 45.327001], [-94.119642, 45.327073], [-94.119125, 45.327173], [-94.118639, 45.327142], [-94.117917, 45.327007], [-94.117599, 45.326987], [-94.117432, 45.327012], [-94.117469, 45.327177], [-94.117587, 45.327235], [-94.117738, 45.327257], [-94.117923, 45.327326], [-94.118075, 45.327372], [-94.118496, 45.327533], [-94.119035, 45.327828], [-94.11936, 45.328106], [-94.119624, 45.328554], [-94.119882, 45.328642], [-94.120025, 45.328651], [-94.120259, 45.328637], [-94.120706, 45.32842], [-94.121249, 45.327907], [-94.121697, 45.327761], [-94.122249, 45.32772], [-94.123253, 45.327734], [-94.124242, 45.327807], [-94.124877, 45.327765], [-94.125027, 45.327693], [-94.125257, 45.327514], [-94.125372, 45.327406], [-94.12623, 45.32676], [-94.126324, 45.326464], [-94.126154, 45.326336], [-94.125821, 45.326375], [-94.125587, 45.326436], [-94.125223, 45.326605], [-94.124444, 45.327026], [-94.124062, 45.32716], [-94.123028, 45.327335], [-94.12276, 45.327338], [-94.122341, 45.327295], [-94.122071, 45.327203], [-94.122031, 45.326861], [-94.122292, 45.326504], [-94.123115, 45.325835], [-94.123182, 45.325799], [-94.123297, 45.325715], [-94.123607, 45.325299], [-94.123671, 45.325145], [-94.12365, 45.324932], [-94.123563, 45.324756], [-94.123258, 45.324559], [-94.123005, 45.324467], [-94.122685, 45.324387], [-94.122535, 45.3244], [-94.121629, 45.324407], [-94.121255, 45.324378]]]}}, {"type": "Feature", "properties": {"depth_ft": 30.0, "lake": "Clearwater", "dow": "86025202"}, "geometry": {"type": "Polygon", "coordinates": [[[-94.121838, 45.324552], [-94.121669, 45.324569], [-94.12155, 45.324619], [-94.121531, 45.324724], [-94.121561, 45.324833], [-94.121719, 45.324985], [-94.121963, 45.325216], [-94.122179, 45.325457], [-94.12237, 45.325808], [-94.122387, 45.325962], [-94.122458, 45.326026], [-94.122649, 45.326048], [-94.122773, 45.325923], [-94.123022, 45.325687], [-94.123208, 45.325487], [-94.123402, 45.325276], [-94.123462, 45.325137], [-94.123502, 45.324997], [-94.123471, 45.324849], [-94.123398, 45.324735], [-94.123221, 45.324677], [-94.122882, 45.324656], [-94.122642, 45.324604], [-94.122373, 45.324572], [-94.122013, 45.32454], [-94.121838, 45.324552]]]}}, {"type": "Feature", "properties": {"depth_ft": 15.0, "lake": "Clearwater", "dow": "86025202"}, "geometry": {"type": "Polygon", "coordinates": [[[-94.121169, 45.326028], [-94.120976, 45.325881], [-94.12081, 45.325679], [-94.120671, 45.325393], [-94.120612, 45.325259], [-94.120566, 45.325101], [-94.120627, 45.324961], [-94.120787, 45.32488], [-94.121049, 45.324917], [-94.121213, 45.325045], [-94.121442, 45.325211], [-94.121628, 45.325358], [-94.121744, 45.325541], [-94.121783, 45.325739], [-94.121758, 45.325883], [-94.121655, 45.326009], [-94.121544, 45.326114], [-94.121453, 45.32614], [-94.121227, 45.326072], [-94.121169, 45.326028]]]}}, {"type": "Feature", "properties": {"depth_ft": 10.0, "lake": "Clearwater", "dow": "86025202"}, "geometry": {"type": "Polygon", "coordinates": [[[-94.121199, 45.325765], [-94.121063, 45.325647], [-94.12096, 45.325435], [-94.12095, 45.325291], [-94.120991, 45.325186], [-94.121103, 45.32517], [-94.121302, 45.325252], [-94.121495, 45.32539], [-94.12159, 45.325582], [-94.121629, 45.325741], [-94.121602, 45.325811], [-94.121441, 45.325852], [-94.121249, 45.325789], [-94.121199, 45.325765]]]}}, {"type": "Feature", "properties": {"depth_ft": 10.0, "lake": "Clearwater", "dow": "86025202"}, "geometry": {"type": "LineString", "coordinates": [[-94.125726, 45.301881], [-94.125906, 45.301853], [-94.12615, 45.301685], [-94.126564, 45.301251], [-94.12675, 45.301165], [-94.127443, 45.300964], [-94.127785, 45.300893], [-94.1285, 45.300896], [-94.129106, 45.300938], [-94.129823, 45.300999], [-94.130624, 45.301146], [-94.130881, 45.301261], [-94.131416, 45.301475], [-94.131714, 45.301762], [-94.131921, 45.302019], [-94.132237, 45.302261], [-94.132496, 45.302413], [-94.132992, 45.302498], [-94.133542, 45.302557], [-94.133931, 45.302773], [-94.134283, 45.303002], [-94.134659, 45.303514], [-94.134945, 45.304092], [-94.135191, 45.304451], [-94.135843, 45.305064], [-94.136569, 45.305625], [-94.136867, 45.305893], [-94.137162, 45.305993], [-94.13729, 45.305992], [-94.137343, 45.305927], [-94.137377, 45.305785], [-94.137355, 45.305591], [-94.137296, 45.305372], [-94.137198, 45.305089], [-94.137013, 45.304988], [-94.13666, 45.304708], [-94.136584, 45.304553], [-94.136595, 45.304205], [-94.136555, 45.304012], [-94.13646, 45.303845], [-94.136272, 45.303589], [-94.136063, 45.303216], [-94.136059, 45.303023], [-94.136205, 45.302996], [-94.136462, 45.303019], [-94.13661, 45.303108], [-94.137485, 45.30386], [-94.137803, 45.304206], [-94.138282, 45.304369], [-94.138649, 45.304404], [-94.13887, 45.304492], [-94.139387, 45.304706], [-94.139644, 45.304729], [-94.140119, 45.304686], [-94.140557, 45.304617], [-94.141089, 45.304702], [-94.141589, 45.304981], [-94.14209, 45.305325], [-94.143285, 45.305597], [-94.143855, 45.305681], [-94.144168, 45.305807], [-94.144411, 45.306063], [-94.144476, 45.306565], [-94.144481, 45.306772], [-94.144574, 45.306887], [-94.144869, 45.306975], [-94.14531, 45.307035], [-94.146079, 45.307053], [-94.146758, 45.307149], [-94.146999, 45.307289], [-94.147149, 45.307507], [-94.147155, 45.307778], [-94.147212, 45.307906], [-94.147306, 45.307995], [-94.147452, 45.307981], [-94.14756, 45.30789], [-94.147702, 45.307656], [-94.147719, 45.30689], [-94.147926, 45.306369], [-94.147991, 45.306297], [-94.148123, 45.306178], [-94.148305, 45.30607], [-94.148454, 45.305998], [-94.148954, 45.305934], [-94.149055, 45.305933], [-94.149172, 45.305955], [-94.149239, 45.305954], [-94.149474, 45.305999], [-94.149541, 45.30601], [-94.149811, 45.306114], [-94.149946, 45.306183], [-94.150507, 45.306614], [-94.150947, 45.30687], [-94.151019, 45.306954], [-94.15126, 45.307094], [-94.151607, 45.307052], [-94.151696, 45.306935], [-94.151597, 45.306733], [-94.151546, 45.306675], [-94.151545, 45.306663], [-94.151527, 45.306592], [-94.151165, 45.306041], [-94.151025, 45.305724], [-94.151007, 45.305665], [-94.151037, 45.305535], [-94.151036, 45.305452], [-94.151068, 45.305381], [-94.151133, 45.305298], [-94.151483, 45.305112], [-94.152038, 45.304853], [-94.152509, 45.304682], [-94.152625, 45.304633], [-94.152858, 45.30456], [-94.153145, 45.304524], [-94.153621, 45.30449], [-94.15397, 45.304466], [-94.154195, 45.304476], [-94.154716, 45.304601], [-94.154952, 45.304704], [-94.155054, 45.304798], [-94.155039, 45.304869], [-94.155011, 45.305152], [-94.155005, 45.305648], [-94.15514, 45.305741], [-94.156267, 45.306013], [-94.156352, 45.306095], [-94.156404, 45.306165], [-94.156324, 45.306343], [-94.156108, 45.30644], [-94.155959, 45.306489], [-94.155709, 45.306538], [-94.155057, 45.306569], [-94.154922, 45.306523], [-94.154651, 45.306384], [-94.154481, 45.306232], [-94.154327, 45.306068], [-94.154241, 45.305951], [-94.154224, 45.305916], [-94.153982, 45.305541], [-94.153878, 45.305353], [-94.153827, 45.305306], [-94.153776, 45.305271], [-94.153472, 45.305156], [-94.153372, 45.305157], [-94.153255, 45.305182], [-94.153124, 45.30529], [-94.153091, 45.305325], [-94.153075, 45.305384], [-94.153077, 45.305479], [-94.153113, 45.305573], [-94.153118, 45.305821], [-94.153136, 45.305915], [-94.153121, 45.305974], [-94.153212, 45.306363], [-94.153235, 45.306634], [-94.153286, 45.306716], [-94.153294, 45.307082], [-94.153264, 45.307271], [-94.153268, 45.307448], [-94.153254, 45.307578], [-94.15336, 45.307884], [-94.153479, 45.307978], [-94.153836, 45.308234], [-94.154263, 45.308654], [-94.154385, 45.308925], [-94.154471, 45.309054], [-94.154541, 45.309195], [-94.154669, 45.309701], [-94.154937, 45.310536], [-94.154956, 45.310678], [-94.154957, 45.310713], [-94.155389, 45.311417], [-94.155492, 45.311522], [-94.155665, 45.311804], [-94.155895, 45.312404], [-94.155852, 45.312747], [-94.155854, 45.312876], [-94.155762, 45.313279], [-94.155682, 45.313457], [-94.155682, 45.31348], [-94.1556, 45.313564], [-94.155568, 45.313611], [-94.155504, 45.313742], [-94.155421, 45.31379], [-94.155357, 45.313932], [-94.15493, 45.31435], [-94.154583, 45.314554], [-94.154136, 45.314771], [-94.153537, 45.31493], [-94.153353, 45.314944], [-94.153286, 45.314945], [-94.152886, 45.315043], [-94.152686, 45.315045], [-94.152586, 45.315058], [-94.152403, 45.315119], [-94.152319, 45.315108], [-94.152252, 45.315109], [-94.152018, 45.315146], [-94.151837, 45.315161], [-94.151399, 45.315141], [-94.151065, 45.315144], [-94.150209, 45.315047], [-94.150142, 45.315024], [-94.149925, 45.315049], [-94.149443, 45.315196], [-94.149326, 45.315244], [-94.149211, 45.315305], [-94.149144, 45.315329], [-94.147694, 45.315627], [-94.14746, 45.315641], [-94.147227, 45.315702], [-94.146777, 45.315789], [-94.146545, 45.315898], [-94.145701, 45.316343], [-94.145202, 45.31649], [-94.145019, 45.316563], [-94.144887, 45.316658], [-94.144605, 45.316779], [-94.144523, 45.316839], [-94.143811, 45.3172], [-94.142752, 45.317813], [-94.142553, 45.317898], [-94.142372, 45.318029], [-94.142239, 45.31809], [-94.142173, 45.318161], [-94.141645, 45.318521], [-94.141547, 45.318628], [-94.140771, 45.319167], [-94.140641, 45.319322], [-94.140575, 45.319381], [-94.140284, 45.31988], [-94.140285, 45.319927], [-94.140269, 45.319963], [-94.140123, 45.320189], [-94.13998, 45.320591], [-94.139363, 45.32153], [-94.138997, 45.321862], [-94.138693, 45.322083], [-94.138438, 45.322182], [-94.137385, 45.322591], [-94.136121, 45.322772], [-94.135229, 45.322672], [-94.134608, 45.322449], [-94.134295, 45.322235], [-94.133866, 45.322179], [-94.133489, 45.322159], [-94.132549, 45.322216], [-94.131829, 45.322175], [-94.131346, 45.322011], [-94.130897, 45.32181], [-94.130619, 45.321608], [-94.130423, 45.321223], [-94.130297, 45.320911], [-94.130303, 45.320345], [-94.130282, 45.320145], [-94.130264, 45.320062], [-94.129939, 45.3197], [-94.129803, 45.31963], [-94.129769, 45.319595], [-94.129651, 45.319525], [-94.128859, 45.319262], [-94.128842, 45.319238], [-94.128522, 45.319123], [-94.128315, 45.318807], [-94.128172, 45.318395], [-94.128292, 45.317685], [-94.128373, 45.317543], [-94.128487, 45.317388], [-94.129482, 45.316918], [-94.129614, 45.316822], [-94.129647, 45.316787], [-94.129712, 45.316727], [-94.130355, 45.316225], [-94.130804, 45.315952], [-94.131534, 45.315533], [-94.132091, 45.315216], [-94.132253, 45.315036], [-94.13237, 45.314856], [-94.132267, 45.314662], [-94.131888, 45.31444], [-94.131221, 45.314183], [-94.130721, 45.313993], [-94.130331, 45.31381], [-94.12993, 45.313628], [-94.129628, 45.313351], [-94.129444, 45.313049], [-94.129386, 45.312917], [-94.129009, 45.312507], [-94.128872, 45.312355], [-94.128652, 45.312216], [-94.128158, 45.311772], [-94.128074, 45.311726], [-94.127715, 45.311375], [-94.127578, 45.311223], [-94.127424, 45.311024], [-94.126973, 45.310237], [-94.126887, 45.31012], [-94.126869, 45.310049], [-94.126487, 45.309333], [-94.126367, 45.309181], [-94.126142, 45.308805], [-94.125902, 45.308501], [-94.125798, 45.308336], [-94.125696, 45.308231], [-94.125573, 45.307961], [-94.125537, 45.307831], [-94.125517, 45.307666], [-94.125374, 45.307195], [-94.125372, 45.307101], [-94.125387, 45.307018], [-94.125385, 45.306924], [-94.125728, 45.306484], [-94.125727, 45.306436], [-94.125974, 45.306222], [-94.126222, 45.306077], [-94.126354, 45.305982], [-94.126603, 45.305897], [-94.12722, 45.305784], [-94.12732, 45.305795], [-94.127587, 45.305769], [-94.128006, 45.3058], [-94.128561, 45.305936], [-94.128713, 45.306006], [-94.130104, 45.307214], [-94.130668, 45.30841], [-94.130797, 45.308807], [-94.131107, 45.308935], [-94.131509, 45.30888], [-94.131947, 45.308545], [-94.132263, 45.308183], [-94.132195, 45.308002], [-94.131232, 45.307129], [-94.130836, 45.3067], [-94.130765, 45.306061], [-94.130645, 45.305774], [-94.1305, 45.305359], [-94.1302, 45.305105], [-94.129969, 45.304947], [-94.129536, 45.304871], [-94.129013, 45.30486], [-94.128716, 45.304815], [-94.12851, 45.304737], [-94.128322, 45.304402], [-94.128088, 45.304068], [-94.127832, 45.303798], [-94.127531, 45.303612], [-94.127244, 45.303529], [-94.127132, 45.303423], [-94.126976, 45.303221], [-94.12689, 45.303038], [-94.126761, 45.302597], [-94.126572, 45.302406], [-94.126377, 45.302362], [-94.126065, 45.302525], [-94.125935, 45.302555]]}}, {"type": "Feature", "properties": {"depth_ft": 15.0, "lake": "Clearwater", "dow": "86025202"}, "geometry": {"type": "LineString", "coordinates": [[-94.125895, 45.302456], [-94.125943, 45.302446], [-94.126432, 45.302288], [-94.126618, 45.302326], [-94.126807, 45.302477], [-94.126907, 45.302669], [-94.126977, 45.302932], [-94.127047, 45.303161], [-94.127164, 45.303343], [-94.127345, 45.303456], [-94.127592, 45.3036], [-94.127937, 45.303789], [-94.128214, 45.303995], [-94.128636, 45.304664], [-94.12882, 45.304742], [-94.129275, 45.304786], [-94.129958, 45.304811], [-94.130164, 45.304873], [-94.130279, 45.304968], [-94.130581, 45.305302], [-94.131008, 45.306136], [-94.131001, 45.306668], [-94.13102, 45.306786], [-94.131263, 45.307022], [-94.131931, 45.307682], [-94.132374, 45.308076], [-94.132433, 45.308605], [-94.132335, 45.308942], [-94.132019, 45.309281], [-94.131915, 45.30935], [-94.131357, 45.309264], [-94.131056, 45.309182], [-94.13086, 45.309042], [-94.130728, 45.308912], [-94.130636, 45.308788], [-94.130593, 45.308646], [-94.130566, 45.308515], [-94.130499, 45.308356], [-94.13043, 45.308175], [-94.130286, 45.307801], [-94.13005, 45.307336], [-94.129192, 45.306532], [-94.128743, 45.306191], [-94.128462, 45.30602], [-94.127925, 45.305931], [-94.127623, 45.305898], [-94.127339, 45.305901], [-94.127188, 45.305879], [-94.126955, 45.305917], [-94.126873, 45.306012], [-94.126878, 45.306272], [-94.12678, 45.306379], [-94.12651, 45.306299], [-94.12641, 45.3063], [-94.12631, 45.306324], [-94.126211, 45.306384], [-94.126047, 45.306528], [-94.125916, 45.306683], [-94.125802, 45.306849], [-94.125754, 45.306956], [-94.125691, 45.307181], [-94.125677, 45.307275], [-94.125733, 45.307605], [-94.125768, 45.307676], [-94.125823, 45.307923], [-94.125928, 45.308123], [-94.126204, 45.308545], [-94.126943, 45.309565], [-94.128102, 45.311466], [-94.128341, 45.311688], [-94.128596, 45.311898], [-94.129054, 45.312224], [-94.129843, 45.313196], [-94.13018, 45.313439], [-94.130838, 45.313813], [-94.131828, 45.314208], [-94.132418, 45.314466], [-94.132644, 45.314721], [-94.132692, 45.314915], [-94.13253, 45.315111], [-94.132302, 45.315315], [-94.131965, 45.315536], [-94.131255, 45.315901], [-94.130852, 45.316154], [-94.130475, 45.316365], [-94.130343, 45.316449], [-94.129683, 45.316951], [-94.128821, 45.31735], [-94.128673, 45.317469], [-94.128459, 45.317672], [-94.128379, 45.317826], [-94.128332, 45.31798], [-94.128301, 45.318105], [-94.128357, 45.318417], [-94.128394, 45.318617], [-94.128464, 45.31877], [-94.128551, 45.318899], [-94.128906, 45.31912], [-94.129986, 45.319534], [-94.130138, 45.319615], [-94.130223, 45.319673], [-94.130274, 45.31972], [-94.130499, 45.319919], [-94.130547, 45.320595], [-94.13064, 45.320944], [-94.130731, 45.321208], [-94.130992, 45.321423], [-94.1312, 45.32159], [-94.131495, 45.32178], [-94.13184, 45.321885], [-94.132183, 45.321906], [-94.132611, 45.321914], [-94.133074, 45.321945], [-94.134, 45.321997], [-94.134585, 45.32216], [-94.135051, 45.322336], [-94.135412, 45.322429], [-94.135791, 45.32251], [-94.136698, 45.322489], [-94.137431, 45.322325], [-94.138297, 45.321978], [-94.139093, 45.321439], [-94.139582, 45.320796], [-94.139615, 45.320725], [-94.139613, 45.320642], [-94.139841, 45.320345], [-94.13984, 45.320298], [-94.139856, 45.320227], [-94.139904, 45.320155], [-94.140065, 45.319811], [-94.140226, 45.319527], [-94.140275, 45.319467], [-94.140572, 45.319252], [-94.140866, 45.318859], [-94.140945, 45.318646], [-94.140977, 45.318586], [-94.140975, 45.318468], [-94.141021, 45.318279], [-94.141018, 45.318126], [-94.141162, 45.317805], [-94.141326, 45.317627], [-94.141425, 45.317567], [-94.141624, 45.31747], [-94.141724, 45.317457], [-94.142024, 45.317384], [-94.143075, 45.317243], [-94.143408, 45.317157], [-94.143989, 45.316915], [-94.144055, 45.316879], [-94.144154, 45.316807], [-94.145496, 45.316133], [-94.145927, 45.315928], [-94.146625, 45.315673], [-94.147041, 45.315562], [-94.147791, 45.315413], [-94.14879, 45.315179], [-94.149187, 45.314986], [-94.149495, 45.314889], [-94.149813, 45.314827], [-94.150064, 45.3148], [-94.150793, 45.314934], [-94.151898, 45.314877], [-94.153015, 45.31477], [-94.153432, 45.314707], [-94.153615, 45.314658], [-94.15398, 45.314536], [-94.154097, 45.314488], [-94.154245, 45.314404], [-94.154999, 45.313605], [-94.155349, 45.312716], [-94.155348, 45.312645], [-94.155424, 45.312279], [-94.155312, 45.311725], [-94.155227, 45.311643], [-94.154896, 45.310997], [-94.154772, 45.310668], [-94.154322, 45.309126], [-94.154185, 45.308962], [-94.154167, 45.308903], [-94.154012, 45.308657], [-94.153926, 45.308575], [-94.153484, 45.308225], [-94.153315, 45.308121], [-94.153161, 45.307957], [-94.153038, 45.307663], [-94.153053, 45.307604], [-94.153034, 45.307486], [-94.153031, 45.307309], [-94.153075, 45.307014], [-94.153057, 45.306931], [-94.153089, 45.306872], [-94.153064, 45.306482], [-94.15301, 45.306306], [-94.152904, 45.30542], [-94.153036, 45.305078], [-94.153117, 45.304959], [-94.153399, 45.30485], [-94.153651, 45.304883], [-94.154419, 45.305654], [-94.154571, 45.3057], [-94.15472, 45.305616], [-94.154764, 45.305332], [-94.154638, 45.304873], [-94.154535, 45.304779], [-94.154214, 45.304617], [-94.154079, 45.304572], [-94.153945, 45.304537], [-94.153694, 45.30454], [-94.153293, 45.304591], [-94.152994, 45.304665], [-94.152944, 45.304666], [-94.152744, 45.304738], [-94.152395, 45.304836], [-94.152246, 45.304897], [-94.15203, 45.305005], [-94.151915, 45.305089], [-94.151802, 45.305279], [-94.151691, 45.305587], [-94.151642, 45.305659], [-94.151536, 45.305884], [-94.15154, 45.306073], [-94.151579, 45.306357], [-94.151699, 45.306498], [-94.151821, 45.306698], [-94.15181, 45.306983], [-94.151763, 45.307173], [-94.15153, 45.307258], [-94.151227, 45.307225], [-94.150889, 45.307134], [-94.150784, 45.307072], [-94.150716, 45.307026], [-94.149933, 45.306337], [-94.149781, 45.306279], [-94.149562, 45.306211], [-94.149278, 45.306202], [-94.149027, 45.306216], [-94.148927, 45.306241], [-94.148811, 45.306289], [-94.148695, 45.306349], [-94.148529, 45.306422], [-94.148348, 45.306577], [-94.148184, 45.306744], [-94.148103, 45.306851], [-94.147925, 45.307136], [-94.147788, 45.307676], [-94.147693, 45.307962], [-94.147594, 45.308034], [-94.14741, 45.308083], [-94.147207, 45.308014], [-94.14712, 45.307884], [-94.146893, 45.307448], [-94.146671, 45.307273], [-94.146198, 45.307136], [-94.145911, 45.307103], [-94.144803, 45.307126], [-94.144516, 45.307058], [-94.144345, 45.306893], [-94.144315, 45.306254], [-94.144159, 45.306019], [-94.144039, 45.305901], [-94.143818, 45.305773], [-94.143431, 45.305718], [-94.142992, 45.305639], [-94.142621, 45.305584], [-94.1422, 45.305529], [-94.14181, 45.305355], [-94.141196, 45.304887], [-94.140908, 45.30476], [-94.140689, 45.30475], [-94.139585, 45.304951], [-94.139332, 45.304942], [-94.138995, 45.304862], [-94.138808, 45.304757], [-94.138686, 45.304569], [-94.138534, 45.304488], [-94.138163, 45.304444], [-94.137926, 45.304363], [-94.137671, 45.3042], [-94.136937, 45.303639], [-94.136732, 45.303463], [-94.136358, 45.303218], [-94.13629, 45.303207], [-94.136207, 45.303243], [-94.136346, 45.303455], [-94.136486, 45.303738], [-94.136676, 45.30402], [-94.136781, 45.304233], [-94.136853, 45.304481], [-94.137302, 45.305068], [-94.137424, 45.305269], [-94.1375, 45.30573], [-94.137422, 45.306027], [-94.137238, 45.306076], [-94.136782, 45.305974], [-94.136476, 45.305776], [-94.135912, 45.305272], [-94.135322, 45.304768], [-94.135012, 45.304404], [-94.13477, 45.304039], [-94.134631, 45.303816], [-94.134371, 45.303439], [-94.134131, 45.303157], [-94.133652, 45.302771], [-94.133314, 45.30265], [-94.133028, 45.302629], [-94.132539, 45.302563], [-94.13042, 45.301577], [-94.129932, 45.301432], [-94.129705, 45.301469], [-94.129429, 45.301506], [-94.129252, 45.301611], [-94.1289, 45.301901], [-94.128773, 45.302051], [-94.128599, 45.302294], [-94.128407, 45.302468], [-94.128181, 45.302562], [-94.127921, 45.302553], [-94.127733, 45.30252], [-94.127648, 45.302361], [-94.12713, 45.301632], [-94.1269, 45.301519], [-94.126721, 45.301521], [-94.126173, 45.301767], [-94.125915, 45.301919], [-94.125738, 45.301947]]}}, {"type": "Feature", "properties": {"depth_ft": 20.0, "lake": "Clearwater", "dow": "86025202"}, "geometry": {"type": "LineString", "coordinates": [[-94.125746, 45.302001], [-94.125884, 45.301976], [-94.12609, 45.301906], [-94.12639, 45.301708], [-94.126513, 45.301668], [-94.126664, 45.301598], [-94.126788, 45.301577], [-94.126968, 45.301605], [-94.127107, 45.301691], [-94.127279, 45.301972], [-94.127733, 45.302581], [-94.127899, 45.302637], [-94.128121, 45.302655], [-94.128314, 45.302633], [-94.128423, 45.302574], [-94.128654, 45.302396], [-94.128774, 45.302191], [-94.128922, 45.301985], [-94.129016, 45.301867], [-94.129261, 45.301679], [-94.129357, 45.301649], [-94.129495, 45.301628], [-94.129674, 45.301607], [-94.129881, 45.301605], [-94.130016, 45.301628], [-94.130193, 45.301698], [-94.130822, 45.301951], [-94.131662, 45.302348], [-94.132475, 45.302625], [-94.132844, 45.302682], [-94.133236, 45.302721], [-94.133681, 45.302915], [-94.13418, 45.303398], [-94.134572, 45.304007], [-94.13495, 45.304573], [-94.13629, 45.305751], [-94.136575, 45.305938], [-94.136859, 45.306073], [-94.137094, 45.306157], [-94.137363, 45.30618], [-94.137522, 45.306144], [-94.137618, 45.306048], [-94.137663, 45.305858], [-94.137647, 45.305651], [-94.137478, 45.305178], [-94.137111, 45.304603], [-94.136933, 45.304251], [-94.136816, 45.303907], [-94.136851, 45.30382], [-94.136949, 45.303819], [-94.137134, 45.303895], [-94.137485, 45.304289], [-94.137683, 45.304416], [-94.138262, 45.304575], [-94.138546, 45.304736], [-94.138684, 45.304864], [-94.13898, 45.305008], [-94.139349, 45.305064], [-94.139655, 45.305061], [-94.140216, 45.304969], [-94.140593, 45.304862], [-94.140912, 45.304867], [-94.141183, 45.304994], [-94.141892, 45.305531], [-94.142293, 45.305669], [-94.142894, 45.305732], [-94.143594, 45.305881], [-94.143915, 45.30599], [-94.144089, 45.306126], [-94.144178, 45.306281], [-94.144209, 45.306634], [-94.144264, 45.306893], [-94.144314, 45.306978], [-94.144452, 45.307115], [-94.144956, 45.307231], [-94.146046, 45.30728], [-94.146329, 45.307321], [-94.1466, 45.307396], [-94.146799, 45.307592], [-94.14694, 45.307867], [-94.147091, 45.308073], [-94.147252, 45.308157], [-94.147448, 45.308173], [-94.147618, 45.308119], [-94.147727, 45.308058], [-94.147869, 45.307806], [-94.148031, 45.30743], [-94.148112, 45.3073], [-94.148308, 45.307085], [-94.148407, 45.307002], [-94.148937, 45.306713], [-94.14932, 45.30665], [-94.14947, 45.306637], [-94.149738, 45.306658], [-94.149923, 45.306691], [-94.150447, 45.306934], [-94.150668, 45.307138], [-94.151053, 45.307393], [-94.151384, 45.307433], [-94.151567, 45.307397], [-94.151792, 45.307263], [-94.151972, 45.307084], [-94.152005, 45.307036], [-94.152036, 45.306953], [-94.151993, 45.306446], [-94.152004, 45.306198], [-94.151967, 45.306021], [-94.152079, 45.305749], [-94.152245, 45.3057], [-94.152312, 45.305687], [-94.152496, 45.305709], [-94.152547, 45.30572], [-94.152768, 45.305919], [-94.152874, 45.306166], [-94.15283, 45.308114], [-94.152453, 45.308531], [-94.151732, 45.308786], [-94.151625, 45.308952], [-94.151579, 45.309081], [-94.151646, 45.309165], [-94.151732, 45.309247], [-94.152272, 45.309501], [-94.152339, 45.309524], [-94.152475, 45.309605], [-94.152561, 45.309722], [-94.152629, 45.309757], [-94.152681, 45.309863], [-94.152701, 45.310016], [-94.152703, 45.310134], [-94.152491, 45.310372], [-94.152491, 45.310396], [-94.152426, 45.310479], [-94.15228, 45.310717], [-94.152285, 45.310953], [-94.152304, 45.311071], [-94.152443, 45.311341], [-94.152512, 45.311435], [-94.152751, 45.311645], [-94.153226, 45.311994], [-94.153413, 45.312122], [-94.154276, 45.312633], [-94.154328, 45.312703], [-94.154606, 45.313184], [-94.15459, 45.313267], [-94.15458, 45.313574], [-94.154517, 45.313775], [-94.154404, 45.313977], [-94.154059, 45.314264], [-94.152876, 45.314547], [-94.152242, 45.314613], [-94.152109, 45.314638], [-94.151975, 45.314651], [-94.151788, 45.314651], [-94.151424, 45.314716], [-94.151006, 45.314743], [-94.150906, 45.314744], [-94.150621, 45.314724], [-94.150075, 45.314694], [-94.149484, 45.314782], [-94.148587, 45.315087], [-94.148487, 45.315099], [-94.148336, 45.315101], [-94.146455, 45.315545], [-94.145607, 45.315813], [-94.144845, 45.316222], [-94.143969, 45.316727], [-94.143736, 45.316835], [-94.143487, 45.316909], [-94.142737, 45.317046], [-94.142137, 45.31717], [-94.141619, 45.317222], [-94.141419, 45.317272], [-94.141303, 45.317308], [-94.141154, 45.31738], [-94.140959, 45.317654], [-94.140894, 45.317773], [-94.140736, 45.318258], [-94.140771, 45.318329], [-94.140727, 45.318624], [-94.140453, 45.31917], [-94.140239, 45.319302], [-94.139691, 45.319555], [-94.139533, 45.319564], [-94.139362, 45.319565], [-94.139189, 45.319471], [-94.13905, 45.3194], [-94.138909, 45.319196], [-94.1387, 45.319005], [-94.138406, 45.318863], [-94.138149, 45.318841], [-94.137841, 45.318856], [-94.137125, 45.31902], [-94.135849, 45.319877], [-94.135552, 45.320069], [-94.134925, 45.320524], [-94.134279, 45.321015], [-94.133612, 45.321433], [-94.132966, 45.321693], [-94.132333, 45.321736], [-94.131852, 45.321656], [-94.131437, 45.321455], [-94.131245, 45.321251], [-94.131088, 45.321084], [-94.130979, 45.320808], [-94.130956, 45.320494], [-94.130967, 45.320168], [-94.130928, 45.319951], [-94.130857, 45.319819], [-94.13049, 45.319625], [-94.128937, 45.318966], [-94.128784, 45.318861], [-94.128578, 45.318592], [-94.128452, 45.318156], [-94.128484, 45.318049], [-94.128497, 45.317908], [-94.128545, 45.317789], [-94.128594, 45.317718], [-94.128676, 45.317634], [-94.128841, 45.317503], [-94.129006, 45.317395], [-94.130051, 45.316912], [-94.130991, 45.316242], [-94.131433, 45.315969], [-94.132055, 45.315644], [-94.132392, 45.315408], [-94.132577, 45.315258], [-94.132707, 45.31514], [-94.132793, 45.314999], [-94.132857, 45.314913], [-94.132855, 45.314812], [-94.132831, 45.314719], [-94.132661, 45.314472], [-94.132247, 45.314219], [-94.13198, 45.314097], [-94.131658, 45.313992], [-94.131258, 45.313824], [-94.130689, 45.313535], [-94.13004, 45.313051], [-94.129204, 45.312222], [-94.129119, 45.31214], [-94.128661, 45.311803], [-94.128576, 45.311756], [-94.128081, 45.311265], [-94.127662, 45.31036], [-94.12728, 45.309668], [-94.127142, 45.309468], [-94.126971, 45.309269], [-94.126814, 45.308976], [-94.126246, 45.308167], [-94.126073, 45.307862], [-94.125985, 45.307626], [-94.125948, 45.307473], [-94.125963, 45.307355], [-94.125961, 45.307296], [-94.125992, 45.307154], [-94.126088, 45.306952], [-94.126169, 45.306822], [-94.126284, 45.306714], [-94.1264, 45.306631], [-94.126716, 45.306533], [-94.126966, 45.306507], [-94.127249, 45.306421], [-94.12718, 45.306304], [-94.127043, 45.306164], [-94.127159, 45.30608], [-94.127426, 45.306042], [-94.128012, 45.306072], [-94.128414, 45.306115], [-94.129503, 45.307023], [-94.129709, 45.307231], [-94.129942, 45.307576], [-94.130067, 45.307769], [-94.130201, 45.308029], [-94.130353, 45.308363], [-94.130514, 45.308743], [-94.130657, 45.308998], [-94.130969, 45.309291], [-94.131474, 45.309468], [-94.131919, 45.309532], [-94.132323, 45.30954], [-94.132539, 45.309424], [-94.132618, 45.308945], [-94.132514, 45.308171], [-94.132404, 45.307928], [-94.131738, 45.307325], [-94.131499, 45.307083], [-94.13135, 45.306908], [-94.131135, 45.306666], [-94.131088, 45.306137], [-94.130991, 45.30588], [-94.130424, 45.304982], [-94.130237, 45.304764], [-94.130089, 45.304675], [-94.12985, 45.304652], [-94.12921, 45.304671], [-94.12888, 45.30461], [-94.128694, 45.30447], [-94.128579, 45.304239], [-94.128317, 45.303957], [-94.128019, 45.303676], [-94.127669, 45.303538], [-94.127461, 45.303427], [-94.127372, 45.303381], [-94.127272, 45.303313], [-94.127192, 45.303189], [-94.127123, 45.303011], [-94.127019, 45.302779], [-94.126987, 45.302578], [-94.126911, 45.302437], [-94.126697, 45.302217], [-94.126462, 45.302185], [-94.126173, 45.302267], [-94.125973, 45.302343], [-94.12586, 45.302367]]}}, {"type": "Feature", "properties": {"depth_ft": 10.0, "lake": "Clearwater", "dow": "86025202"}, "geometry": {"type": "Polygon", "coordinates": [[[-94.128091, 45.302451], [-94.128324, 45.30236], [-94.128524, 45.302226], [-94.128583, 45.302049], [-94.128455, 45.301897], [-94.128185, 45.301679], [-94.127947, 45.301472], [-94.127741, 45.30132], [-94.127568, 45.301245], [-94.127396, 45.301257], [-94.127305, 45.301379], [-94.127372, 45.301599], [-94.127551, 45.301972], [-94.127649, 45.302169], [-94.127793, 45.302344], [-94.127873, 45.302442], [-94.127998, 45.302474], [-94.128014, 45.302474], [-94.128091, 45.302451]]]}}]}