{"type": "FeatureCollection", "features": [{"type": "Feature", "properties": {"depth_ft": 5.0, "lake": "Sugar Lake", "dow": "86023300"}, "geometry": {"type": "Polygon", "coordinates": [[[-94.026166, 45.330591], [-94.026029, 45.33053], [-94.025985, 45.330506], [-94.025485, 45.3303], [-94.02471, 45.330035], [-94.024207, 45.329653], [-94.024094, 45.329533], [-94.024024, 45.329437], [-94.023987, 45.329335], [-94.023986, 45.329275], [-94.024001, 45.329118], [-94.024083, 45.328936], [-94.024166, 45.328808], [-94.024418, 45.328516], [-94.024603, 45.32837], [-94.024897, 45.328023], [-94.024921, 45.327975], [-94.025022, 45.327835], [-94.025072, 45.32778], [-94.025131, 45.327743], [-94.025275, 45.327676], [-94.025394, 45.327632], [-94.025906, 45.327543], [-94.026187, 45.327468], [-94.026374, 45.327382], [-94.026535, 45.327284], [-94.026585, 45.327241], [-94.026627, 45.327199], [-94.026719, 45.327083], [-94.026776, 45.32692], [-94.026867, 45.326708], [-94.026933, 45.326605], [-94.026983, 45.326508], [-94.02697, 45.326284], [-94.026952, 45.326242], [-94.026908, 45.326176], [-94.026768, 45.325984], [-94.026697, 45.325852], [-94.026661, 45.325738], [-94.026564, 45.325576], [-94.02652, 45.32554], [-94.026468, 45.32551], [-94.026391, 45.325475], [-94.026288, 45.325476], [-94.026203, 45.325513], [-94.026085, 45.325574], [-94.025848, 45.325733], [-94.025764, 45.325806], [-94.025722, 45.325855], [-94.025634, 45.326079], [-94.025622, 45.326514], [-94.025614, 45.32655], [-94.025525, 45.326828], [-94.025409, 45.327041], [-94.025384, 45.327071], [-94.025317, 45.327138], [-94.025139, 45.327254], [-94.024875, 45.327317], [-94.024593, 45.327344], [-94.024079, 45.327312], [-94.02378, 45.327315], [-94.02323, 45.327354], [-94.023052, 45.32733], [-94.022886, 45.327279], [-94.022707, 45.327208], [-94.022366, 45.326939], [-94.022155, 45.326824], [-94.021853, 45.326706], [-94.021547, 45.32667], [-94.02129, 45.326677], [-94.020945, 45.326706], [-94.020783, 45.326738], [-94.020621, 45.326782], [-94.020562, 45.326813], [-94.020427, 45.326898], [-94.020368, 45.326947], [-94.020073, 45.327233], [-94.019642, 45.327497], [-94.01938, 45.327698], [-94.019262, 45.327814], [-94.019212, 45.327881], [-94.019121, 45.328033], [-94.019022, 45.328257], [-94.018929, 45.328348], [-94.018759, 45.328368], [-94.018467, 45.328316], [-94.018424, 45.328304], [-94.018381, 45.328287], [-94.018286, 45.328239], [-94.018217, 45.328198], [-94.018131, 45.328105], [-94.018023, 45.327903], [-94.017878, 45.327428], [-94.017859, 45.32732], [-94.017763, 45.326741], [-94.017803, 45.326596], [-94.017877, 45.326432], [-94.017927, 45.326359], [-94.01817, 45.326098], [-94.018519, 45.325032], [-94.018561, 45.324977], [-94.018594, 45.324923], [-94.018804, 45.324673], [-94.019268, 45.324319], [-94.020581, 45.323601], [-94.021107, 45.323313], [-94.0214, 45.322954], [-94.021474, 45.322803], [-94.021508, 45.322766], [-94.021583, 45.322699], [-94.021651, 45.322656], [-94.021898, 45.322563], [-94.022025, 45.322532], [-94.02229, 45.322481], [-94.023255, 45.322382], [-94.024031, 45.322273], [-94.024304, 45.322216], [-94.024372, 45.322197], [-94.024551, 45.322165], [-94.024748, 45.322145], [-94.024936, 45.322138], [-94.026006, 45.322152], [-94.026823, 45.322386], [-94.026926, 45.322428], [-94.027427, 45.322689], [-94.02754, 45.322754], [-94.027851, 45.323005], [-94.028272, 45.32349], [-94.028447, 45.323754], [-94.028474, 45.323808], [-94.02851, 45.32391], [-94.028524, 45.324188], [-94.028508, 45.324273], [-94.02822, 45.324921], [-94.028171, 45.325006], [-94.027816, 45.325455], [-94.027824, 45.325554], [-94.027861, 45.325593], [-94.027935, 45.325614], [-94.028064, 45.325621], [-94.028277, 45.325581], [-94.028768, 45.325399], [-94.028921, 45.325319], [-94.029724, 45.324793], [-94.030331, 45.324286], [-94.030557, 45.324025], [-94.030632, 45.323879], [-94.030648, 45.323831], [-94.030624, 45.323445], [-94.030328, 45.32221], [-94.030267, 45.321703], [-94.030232, 45.321197], [-94.030247, 45.321082], [-94.030247, 45.321052], [-94.03027, 45.320931], [-94.030311, 45.320834], [-94.030378, 45.320737], [-94.030622, 45.320523], [-94.030757, 45.320425], [-94.031206, 45.32018], [-94.031291, 45.320149], [-94.031419, 45.320118], [-94.031547, 45.320098], [-94.032103, 45.320069], [-94.032273, 45.320044], [-94.032631, 45.319956], [-94.032835, 45.319876], [-94.033037, 45.319729], [-94.033263, 45.319407], [-94.033394, 45.319086], [-94.033558, 45.318728], [-94.033899, 45.318176], [-94.034006, 45.317964], [-94.034233, 45.317708], [-94.034283, 45.317671], [-94.035333, 45.317058], [-94.035933, 45.31666], [-94.036632, 45.316063], [-94.037312, 45.315326], [-94.037669, 45.314755], [-94.037702, 45.314677], [-94.037757, 45.314398], [-94.037768, 45.313614], [-94.037742, 45.313119], [-94.037693, 45.312745], [-94.037601, 45.31242], [-94.037567, 45.311473], [-94.037474, 45.310592], [-94.037488, 45.310417], [-94.037478, 45.310339], [-94.037484, 45.310194], [-94.037519, 45.309801], [-94.037557, 45.309517], [-94.037627, 45.30913], [-94.037765, 45.308731], [-94.037863, 45.308494], [-94.037946, 45.308343], [-94.038138, 45.308087], [-94.038272, 45.307947], [-94.038365, 45.307868], [-94.0385, 45.30777], [-94.038661, 45.307672], [-94.03878, 45.307617], [-94.03889, 45.30758], [-94.039111, 45.307523], [-94.03929, 45.307491], [-94.039427, 45.307478], [-94.03977, 45.307505], [-94.04007, 45.307551], [-94.040249, 45.307543], [-94.040301, 45.307537], [-94.040394, 45.307512], [-94.040454, 45.307481], [-94.040588, 45.307353], [-94.041166, 45.306665], [-94.042058, 45.305855], [-94.042108, 45.3058], [-94.04215, 45.305739], [-94.042301, 45.305593], [-94.042663, 45.3053], [-94.042832, 45.305177], [-94.043917, 45.304661], [-94.044373, 45.304529], [-94.044445, 45.304529], [-94.044897, 45.30444], [-94.045161, 45.304372], [-94.04551, 45.30426], [-94.046139, 45.304073], [-94.047391, 45.30376], [-94.047681, 45.303727], [-94.047783, 45.30372], [-94.048074, 45.303711], [-94.048297, 45.303721], [-94.048537, 45.303743], [-94.048794, 45.303783], [-94.048854, 45.303788], [-94.049214, 45.303845], [-94.049334, 45.303875], [-94.049437, 45.303892], [-94.04985, 45.303997], [-94.050039, 45.304061], [-94.050289, 45.304174], [-94.050592, 45.304334], [-94.051617, 45.304711], [-94.052108, 45.304911], [-94.052391, 45.304963], [-94.052477, 45.304968], [-94.052536, 45.304962], [-94.052596, 45.304949], [-94.052774, 45.304875], [-94.053197, 45.304581], [-94.053256, 45.304551], [-94.053409, 45.304489], [-94.053469, 45.304494], [-94.05352, 45.304512], [-94.053727, 45.304613], [-94.053816, 45.304763], [-94.053727, 45.305029], [-94.053679, 45.305247], [-94.053673, 45.305374], [-94.053683, 45.305422], [-94.053709, 45.305476], [-94.053788, 45.30559], [-94.053867, 45.305674], [-94.05391, 45.30571], [-94.054152, 45.305846], [-94.054439, 45.306079], [-94.054526, 45.306163], [-94.054738, 45.306511], [-94.054765, 45.306571], [-94.05483, 45.306848], [-94.05483, 45.307319], [-94.054776, 45.307627], [-94.054761, 45.307784], [-94.054764, 45.307923], [-94.054783, 45.308025], [-94.054865, 45.30829], [-94.055012, 45.308826], [-94.054963, 45.308959], [-94.05493, 45.30902], [-94.054905, 45.30905], [-94.05457, 45.309422], [-94.054553, 45.309464], [-94.054495, 45.309567], [-94.054404, 45.309749], [-94.054347, 45.309913], [-94.054332, 45.310015], [-94.054295, 45.310324], [-94.054291, 45.310553], [-94.054276, 45.310656], [-94.054126, 45.310899], [-94.053797, 45.311155], [-94.053526, 45.311302], [-94.053076, 45.311476], [-94.052771, 45.311623], [-94.052475, 45.311801], [-94.052424, 45.311838], [-94.052248, 45.312008], [-94.052164, 45.312106], [-94.052072, 45.312227], [-94.051932, 45.31253], [-94.051834, 45.312767], [-94.051709, 45.313384], [-94.051611, 45.31368], [-94.051621, 45.313716], [-94.051556, 45.31394], [-94.051515, 45.314031], [-94.05133, 45.314643], [-94.051297, 45.314721], [-94.051239, 45.314818], [-94.051113, 45.315411], [-94.051028, 45.315895], [-94.051013, 45.315998], [-94.050879, 45.317121], [-94.050765, 45.317865], [-94.050578, 45.318386], [-94.050454, 45.318616], [-94.050097, 45.319217], [-94.049889, 45.319551], [-94.049502, 45.319887], [-94.049087, 45.32015], [-94.048875, 45.320248], [-94.04845, 45.320385], [-94.048407, 45.320386], [-94.047759, 45.320506], [-94.046564, 45.320626], [-94.045819, 45.320614], [-94.045373, 45.320582], [-94.045159, 45.320578], [-94.044878, 45.320605], [-94.044724, 45.320624], [-94.044324, 45.320731], [-94.043891, 45.320922], [-94.043456, 45.321173], [-94.043231, 45.32132], [-94.042733, 45.321717], [-94.042254, 45.322144], [-94.041899, 45.322383], [-94.041747, 45.322505], [-94.041048, 45.323109], [-94.040997, 45.323169], [-94.040789, 45.323449], [-94.040631, 45.323722], [-94.040483, 45.324055], [-94.040443, 45.324189], [-94.040418, 45.324237], [-94.040334, 45.324334], [-94.04019, 45.324408], [-94.040131, 45.324421], [-94.040054, 45.324422], [-94.039993, 45.32441], [-94.039933, 45.324392], [-94.03989, 45.324375], [-94.03975, 45.324225], [-94.039724, 45.324183], [-94.039705, 45.324093], [-94.039695, 45.324014], [-94.039851, 45.323657], [-94.039814, 45.323464], [-94.039708, 45.32329], [-94.039559, 45.32314], [-94.03933, 45.322963], [-94.039075, 45.322837], [-94.038954, 45.322796], [-94.038757, 45.322757], [-94.038537, 45.322755], [-94.038389, 45.322771], [-94.038142, 45.322809], [-94.037929, 45.322853], [-94.037775, 45.322897], [-94.037444, 45.323045], [-94.037385, 45.323082], [-94.037352, 45.323118], [-94.037251, 45.323252], [-94.037218, 45.323319], [-94.037194, 45.323403], [-94.037163, 45.323579], [-94.037247, 45.324411], [-94.037212, 45.32484], [-94.037114, 45.325118], [-94.036863, 45.325422], [-94.036678, 45.325581], [-94.03634, 45.325813], [-94.036001, 45.326004], [-94.035712, 45.326139], [-94.035281, 45.32639], [-94.03485, 45.326702], [-94.0342, 45.327203], [-94.033653, 45.327691], [-94.033426, 45.327904], [-94.03335, 45.327989], [-94.033234, 45.328183], [-94.033168, 45.328329], [-94.03316, 45.328353], [-94.033127, 45.328402], [-94.032921, 45.329333], [-94.032758, 45.329769], [-94.032442, 45.330285], [-94.032291, 45.330468], [-94.031988, 45.330712], [-94.031903, 45.330737], [-94.03152, 45.330891], [-94.030918, 45.331156], [-94.029913, 45.331431], [-94.02958, 45.331476], [-94.029058, 45.331475], [-94.028981, 45.331469], [-94.028904, 45.331458], [-94.028645, 45.331382], [-94.028404, 45.331293], [-94.026993, 45.33089], [-94.026459, 45.330695], [-94.026166, 45.330591]]]}}, {"type": "Feature", "properties": {"depth_ft": 5.0, "lake": "Sugar Lake", "dow": "86023300"}, "geometry": {"type": "Polygon", "coordinates": [[[-94.056733, 45.311946], [-94.056615, 45.311955], [-94.05653, 45.311949], [-94.056478, 45.31193], [-94.056364, 45.31181], [-94.056274, 45.311524], [-94.056107, 45.311368], [-94.055902, 45.311279], [-94.055629, 45.31125], [-94.055598, 45.311215], [-94.055632, 45.311183], [-94.055702, 45.311179], [-94.055986, 45.311236], [-94.056292, 45.31144], [-94.056484, 45.311599], [-94.056569, 45.311616], [-94.056806, 45.311649], [-94.05685, 45.311685], [-94.05688, 45.311758], [-94.056863, 45.31186], [-94.056808, 45.311919], [-94.056733, 45.311946]]]}}, {"type": "Feature", "properties": {"depth_ft": 10.0, "lake": "Sugar Lake", "dow": "86023300"}, "geometry": {"type": "Polygon", "coordinates": [[[-94.026832, 45.33031], [-94.026614, 45.330229], [-94.026236, 45.330166], [-94.026021, 45.330138], [-94.025559, 45.33013], [-94.025018, 45.330032], [-94.024717, 45.32992], [-94.024622, 45.329867], [-94.024456, 45.329693], [-94.024341, 45.329459], [-94.024286, 45.329296], [-94.024283, 45.329139], [-94.024299, 45.329049], [-94.024339, 45.328909], [-94.024522, 45.328606], [-94.024773, 45.328302], [-94.025126, 45.327931], [-94.025193, 45.327876], [-94.025541, 45.327722], [-94.026325, 45.327497], [-94.026502, 45.327393], [-94.026713, 45.327204], [-94.026788, 45.327119], [-94.027037, 45.326682], [-94.027119, 45.326464], [-94.027126, 45.326404], [-94.027124, 45.326295], [-94.027115, 45.326259], [-94.027097, 45.326223], [-94.027053, 45.326157], [-94.027001, 45.326103], [-94.026931, 45.326007], [-94.026587, 45.325455], [-94.026474, 45.325397], [-94.026397, 45.32539], [-94.026232, 45.32545], [-94.025969, 45.325581], [-94.025729, 45.325755], [-94.025653, 45.325841], [-94.025601, 45.325989], [-94.025517, 45.326243], [-94.025304, 45.326867], [-94.025237, 45.32697], [-94.025187, 45.327025], [-94.025144, 45.327061], [-94.02506, 45.327122], [-94.024942, 45.327196], [-94.024729, 45.327264], [-94.024652, 45.327271], [-94.024429, 45.327267], [-94.024138, 45.327221], [-94.023214, 45.327223], [-94.023162, 45.327218], [-94.022939, 45.32716], [-94.02287, 45.327136], [-94.022646, 45.327016], [-94.022533, 45.326946], [-94.022075, 45.326733], [-94.021877, 45.326656], [-94.021757, 45.326621], [-94.021679, 45.326615], [-94.021251, 45.326595], [-94.021166, 45.326602], [-94.020884, 45.326641], [-94.02062, 45.326691], [-94.020552, 45.326716], [-94.02045, 45.326765], [-94.020348, 45.326827], [-94.020037, 45.327107], [-94.019563, 45.327377], [-94.01947, 45.327444], [-94.019149, 45.327712], [-94.019081, 45.327737], [-94.018825, 45.327776], [-94.018748, 45.327776], [-94.018474, 45.327755], [-94.018304, 45.327699], [-94.018226, 45.327642], [-94.018174, 45.327537], [-94.01806, 45.327088], [-94.018039, 45.326871], [-94.018035, 45.326672], [-94.018051, 45.326575], [-94.018092, 45.326478], [-94.018167, 45.326357], [-94.018343, 45.32615], [-94.018368, 45.326114], [-94.018541, 45.32531], [-94.018631, 45.325043], [-94.018724, 45.32497], [-94.01885, 45.32489], [-94.018986, 45.324829], [-94.019359, 45.32462], [-94.019579, 45.324461], [-94.019655, 45.324418], [-94.01974, 45.324387], [-94.020574, 45.324126], [-94.020828, 45.324003], [-94.021084, 45.323947], [-94.021527, 45.32387], [-94.021579, 45.323858], [-94.021679, 45.323724], [-94.021695, 45.323589], [-94.021646, 45.323544], [-94.02153, 45.323544], [-94.021131, 45.323705], [-94.021011, 45.323718], [-94.020916, 45.323677], [-94.020915, 45.32358], [-94.021058, 45.323458], [-94.021286, 45.323299], [-94.021478, 45.32305], [-94.021511, 45.322971], [-94.021553, 45.322917], [-94.021645, 45.322819], [-94.0219, 45.322684], [-94.021959, 45.322665], [-94.022138, 45.322622], [-94.022608, 45.322563], [-94.023857, 45.32257], [-94.024096, 45.322562], [-94.024771, 45.322465], [-94.024847, 45.322446], [-94.025665, 45.322264], [-94.025811, 45.322245], [-94.02593, 45.322244], [-94.026093, 45.322254], [-94.02617, 45.322272], [-94.026584, 45.322431], [-94.026929, 45.322585], [-94.027258, 45.322775], [-94.027535, 45.32299], [-94.027579, 45.323031], [-94.027821, 45.323273], [-94.028121, 45.323654], [-94.028377, 45.324123], [-94.028372, 45.32434], [-94.028158, 45.324789], [-94.027849, 45.325226], [-94.027742, 45.325463], [-94.027731, 45.325534], [-94.02776, 45.325604], [-94.027838, 45.325654], [-94.027915, 45.325673], [-94.028274, 45.32565], [-94.028592, 45.325582], [-94.028948, 45.325409], [-94.029465, 45.325109], [-94.030578, 45.324212], [-94.030628, 45.324163], [-94.030744, 45.323945], [-94.030792, 45.323787], [-94.030803, 45.323413], [-94.030925, 45.322591], [-94.03098, 45.321866], [-94.030968, 45.321673], [-94.030987, 45.320834], [-94.03101, 45.320689], [-94.03105, 45.320556], [-94.031202, 45.320397], [-94.031252, 45.320361], [-94.031303, 45.32033], [-94.031379, 45.320293], [-94.031473, 45.320268], [-94.031524, 45.32025], [-94.031618, 45.320231], [-94.031737, 45.320217], [-94.031832, 45.320223], [-94.032046, 45.320251], [-94.032098, 45.320268], [-94.032459, 45.320362], [-94.032596, 45.320373], [-94.032656, 45.320372], [-94.032698, 45.320366], [-94.032876, 45.320249], [-94.032935, 45.320182], [-94.033077, 45.320042], [-94.033204, 45.319957], [-94.033518, 45.319821], [-94.034574, 45.319069], [-94.034642, 45.319032], [-94.03471, 45.319001], [-94.034812, 45.31897], [-94.035076, 45.318902], [-94.035178, 45.318889], [-94.035298, 45.318887], [-94.035452, 45.318898], [-94.035572, 45.318921], [-94.03573, 45.318914], [-94.035829, 45.318892], [-94.035938, 45.318809], [-94.03603, 45.318657], [-94.036076, 45.318379], [-94.036084, 45.317878], [-94.036105, 45.317655], [-94.036145, 45.317485], [-94.036265, 45.317044], [-94.036347, 45.316838], [-94.036504, 45.316504], [-94.036612, 45.316322], [-94.036829, 45.316073], [-94.037099, 45.315853], [-94.037142, 45.315829], [-94.03726, 45.315779], [-94.037396, 45.315736], [-94.037933, 45.315622], [-94.038299, 45.315504], [-94.038358, 45.315467], [-94.038604, 45.315351], [-94.03868, 45.315295], [-94.038756, 45.315222], [-94.038915, 45.31501], [-94.038962, 45.31481], [-94.038951, 45.314683], [-94.038916, 45.314599], [-94.038827, 45.314455], [-94.038514, 45.314138], [-94.038332, 45.314025], [-94.03814, 45.313803], [-94.038069, 45.313701], [-94.037988, 45.313443], [-94.038011, 45.31331], [-94.037929, 45.31255], [-94.037798, 45.311941], [-94.037762, 45.311839], [-94.03775, 45.311646], [-94.037702, 45.311357], [-94.037718, 45.311302], [-94.037728, 45.31091], [-94.03783, 45.310426], [-94.037877, 45.309732], [-94.037876, 45.309641], [-94.037837, 45.309394], [-94.037835, 45.309279], [-94.037851, 45.309207], [-94.0379, 45.309085], [-94.037982, 45.308916], [-94.038565, 45.308071], [-94.038599, 45.308011], [-94.038699, 45.307865], [-94.038749, 45.307804], [-94.038834, 45.307779], [-94.038911, 45.307766], [-94.038971, 45.307772], [-94.039099, 45.307795], [-94.039615, 45.307911], [-94.039863, 45.307951], [-94.040344, 45.308061], [-94.040413, 45.308073], [-94.040473, 45.308078], [-94.040764, 45.308094], [-94.040961, 45.308086], [-94.041284, 45.308004], [-94.041352, 45.307974], [-94.041454, 45.307912], [-94.041588, 45.30776], [-94.041984, 45.306954], [-94.042024, 45.306833], [-94.042063, 45.306615], [-94.042119, 45.306409], [-94.042193, 45.306228], [-94.042276, 45.306076], [-94.042342, 45.305991], [-94.042435, 45.305899], [-94.042586, 45.305765], [-94.042739, 45.305673], [-94.042925, 45.305581], [-94.043095, 45.305513], [-94.043409, 45.305408], [-94.04352, 45.305376], [-94.044117, 45.305268], [-94.044857, 45.305106], [-94.045539, 45.304905], [-94.045564, 45.304893], [-94.045615, 45.304874], [-94.046653, 45.304593], [-94.046832, 45.304555], [-94.04708, 45.304517], [-94.047225, 45.304504], [-94.047285, 45.304509], [-94.047644, 45.304524], [-94.04773, 45.304529], [-94.048082, 45.304586], [-94.048374, 45.30465], [-94.04895, 45.304808], [-94.049165, 45.304884], [-94.049329, 45.304991], [-94.049488, 45.305243], [-94.049504, 45.305666], [-94.049497, 45.305744], [-94.049489, 45.30578], [-94.049473, 45.305817], [-94.049441, 45.305932], [-94.04942, 45.306167], [-94.049409, 45.306506], [-94.049411, 45.306632], [-94.049463, 45.306656], [-94.049532, 45.306679], [-94.049583, 45.306691], [-94.049703, 45.306678], [-94.049762, 45.306665], [-94.050279, 45.306371], [-94.050455, 45.306176], [-94.05053, 45.306109], [-94.05064, 45.306029], [-94.050767, 45.305956], [-94.050869, 45.305913], [-94.051005, 45.305869], [-94.051116, 45.305844], [-94.051235, 45.305831], [-94.051457, 45.305823], [-94.051654, 45.305827], [-94.0518, 45.305844], [-94.052152, 45.305895], [-94.052676, 45.306059], [-94.052987, 45.306213], [-94.053221, 45.306362], [-94.053325, 45.306439], [-94.053369, 45.306481], [-94.053412, 45.306535], [-94.053448, 45.306589], [-94.053519, 45.306745], [-94.053521, 45.306848], [-94.05354, 45.30695], [-94.053576, 45.307059], [-94.053971, 45.307604], [-94.054326, 45.308289], [-94.054306, 45.308597], [-94.054132, 45.308925], [-94.053916, 45.3092], [-94.053798, 45.309326], [-94.053773, 45.309375], [-94.053724, 45.309502], [-94.053716, 45.30955], [-94.053728, 45.309701], [-94.053746, 45.309779], [-94.053773, 45.309821], [-94.053871, 45.310038], [-94.053916, 45.310176], [-94.053946, 45.310423], [-94.053916, 45.310641], [-94.053833, 45.310756], [-94.053774, 45.310823], [-94.053698, 45.310878], [-94.053622, 45.310921], [-94.052994, 45.311175], [-94.052892, 45.31123], [-94.052098, 45.311756], [-94.05159, 45.312069], [-94.051455, 45.312167], [-94.051396, 45.312215], [-94.051354, 45.31227], [-94.05123, 45.312501], [-94.051214, 45.312555], [-94.051162, 45.312996], [-94.051083, 45.313341], [-94.050937, 45.313777], [-94.050914, 45.313904], [-94.050893, 45.314146], [-94.050897, 45.314369], [-94.050882, 45.314514], [-94.05081, 45.314732], [-94.050453, 45.315339], [-94.050412, 45.315424], [-94.050371, 45.315521], [-94.050371, 45.315557], [-94.050317, 45.315847], [-94.050325, 45.316288], [-94.050362, 45.31642], [-94.050349, 45.31668], [-94.050301, 45.316855], [-94.050276, 45.316904], [-94.050162, 45.3172], [-94.050055, 45.317395], [-94.049805, 45.317789], [-94.049731, 45.317953], [-94.0496, 45.318286], [-94.049601, 45.318334], [-94.04957, 45.318498], [-94.049572, 45.318588], [-94.04948, 45.319156], [-94.049356, 45.319411], [-94.049172, 45.319648], [-94.04886, 45.319911], [-94.048674, 45.320003], [-94.048044, 45.320202], [-94.047362, 45.320323], [-94.046722, 45.320377], [-94.04667, 45.320377], [-94.046593, 45.320372], [-94.045735, 45.320229], [-94.045099, 45.320066], [-94.044919, 45.320049], [-94.044773, 45.320045], [-94.044636, 45.320052], [-94.044543, 45.320071], [-94.044287, 45.32014], [-94.043692, 45.32035], [-94.043479, 45.320388], [-94.0433, 45.320444], [-94.043006, 45.32054], [-94.042826, 45.320631], [-94.042427, 45.320881], [-94.042054, 45.321041], [-94.041783, 45.321201], [-94.041623, 45.321371], [-94.041491, 45.321644], [-94.041411, 45.321916], [-94.041125, 45.322203], [-94.041059, 45.3223], [-94.041042, 45.322354], [-94.041036, 45.322451], [-94.041125, 45.322685], [-94.041084, 45.322752], [-94.041033, 45.322795], [-94.040863, 45.322809], [-94.040776, 45.322779], [-94.040716, 45.32275], [-94.040534, 45.32263], [-94.040446, 45.322498], [-94.040357, 45.32233], [-94.040256, 45.321927], [-94.040097, 45.321639], [-94.040035, 45.321555], [-94.039861, 45.321375], [-94.039765, 45.321304], [-94.039653, 45.321262], [-94.039507, 45.321221], [-94.039404, 45.32121], [-94.039268, 45.321211], [-94.039208, 45.321218], [-94.039071, 45.321249], [-94.038722, 45.321343], [-94.038187, 45.321571], [-94.03806, 45.321645], [-94.037934, 45.321731], [-94.037875, 45.321779], [-94.037816, 45.321846], [-94.037398, 45.322399], [-94.037122, 45.322716], [-94.037072, 45.322807], [-94.037023, 45.322928], [-94.037007, 45.323001], [-94.037008, 45.323037], [-94.03707, 45.324123], [-94.037069, 45.324515], [-94.037031, 45.324793], [-94.036957, 45.324933], [-94.036923, 45.324969], [-94.036882, 45.325036], [-94.036461, 45.32545], [-94.036419, 45.325487], [-94.03582, 45.325945], [-94.035406, 45.32622], [-94.03505, 45.326398], [-94.034813, 45.326533], [-94.034686, 45.326619], [-94.034206, 45.327058], [-94.034088, 45.327132], [-94.033674, 45.327455], [-94.033599, 45.327534], [-94.033296, 45.327821], [-94.033154, 45.328015], [-94.033079, 45.328155], [-94.033014, 45.328336], [-94.032957, 45.328506], [-94.032925, 45.328729], [-94.032879, 45.328905], [-94.032874, 45.329068], [-94.032834, 45.329243], [-94.032809, 45.329292], [-94.032753, 45.329474], [-94.032679, 45.329637], [-94.03242, 45.330008], [-94.032327, 45.330081], [-94.032007, 45.330368], [-94.031939, 45.330404], [-94.031607, 45.330504], [-94.031531, 45.330511], [-94.03136, 45.330536], [-94.031096, 45.330605], [-94.031028, 45.330612], [-94.030951, 45.330631], [-94.03084, 45.330668], [-94.030569, 45.330803], [-94.030417, 45.330895], [-94.030113, 45.331133], [-94.029875, 45.331238], [-94.029645, 45.331288], [-94.029594, 45.331289], [-94.029158, 45.331329], [-94.028935, 45.331313], [-94.028652, 45.331255], [-94.028161, 45.331078], [-94.027582, 45.330764], [-94.027486, 45.330698], [-94.027451, 45.33065], [-94.027338, 45.330555], [-94.027312, 45.330543], [-94.027156, 45.330449], [-94.026832, 45.33031]]]}}, {"type": "Feature", "properties": {"depth_ft": 15.0, "lake": "Sugar Lake", "dow": "86023300"}, "geometry": {"type": "Polygon", "coordinates": [[[-94.027255, 45.330321], [-94.02693, 45.330208], [-94.026449, 45.330104], [-94.026346, 45.330099], [-94.025266, 45.329994], [-94.025068, 45.329965], [-94.024741, 45.32986], [-94.024629, 45.3298], [-94.02455, 45.329704], [-94.024471, 45.329584], [-94.024444, 45.329518], [-94.024407, 45.329368], [-94.024398, 45.329295], [-94.024394, 45.329096], [-94.024402, 45.32906], [-94.024551, 45.328769], [-94.024692, 45.328568], [-94.024919, 45.328331], [-94.025307, 45.328007], [-94.025434, 45.327922], [-94.025561, 45.327854], [-94.026598, 45.327447], [-94.02669, 45.327379], [-94.026941, 45.327057], [-94.027123, 45.326681], [-94.027211, 45.326373], [-94.027219, 45.326306], [-94.027209, 45.326252], [-94.027191, 45.326204], [-94.027174, 45.326174], [-94.027016, 45.325988], [-94.026664, 45.325424], [-94.02662, 45.325382], [-94.026568, 45.325346], [-94.026525, 45.325329], [-94.026474, 45.325323], [-94.026379, 45.325324], [-94.026328, 45.325342], [-94.025761, 45.325655], [-94.025676, 45.325716], [-94.025588, 45.325835], [-94.02534, 45.326504], [-94.02508, 45.326808], [-94.024852, 45.326961], [-94.024656, 45.327035], [-94.024605, 45.327048], [-94.024015, 45.327071], [-94.023631, 45.327099], [-94.023177, 45.327091], [-94.023117, 45.327085], [-94.023048, 45.327074], [-94.02273, 45.326968], [-94.022014, 45.326643], [-94.02191, 45.326613], [-94.021541, 45.326526], [-94.021395, 45.326503], [-94.021061, 45.3265], [-94.020575, 45.326583], [-94.02049, 45.326614], [-94.020371, 45.326669], [-94.019933, 45.327023], [-94.019492, 45.327257], [-94.019348, 45.327343], [-94.019045, 45.327629], [-94.018977, 45.327666], [-94.018901, 45.327685], [-94.018815, 45.327697], [-94.01867, 45.327711], [-94.018627, 45.327711], [-94.018463, 45.327622], [-94.018419, 45.327574], [-94.018402, 45.327538], [-94.018374, 45.327454], [-94.018369, 45.327176], [-94.018275, 45.32681], [-94.018285, 45.326748], [-94.018283, 45.326646], [-94.018298, 45.326555], [-94.018347, 45.326392], [-94.018447, 45.326228], [-94.018454, 45.326186], [-94.018593, 45.32581], [-94.018697, 45.325405], [-94.018739, 45.325338], [-94.018755, 45.325296], [-94.018805, 45.325211], [-94.018897, 45.325125], [-94.018999, 45.325052], [-94.019355, 45.324862], [-94.019439, 45.324807], [-94.019574, 45.324685], [-94.019743, 45.324568], [-94.01982, 45.324544], [-94.019989, 45.324464], [-94.020049, 45.324457], [-94.020518, 45.324332], [-94.02062, 45.324295], [-94.02095, 45.324111], [-94.02106, 45.324068], [-94.021239, 45.324012], [-94.021639, 45.323912], [-94.021766, 45.323838], [-94.021825, 45.323747], [-94.02185, 45.323699], [-94.021857, 45.323662], [-94.021857, 45.323614], [-94.021847, 45.32356], [-94.021751, 45.323446], [-94.021476, 45.323364], [-94.021458, 45.323334], [-94.02144, 45.323274], [-94.021589, 45.323019], [-94.021749, 45.32286], [-94.021808, 45.322812], [-94.021987, 45.322762], [-94.022319, 45.32271], [-94.022499, 45.322703], [-94.02285, 45.3227], [-94.02368, 45.322735], [-94.023877, 45.322733], [-94.024159, 45.322724], [-94.024663, 45.322665], [-94.025676, 45.322397], [-94.025787, 45.322378], [-94.025915, 45.32237], [-94.026044, 45.322369], [-94.026233, 45.322434], [-94.026725, 45.322671], [-94.02682, 45.322724], [-94.027211, 45.323035], [-94.02756, 45.323406], [-94.027829, 45.323721], [-94.028093, 45.323999], [-94.028199, 45.324233], [-94.028177, 45.32439], [-94.028103, 45.324596], [-94.027796, 45.325082], [-94.027721, 45.325239], [-94.027681, 45.325366], [-94.02765, 45.32553], [-94.027694, 45.325614], [-94.027738, 45.325668], [-94.027807, 45.325703], [-94.028107, 45.325749], [-94.028158, 45.325748], [-94.028381, 45.32574], [-94.028432, 45.325734], [-94.028551, 45.325709], [-94.028722, 45.325659], [-94.028951, 45.325566], [-94.029027, 45.325529], [-94.02934, 45.325321], [-94.029643, 45.325065], [-94.030589, 45.324368], [-94.030756, 45.32415], [-94.030862, 45.323835], [-94.030876, 45.323666], [-94.031017, 45.322934], [-94.031016, 45.322898], [-94.031113, 45.322118], [-94.031097, 45.320754], [-94.031138, 45.320645], [-94.031145, 45.320597], [-94.03117, 45.32053], [-94.031246, 45.320463], [-94.031364, 45.320384], [-94.031423, 45.320359], [-94.031525, 45.320328], [-94.031628, 45.320315], [-94.031722, 45.320314], [-94.031876, 45.320325], [-94.032615, 45.320469], [-94.032743, 45.320456], [-94.032955, 45.320363], [-94.033266, 45.320083], [-94.034054, 45.319665], [-94.03463, 45.31931], [-94.034849, 45.319151], [-94.034925, 45.319084], [-94.035172, 45.319003], [-94.035223, 45.318997], [-94.035428, 45.318989], [-94.035634, 45.318999], [-94.03595, 45.318972], [-94.036035, 45.318935], [-94.036177, 45.318741], [-94.036225, 45.318577], [-94.036291, 45.317979], [-94.036292, 45.317587], [-94.036341, 45.31746], [-94.036349, 45.317417], [-94.03639, 45.31729], [-94.036389, 45.317254], [-94.036487, 45.316975], [-94.036577, 45.316763], [-94.036843, 45.31632], [-94.037044, 45.316095], [-94.037289, 45.31593], [-94.037399, 45.315868], [-94.037645, 45.315782], [-94.038216, 45.315656], [-94.038692, 45.315489], [-94.038879, 45.315384], [-94.038921, 45.315354], [-94.039005, 45.31528], [-94.039039, 45.315244], [-94.03913, 45.315098], [-94.039168, 45.314838], [-94.039167, 45.314802], [-94.039158, 45.314766], [-94.039035, 45.31455], [-94.038991, 45.31449], [-94.038677, 45.314185], [-94.038461, 45.314048], [-94.0384, 45.314], [-94.038216, 45.313736], [-94.038145, 45.313604], [-94.038135, 45.31355], [-94.038063, 45.312428], [-94.03796, 45.311934], [-94.037921, 45.311669], [-94.037898, 45.311349], [-94.037894, 45.311096], [-94.038, 45.310388], [-94.038012, 45.309616], [-94.037992, 45.309453], [-94.037981, 45.309308], [-94.038088, 45.309072], [-94.038287, 45.308768], [-94.038546, 45.308434], [-94.038662, 45.308215], [-94.038711, 45.308094], [-94.038769, 45.307991], [-94.038811, 45.307942], [-94.038904, 45.307887], [-94.038964, 45.307875], [-94.039032, 45.307868], [-94.03923, 45.307914], [-94.039928, 45.308192], [-94.040538, 45.308331], [-94.041017, 45.308357], [-94.041264, 45.308318], [-94.041333, 45.3083], [-94.041536, 45.308201], [-94.041612, 45.308146], [-94.041646, 45.308116], [-94.041786, 45.307855], [-94.042146, 45.306958], [-94.042243, 45.306632], [-94.042458, 45.306255], [-94.042517, 45.306194], [-94.042559, 45.30614], [-94.042778, 45.305963], [-94.042829, 45.305932], [-94.043024, 45.305846], [-94.043143, 45.305808], [-94.04322, 45.305796], [-94.043271, 45.305795], [-94.044362, 45.305598], [-94.044914, 45.305449], [-94.04557, 45.305225], [-94.046412, 45.304964], [-94.046693, 45.304889], [-94.046838, 45.304863], [-94.047273, 45.304817], [-94.047444, 45.304809], [-94.047804, 45.30483], [-94.04813, 45.304869], [-94.048567, 45.304944], [-94.049048, 45.30506], [-94.049152, 45.305102], [-94.049204, 45.305143], [-94.049326, 45.305293], [-94.049345, 45.305353], [-94.049345, 45.305395], [-94.049338, 45.30545], [-94.049281, 45.305631], [-94.04925, 45.305795], [-94.049244, 45.305903], [-94.049264, 45.306555], [-94.049317, 45.306639], [-94.049326, 45.306669], [-94.049361, 45.306729], [-94.049414, 45.306777], [-94.049594, 45.306824], [-94.049884, 45.306761], [-94.050113, 45.306656], [-94.050357, 45.306424], [-94.050534, 45.30629], [-94.050567, 45.306253], [-94.050668, 45.306162], [-94.050727, 45.306125], [-94.050804, 45.306088], [-94.050923, 45.306045], [-94.051084, 45.306001], [-94.051187, 45.305982], [-94.051247, 45.305982], [-94.051426, 45.305992], [-94.051795, 45.306031], [-94.052069, 45.306071], [-94.052447, 45.30614], [-94.052602, 45.30618], [-94.053007, 45.306346], [-94.053076, 45.306387], [-94.053171, 45.306459], [-94.053277, 45.306597], [-94.053341, 45.30685], [-94.053342, 45.306892], [-94.053352, 45.306946], [-94.053397, 45.307072], [-94.053459, 45.307193], [-94.05389, 45.307822], [-94.053996, 45.308015], [-94.054032, 45.308099], [-94.054041, 45.308147], [-94.054043, 45.308231], [-94.054028, 45.308358], [-94.053846, 45.308704], [-94.053788, 45.308783], [-94.053473, 45.309101], [-94.053427, 45.309167], [-94.053411, 45.309209], [-94.053431, 45.309402], [-94.053467, 45.30951], [-94.053592, 45.309793], [-94.053662, 45.310311], [-94.053623, 45.310541], [-94.053549, 45.310681], [-94.053507, 45.310741], [-94.053229, 45.310943], [-94.052795, 45.31108], [-94.052532, 45.311203], [-94.052186, 45.311442], [-94.051652, 45.311712], [-94.051601, 45.311731], [-94.051499, 45.31178], [-94.051381, 45.311847], [-94.051296, 45.311909], [-94.051187, 45.312006], [-94.05112, 45.312079], [-94.051062, 45.31217], [-94.051029, 45.312243], [-94.050997, 45.312358], [-94.050982, 45.312485], [-94.050972, 45.312865], [-94.050926, 45.313167], [-94.050869, 45.313301], [-94.050878, 45.313337], [-94.050813, 45.313519], [-94.0507, 45.313888], [-94.050676, 45.314003], [-94.050666, 45.314347], [-94.050643, 45.314498], [-94.050569, 45.314704], [-94.050237, 45.315238], [-94.050099, 45.315644], [-94.050086, 45.315873], [-94.050078, 45.315891], [-94.05007, 45.315934], [-94.05008, 45.316006], [-94.050083, 45.316604], [-94.050036, 45.316833], [-94.049815, 45.317397], [-94.049417, 45.318095], [-94.049326, 45.318271], [-94.049304, 45.31844], [-94.049315, 45.318578], [-94.049214, 45.319123], [-94.04914, 45.319298], [-94.04888, 45.319603], [-94.048611, 45.319822], [-94.048212, 45.319983], [-94.047726, 45.32012], [-94.047675, 45.320127], [-94.047232, 45.320203], [-94.04689, 45.320242], [-94.046333, 45.320169], [-94.046135, 45.320099], [-94.045739, 45.319987], [-94.045214, 45.319805], [-94.044939, 45.319753], [-94.044793, 45.319743], [-94.044597, 45.319744], [-94.044443, 45.319758], [-94.044358, 45.319777], [-94.044187, 45.319827], [-94.0435, 45.320141], [-94.043058, 45.320265], [-94.042623, 45.320475], [-94.042574, 45.320505], [-94.042288, 45.320737], [-94.042237, 45.320768], [-94.041796, 45.320983], [-94.04166, 45.321057], [-94.041501, 45.321215], [-94.041442, 45.3213], [-94.041262, 45.321718], [-94.041203, 45.321779], [-94.041086, 45.321919], [-94.041019, 45.322028], [-94.04092, 45.322217], [-94.040904, 45.322277], [-94.040882, 45.322446], [-94.040894, 45.322651], [-94.040851, 45.322682], [-94.040811, 45.322674], [-94.040737, 45.322635], [-94.040502, 45.322293], [-94.040449, 45.322185], [-94.040234, 45.321637], [-94.040102, 45.321451], [-94.040032, 45.321374], [-94.039936, 45.321296], [-94.039669, 45.32116], [-94.039522, 45.321101], [-94.039419, 45.321071], [-94.039299, 45.321054], [-94.039127, 45.321038], [-94.038811, 45.321071], [-94.038743, 45.321096], [-94.038591, 45.321163], [-94.038117, 45.321439], [-94.037788, 45.32172], [-94.037637, 45.321884], [-94.037436, 45.322127], [-94.036978, 45.322808], [-94.036954, 45.322911], [-94.036948, 45.323043], [-94.036968, 45.323176], [-94.036961, 45.324202], [-94.036934, 45.324607], [-94.036827, 45.324831], [-94.036676, 45.325032], [-94.036416, 45.325288], [-94.03634, 45.325343], [-94.035302, 45.326179], [-94.035243, 45.326216], [-94.034768, 45.326455], [-94.034465, 45.3267], [-94.034044, 45.32706], [-94.03368, 45.327286], [-94.033646, 45.327323], [-94.033258, 45.327616], [-94.033082, 45.327835], [-94.033007, 45.32795], [-94.032901, 45.328205], [-94.032852, 45.328356], [-94.032821, 45.328525], [-94.032744, 45.32899], [-94.032704, 45.329178], [-94.032689, 45.329299], [-94.032575, 45.329614], [-94.032551, 45.329662], [-94.032325, 45.329966], [-94.031962, 45.330241], [-94.031614, 45.330389], [-94.031537, 45.330414], [-94.031332, 45.33044], [-94.031119, 45.330478], [-94.030906, 45.330528], [-94.030736, 45.330584], [-94.030609, 45.33064], [-94.030507, 45.330695], [-94.029983, 45.331074], [-94.029643, 45.331161], [-94.029361, 45.331194], [-94.029027, 45.331197], [-94.028726, 45.331134], [-94.02858, 45.331093], [-94.02808, 45.330868], [-94.027898, 45.330767], [-94.027508, 45.330495], [-94.027255, 45.330321]]]}}, {"type": "Feature", "properties": {"depth_ft": 20.0, "lake": "Sugar Lake", "dow": "86023300"}, "geometry": {"type": "Polygon", "coordinates": [[[-94.027904, 45.330611], [-94.027791, 45.330526], [-94.027591, 45.330353], [-94.027251, 45.330179], [-94.026971, 45.330093], [-94.02685, 45.330064], [-94.026661, 45.330035], [-94.026344, 45.330002], [-94.025556, 45.329943], [-94.024895, 45.32984], [-94.024714, 45.329769], [-94.024592, 45.329644], [-94.024539, 45.329535], [-94.02451, 45.329391], [-94.024499, 45.329252], [-94.024515, 45.329161], [-94.024688, 45.328804], [-94.02483, 45.328627], [-94.025183, 45.328256], [-94.025453, 45.32806], [-94.025741, 45.327901], [-94.02586, 45.327852], [-94.026336, 45.327666], [-94.026599, 45.327555], [-94.026701, 45.3275], [-94.026869, 45.327335], [-94.026903, 45.327293], [-94.027177, 45.326826], [-94.027291, 45.326511], [-94.027329, 45.326251], [-94.026961, 45.325802], [-94.026864, 45.325615], [-94.026828, 45.325513], [-94.026792, 45.325447], [-94.026618, 45.325273], [-94.026412, 45.325215], [-94.026344, 45.325228], [-94.026241, 45.325259], [-94.025725, 45.325571], [-94.025675, 45.325614], [-94.025599, 45.325699], [-94.025532, 45.325802], [-94.02543, 45.326105], [-94.025328, 45.326272], [-94.024815, 45.326811], [-94.024526, 45.326946], [-94.024441, 45.326953], [-94.024372, 45.326954], [-94.024261, 45.326942], [-94.024073, 45.326938], [-94.023936, 45.326951], [-94.023364, 45.327041], [-94.023287, 45.327036], [-94.023055, 45.326995], [-94.022729, 45.326902], [-94.021969, 45.326559], [-94.021531, 45.326442], [-94.021376, 45.326413], [-94.021273, 45.326402], [-94.020702, 45.326491], [-94.020191, 45.326611], [-94.020003, 45.326673], [-94.019842, 45.326741], [-94.019622, 45.326857], [-94.019308, 45.327035], [-94.019173, 45.327133], [-94.019114, 45.327151], [-94.019088, 45.327146], [-94.019044, 45.32711], [-94.019027, 45.32708], [-94.019008, 45.32702], [-94.019016, 45.326971], [-94.019004, 45.32679], [-94.018986, 45.326724], [-94.018915, 45.326592], [-94.018795, 45.326287], [-94.018761, 45.326122], [-94.018732, 45.325893], [-94.018738, 45.325748], [-94.018761, 45.325634], [-94.018802, 45.325512], [-94.018827, 45.32547], [-94.01891, 45.325361], [-94.019248, 45.325098], [-94.019739, 45.324816], [-94.02001, 45.324681], [-94.020138, 45.324625], [-94.020631, 45.32447], [-94.020691, 45.324445], [-94.020869, 45.324341], [-94.020927, 45.32428], [-94.021012, 45.324213], [-94.021079, 45.32417], [-94.021283, 45.324096], [-94.021471, 45.324046], [-94.021751, 45.323935], [-94.021963, 45.323812], [-94.022156, 45.323599], [-94.022187, 45.323442], [-94.022193, 45.323309], [-94.022209, 45.323243], [-94.022242, 45.323182], [-94.022301, 45.323109], [-94.02236, 45.323072], [-94.022437, 45.323035], [-94.022505, 45.323023], [-94.022607, 45.322998], [-94.022795, 45.322966], [-94.023, 45.322946], [-94.023111, 45.322945], [-94.023949, 45.322931], [-94.024273, 45.322886], [-94.024376, 45.322861], [-94.025219, 45.32266], [-94.025671, 45.322566], [-94.025859, 45.32254], [-94.02597, 45.322539], [-94.026021, 45.322544], [-94.026081, 45.322562], [-94.026159, 45.322598], [-94.02622, 45.322633], [-94.026254, 45.322663], [-94.026289, 45.322705], [-94.026342, 45.322801], [-94.026347, 45.323073], [-94.026438, 45.323325], [-94.026473, 45.323392], [-94.026552, 45.323505], [-94.026595, 45.323541], [-94.026639, 45.323589], [-94.026709, 45.323649], [-94.026778, 45.323678], [-94.027018, 45.323725], [-94.027104, 45.323724], [-94.02724, 45.323711], [-94.027428, 45.323709], [-94.027583, 45.32375], [-94.02767, 45.323815], [-94.027696, 45.323845], [-94.027902, 45.324043], [-94.028031, 45.324386], [-94.027991, 45.324543], [-94.02795, 45.324634], [-94.027758, 45.324925], [-94.027581, 45.325465], [-94.027593, 45.325598], [-94.027637, 45.325719], [-94.027691, 45.325774], [-94.027964, 45.325834], [-94.02811, 45.325844], [-94.028267, 45.325846], [-94.028536, 45.325824], [-94.028817, 45.325743], [-94.029131, 45.325595], [-94.030279, 45.324715], [-94.030642, 45.324465], [-94.03081, 45.3243], [-94.030869, 45.324227], [-94.030985, 45.324021], [-94.031032, 45.323809], [-94.031044, 45.323519], [-94.031207, 45.322588], [-94.031257, 45.322039], [-94.03123, 45.321043], [-94.031242, 45.320753], [-94.031267, 45.320674], [-94.031316, 45.320553], [-94.031409, 45.320492], [-94.031485, 45.320455], [-94.031707, 45.320417], [-94.031818, 45.320422], [-94.031981, 45.320445], [-94.032496, 45.320555], [-94.032754, 45.320588], [-94.032813, 45.320576], [-94.032907, 45.320545], [-94.032992, 45.320508], [-94.033219, 45.320301], [-94.033404, 45.320148], [-94.034617, 45.319527], [-94.034786, 45.319405], [-94.03509, 45.319203], [-94.035141, 45.319179], [-94.035328, 45.319135], [-94.035456, 45.319115], [-94.035918, 45.319087], [-94.035977, 45.319074], [-94.036037, 45.319056], [-94.036105, 45.319025], [-94.036164, 45.318988], [-94.036238, 45.318825], [-94.036351, 45.318449], [-94.036487, 45.31747], [-94.036519, 45.317343], [-94.036683, 45.316968], [-94.036783, 45.316798], [-94.036949, 45.316555], [-94.037142, 45.316299], [-94.037209, 45.316238], [-94.037411, 45.316074], [-94.037546, 45.315982], [-94.037657, 45.31592], [-94.037818, 45.315847], [-94.03792, 45.315809], [-94.038167, 45.315759], [-94.038465, 45.315678], [-94.038856, 45.315535], [-94.038958, 45.315486], [-94.039202, 45.315297], [-94.039236, 45.31526], [-94.039277, 45.3152], [-94.039327, 45.315109], [-94.03935, 45.314957], [-94.039304, 45.314801], [-94.039215, 45.314609], [-94.038909, 45.314249], [-94.038787, 45.314136], [-94.038553, 45.313951], [-94.038405, 45.313807], [-94.038361, 45.313753], [-94.038308, 45.313639], [-94.038272, 45.313531], [-94.038186, 45.312602], [-94.038172, 45.312282], [-94.038153, 45.312192], [-94.038118, 45.311703], [-94.038114, 45.31148], [-94.038163, 45.310393], [-94.038126, 45.309277], [-94.038133, 45.30924], [-94.038183, 45.309125], [-94.038274, 45.308961], [-94.038709, 45.308456], [-94.0389, 45.308105], [-94.03895, 45.30805], [-94.038992, 45.308013], [-94.039018, 45.308007], [-94.039094, 45.307994], [-94.039275, 45.308047], [-94.039309, 45.308053], [-94.040008, 45.308354], [-94.040472, 45.308483], [-94.040644, 45.308517], [-94.041123, 45.308543], [-94.041191, 45.308536], [-94.041422, 45.308492], [-94.0416, 45.308418], [-94.041785, 45.308271], [-94.042322, 45.307198], [-94.042461, 45.306847], [-94.042477, 45.306786], [-94.042616, 45.306477], [-94.042708, 45.306319], [-94.042775, 45.306234], [-94.042808, 45.306204], [-94.042918, 45.306124], [-94.042986, 45.306081], [-94.043088, 45.306044], [-94.043249, 45.306001], [-94.043411, 45.305969], [-94.044384, 45.305833], [-94.044701, 45.305749], [-94.045489, 45.305485], [-94.045915, 45.305355], [-94.046162, 45.305292], [-94.046417, 45.305235], [-94.046835, 45.305159], [-94.047057, 45.305133], [-94.047236, 45.305119], [-94.047484, 45.305105], [-94.047595, 45.30511], [-94.047723, 45.305109], [-94.048067, 45.305166], [-94.048281, 45.305218], [-94.048402, 45.305259], [-94.048601, 45.30536], [-94.048773, 45.305455], [-94.04893, 45.305605], [-94.04908, 45.305845], [-94.049118, 45.306068], [-94.049119, 45.306563], [-94.049128, 45.306599], [-94.049181, 45.306707], [-94.049225, 45.306767], [-94.049295, 45.306845], [-94.049356, 45.30688], [-94.049433, 45.306904], [-94.049605, 45.306926], [-94.049681, 45.30692], [-94.049945, 45.306839], [-94.050123, 45.306734], [-94.050426, 45.306496], [-94.050664, 45.306385], [-94.050859, 45.306311], [-94.051021, 45.306267], [-94.051319, 45.306204], [-94.051413, 45.306203], [-94.051911, 45.306271], [-94.052511, 45.306374], [-94.052855, 45.30645], [-94.052924, 45.306473], [-94.052984, 45.306503], [-94.053019, 45.306533], [-94.053062, 45.306581], [-94.0531, 45.306767], [-94.053102, 45.306888], [-94.053167, 45.307135], [-94.053486, 45.307754], [-94.053596, 45.308133], [-94.053609, 45.30835], [-94.053595, 45.308531], [-94.053532, 45.308669], [-94.053415, 45.308836], [-94.053246, 45.309022], [-94.053206, 45.309141], [-94.053178, 45.309299], [-94.053189, 45.3097], [-94.053267, 45.310206], [-94.053267, 45.310255], [-94.053253, 45.310375], [-94.053236, 45.310424], [-94.053186, 45.310473], [-94.053144, 45.310503], [-94.052923, 45.310602], [-94.052821, 45.310639], [-94.052457, 45.310817], [-94.052305, 45.31094], [-94.052229, 45.311025], [-94.052139, 45.311201], [-94.052004, 45.311347], [-94.051937, 45.311396], [-94.051878, 45.311432], [-94.051504, 45.311581], [-94.051115, 45.311796], [-94.051039, 45.311851], [-94.05098, 45.311905], [-94.050913, 45.311984], [-94.050888, 45.312027], [-94.050847, 45.312124], [-94.05079, 45.312312], [-94.050615, 45.313442], [-94.05054, 45.314034], [-94.050535, 45.314227], [-94.050455, 45.31453], [-94.050381, 45.314681], [-94.050339, 45.31473], [-94.050048, 45.315185], [-94.050007, 45.315276], [-94.049975, 45.315403], [-94.049959, 45.315446], [-94.049895, 45.315718], [-94.049893, 45.316515], [-94.049788, 45.31686], [-94.049424, 45.317551], [-94.049074, 45.318031], [-94.049041, 45.318116], [-94.049003, 45.318352], [-94.049002, 45.318774], [-94.048908, 45.319246], [-94.048791, 45.319416], [-94.048556, 45.319642], [-94.048302, 45.319783], [-94.048141, 45.319857], [-94.047817, 45.319956], [-94.047059, 45.320108], [-94.046699, 45.320105], [-94.046218, 45.319989], [-94.045297, 45.319672], [-94.045082, 45.319607], [-94.044979, 45.319584], [-94.044619, 45.319551], [-94.044354, 45.319584], [-94.044192, 45.319621], [-94.044073, 45.319665], [-94.043394, 45.319967], [-94.042883, 45.320056], [-94.042546, 45.320131], [-94.042312, 45.320233], [-94.042183, 45.320334], [-94.041859, 45.320693], [-94.04142, 45.321035], [-94.041262, 45.321248], [-94.04118, 45.321448], [-94.040864, 45.321945], [-94.040813, 45.321982], [-94.040762, 45.322001], [-94.040711, 45.322013], [-94.04066, 45.322014], [-94.040599, 45.32199], [-94.040556, 45.321948], [-94.040495, 45.321876], [-94.040468, 45.321834], [-94.040396, 45.321618], [-94.04036, 45.321552], [-94.040281, 45.321432], [-94.040133, 45.321276], [-94.039977, 45.321157], [-94.039752, 45.321032], [-94.039631, 45.320985], [-94.038995, 45.320804], [-94.038703, 45.320734], [-94.038652, 45.320752], [-94.038575, 45.320789], [-94.038533, 45.320832], [-94.038198, 45.321227], [-94.037626, 45.321758], [-94.037367, 45.322062], [-94.03705, 45.322517], [-94.037008, 45.32256], [-94.036966, 45.322627], [-94.036835, 45.32293], [-94.036865, 45.323642], [-94.036836, 45.324378], [-94.036805, 45.324602], [-94.036656, 45.324881], [-94.036548, 45.325015], [-94.03611, 45.325435], [-94.035301, 45.326088], [-94.034598, 45.326481], [-94.034455, 45.326609], [-94.034126, 45.326914], [-94.033737, 45.327141], [-94.033306, 45.327446], [-94.033087, 45.327617], [-94.033053, 45.327654], [-94.032961, 45.327776], [-94.03282, 45.327982], [-94.032803, 45.32803], [-94.032779, 45.328079], [-94.032689, 45.328339], [-94.032658, 45.328509], [-94.03265, 45.328527], [-94.032611, 45.328769], [-94.032606, 45.328962], [-94.032504, 45.329452], [-94.032488, 45.329494], [-94.032238, 45.329883], [-94.032154, 45.329968], [-94.032069, 45.330023], [-94.031977, 45.330108], [-94.031765, 45.330213], [-94.031595, 45.330263], [-94.031543, 45.330269], [-94.031279, 45.330314], [-94.031074, 45.330364], [-94.030734, 45.330464], [-94.030581, 45.330519], [-94.03031, 45.330661], [-94.029912, 45.33093], [-94.029853, 45.33096], [-94.029658, 45.331041], [-94.029351, 45.331098], [-94.029265, 45.331105], [-94.029188, 45.331105], [-94.028922, 45.331077], [-94.028664, 45.331001], [-94.028319, 45.33086], [-94.028207, 45.330788], [-94.027904, 45.330611]]]}}, {"type": "Feature", "properties": {"depth_ft": 30.0, "lake": "Sugar Lake", "dow": "86023300"}, "geometry": {"type": "Polygon", "coordinates": [[[-94.029006, 45.330776], [-94.028813, 45.33071], [-94.028459, 45.330514], [-94.028224, 45.330317], [-94.027971, 45.330078], [-94.027944, 45.329982], [-94.027933, 45.329867], [-94.027941, 45.329789], [-94.027998, 45.329667], [-94.028065, 45.329564], [-94.028199, 45.329418], [-94.028257, 45.329315], [-94.02823, 45.329206], [-94.028169, 45.329189], [-94.028075, 45.329172], [-94.027878, 45.329167], [-94.027776, 45.32918], [-94.027656, 45.329212], [-94.027503, 45.329267], [-94.027384, 45.329323], [-94.027258, 45.329402], [-94.026816, 45.329599], [-94.02639, 45.329676], [-94.026193, 45.329671], [-94.026037, 45.329643], [-94.025883, 45.329584], [-94.02577, 45.329506], [-94.025604, 45.329303], [-94.025524, 45.32911], [-94.025476, 45.328851], [-94.025523, 45.328585], [-94.025556, 45.328536], [-94.025606, 45.328445], [-94.025698, 45.328312], [-94.026145, 45.328], [-94.026578, 45.327773], [-94.026722, 45.327717], [-94.02736, 45.327518], [-94.027471, 45.327475], [-94.027596, 45.327281], [-94.027581, 45.326937], [-94.027492, 45.326726], [-94.027473, 45.326636], [-94.02748, 45.326557], [-94.027551, 45.326219], [-94.027541, 45.326177], [-94.027506, 45.326086], [-94.02747, 45.326026], [-94.027174, 45.325733], [-94.027104, 45.325649], [-94.027034, 45.325541], [-94.026998, 45.325457], [-94.026883, 45.325241], [-94.026864, 45.325169], [-94.026847, 45.325133], [-94.026828, 45.32506], [-94.026784, 45.324988], [-94.026749, 45.324946], [-94.026697, 45.324898], [-94.026585, 45.324869], [-94.026525, 45.324864], [-94.026457, 45.32487], [-94.026141, 45.324934], [-94.026057, 45.324995], [-94.025636, 45.325397], [-94.025307, 45.325617], [-94.025079, 45.325812], [-94.024727, 45.326232], [-94.024651, 45.326287], [-94.024541, 45.326354], [-94.024482, 45.326385], [-94.024422, 45.32641], [-94.024031, 45.326504], [-94.023477, 45.32666], [-94.023349, 45.326673], [-94.023135, 45.326669], [-94.022972, 45.326646], [-94.021691, 45.326295], [-94.021509, 45.326201], [-94.021362, 45.326069], [-94.021266, 45.325967], [-94.021213, 45.325895], [-94.021169, 45.325805], [-94.021133, 45.325709], [-94.021216, 45.325368], [-94.021228, 45.325286], [-94.021218, 45.325207], [-94.021031, 45.324816], [-94.021072, 45.324695], [-94.02108, 45.324659], [-94.02113, 45.324592], [-94.021205, 45.324513], [-94.021273, 45.324458], [-94.02157, 45.324317], [-94.021612, 45.324292], [-94.021899, 45.324084], [-94.022076, 45.32392], [-94.022144, 45.323871], [-94.022245, 45.32381], [-94.022296, 45.323785], [-94.022526, 45.323705], [-94.022943, 45.323622], [-94.023251, 45.323602], [-94.023465, 45.3236], [-94.02379, 45.323591], [-94.024166, 45.323545], [-94.024344, 45.323501], [-94.024438, 45.32347], [-94.024642, 45.32342], [-94.024848, 45.323424], [-94.024951, 45.323453], [-94.025011, 45.323483], [-94.025523, 45.323829], [-94.025591, 45.323846], [-94.02572, 45.323845], [-94.025788, 45.323838], [-94.026103, 45.323727], [-94.026154, 45.32372], [-94.026214, 45.323726], [-94.026274, 45.323743], [-94.026369, 45.323785], [-94.026421, 45.323827], [-94.026508, 45.323916], [-94.026526, 45.323958], [-94.026561, 45.324018], [-94.026605, 45.324066], [-94.026692, 45.324144], [-94.026779, 45.32421], [-94.026856, 45.324251], [-94.026943, 45.324287], [-94.027037, 45.324316], [-94.027089, 45.324328], [-94.027166, 45.324333], [-94.027286, 45.324332], [-94.027617, 45.324348], [-94.02773, 45.324398], [-94.027812, 45.324498], [-94.027822, 45.324628], [-94.027753, 45.324792], [-94.027675, 45.324922], [-94.027569, 45.325234], [-94.027517, 45.325465], [-94.027546, 45.325673], [-94.027591, 45.325759], [-94.027664, 45.325815], [-94.028152, 45.326009], [-94.02855, 45.326119], [-94.02897, 45.32614], [-94.02914, 45.326078], [-94.029399, 45.325767], [-94.029551, 45.325609], [-94.029845, 45.325323], [-94.029955, 45.325237], [-94.030394, 45.324913], [-94.03085, 45.32462], [-94.030977, 45.324498], [-94.031085, 45.324364], [-94.031258, 45.323994], [-94.031314, 45.323746], [-94.031326, 45.323493], [-94.031372, 45.32316], [-94.031404, 45.323045], [-94.031458, 45.322278], [-94.031444, 45.321989], [-94.031426, 45.321904], [-94.031383, 45.321452], [-94.031379, 45.321205], [-94.031444, 45.321029], [-94.031485, 45.32095], [-94.031527, 45.320901], [-94.031612, 45.320828], [-94.031721, 45.320749], [-94.031789, 45.320718], [-94.031849, 45.320705], [-94.032071, 45.320673], [-94.032182, 45.320672], [-94.032345, 45.320683], [-94.032448, 45.320706], [-94.032868, 45.320744], [-94.033062, 45.320715], [-94.033157, 45.320645], [-94.033358, 45.320426], [-94.033493, 45.320298], [-94.034867, 45.319658], [-94.035147, 45.319498], [-94.035392, 45.319376], [-94.035613, 45.319289], [-94.035767, 45.319245], [-94.036176, 45.319193], [-94.036345, 45.319083], [-94.036379, 45.319035], [-94.036436, 45.318877], [-94.036435, 45.318841], [-94.036556, 45.317965], [-94.036554, 45.317862], [-94.03657, 45.317789], [-94.036635, 45.317602], [-94.036823, 45.317117], [-94.036864, 45.317044], [-94.036931, 45.316953], [-94.037183, 45.316703], [-94.038155, 45.316031], [-94.038231, 45.315988], [-94.03829, 45.315969], [-94.038893, 45.315698], [-94.038995, 45.315643], [-94.039291, 45.315453], [-94.039433, 45.315283], [-94.039458, 45.31524], [-94.039524, 45.315101], [-94.039529, 45.314932], [-94.039458, 45.314763], [-94.03929, 45.314505], [-94.038994, 45.314206], [-94.038751, 45.314021], [-94.038543, 45.313848], [-94.038482, 45.313782], [-94.038438, 45.313716], [-94.038402, 45.313626], [-94.038365, 45.313482], [-94.038324, 45.312667], [-94.038266, 45.311798], [-94.038263, 45.311672], [-94.038266, 45.311358], [-94.038296, 45.311128], [-94.038291, 45.309432], [-94.038297, 45.309311], [-94.038329, 45.30919], [-94.038378, 45.309039], [-94.038411, 45.30899], [-94.038613, 45.308783], [-94.039068, 45.308429], [-94.039195, 45.308343], [-94.039306, 45.308318], [-94.039399, 45.308305], [-94.039476, 45.308305], [-94.039571, 45.308316], [-94.039803, 45.308362], [-94.040431, 45.308604], [-94.040681, 45.308674], [-94.041007, 45.308725], [-94.0414, 45.308716], [-94.041732, 45.30861], [-94.04185, 45.308524], [-94.041975, 45.308372], [-94.042016, 45.308257], [-94.042214, 45.307839], [-94.042404, 45.307481], [-94.042537, 45.307263], [-94.04277, 45.306947], [-94.043081, 45.306618], [-94.043452, 45.306343], [-94.043512, 45.306312], [-94.043767, 45.306255], [-94.043997, 45.306211], [-94.044057, 45.306211], [-94.044562, 45.3062], [-94.044656, 45.306199], [-94.04522, 45.306129], [-94.045585, 45.306058], [-94.045645, 45.306039], [-94.045925, 45.305928], [-94.046231, 45.305822], [-94.046606, 45.305716], [-94.046938, 45.305635], [-94.047168, 45.305597], [-94.047373, 45.305577], [-94.047552, 45.305569], [-94.047792, 45.305567], [-94.048075, 45.30563], [-94.048385, 45.305748], [-94.04861, 45.305891], [-94.048645, 45.305921], [-94.048803, 45.306107], [-94.048829, 45.306149], [-94.048882, 45.306263], [-94.048919, 45.306413], [-94.048973, 45.306564], [-94.049027, 45.306672], [-94.049193, 45.306864], [-94.049271, 45.306929], [-94.049314, 45.306953], [-94.04959, 45.307035], [-94.04982, 45.307033], [-94.04994, 45.307026], [-94.050085, 45.307], [-94.050451, 45.306894], [-94.050502, 45.306876], [-94.050612, 45.306826], [-94.050748, 45.306753], [-94.051036, 45.306648], [-94.051105, 45.306635], [-94.051489, 45.306577], [-94.051642, 45.306569], [-94.051993, 45.306566], [-94.052062, 45.306572], [-94.052139, 45.306589], [-94.0525, 45.306712], [-94.052621, 45.306772], [-94.052725, 45.306837], [-94.052803, 45.306897], [-94.052838, 45.306933], [-94.052891, 45.306999], [-94.05299, 45.3073], [-94.053011, 45.307486], [-94.053004, 45.307559], [-94.05298, 45.307668], [-94.05295, 45.30791], [-94.052909, 45.308441], [-94.052947, 45.308892], [-94.052951, 45.30931], [-94.052943, 45.309364], [-94.052835, 45.309546], [-94.05281, 45.309577], [-94.052675, 45.30965], [-94.052478, 45.309664], [-94.052376, 45.309683], [-94.052325, 45.309702], [-94.052121, 45.309806], [-94.05198, 45.310007], [-94.051947, 45.310086], [-94.051858, 45.310364], [-94.051533, 45.310838], [-94.050954, 45.311447], [-94.050795, 45.311642], [-94.050745, 45.311726], [-94.050663, 45.311902], [-94.050598, 45.31209], [-94.050542, 45.312284], [-94.05048, 45.312646], [-94.050444, 45.313003], [-94.050416, 45.313818], [-94.05027, 45.314254], [-94.05003, 45.314703], [-94.049873, 45.314964], [-94.049807, 45.315103], [-94.049709, 45.315382], [-94.049685, 45.315479], [-94.049686, 45.315527], [-94.049679, 45.315569], [-94.049665, 45.315768], [-94.04967, 45.316052], [-94.049719, 45.31636], [-94.049688, 45.316523], [-94.04953, 45.316814], [-94.049145, 45.317234], [-94.049077, 45.317289], [-94.04874, 45.317552], [-94.048588, 45.317686], [-94.04853, 45.317753], [-94.048439, 45.317941], [-94.048351, 45.318249], [-94.048316, 45.318678], [-94.048219, 45.318975], [-94.048085, 45.319163], [-94.047925, 45.319291], [-94.047773, 45.319389], [-94.047629, 45.319463], [-94.046736, 45.319743], [-94.046292, 45.319819], [-94.046069, 45.319791], [-94.046, 45.319774], [-94.045449, 45.319574], [-94.045174, 45.319486], [-94.044873, 45.319404], [-94.044727, 45.319381], [-94.04453, 45.319365], [-94.044419, 45.319366], [-94.044265, 45.319379], [-94.044154, 45.319398], [-94.044018, 45.319442], [-94.04395, 45.319455], [-94.04338, 45.319677], [-94.043261, 45.319702], [-94.042552, 45.319781], [-94.04227, 45.319837], [-94.041998, 45.319942], [-94.04194, 45.319974], [-94.041906, 45.319998], [-94.041394, 45.320534], [-94.041166, 45.320693], [-94.041014, 45.320815], [-94.040889, 45.320985], [-94.040831, 45.321101], [-94.04079, 45.32121], [-94.040766, 45.321258], [-94.040699, 45.321337], [-94.040631, 45.321374], [-94.040563, 45.321393], [-94.040512, 45.321399], [-94.040339, 45.321341], [-94.040001, 45.321072], [-94.039733, 45.320918], [-94.0395, 45.320805], [-94.039362, 45.320752], [-94.038992, 45.320647], [-94.038863, 45.32063], [-94.038623, 45.320614], [-94.038564, 45.32062], [-94.038513, 45.320639], [-94.038445, 45.320676], [-94.038377, 45.320725], [-94.038226, 45.320877], [-94.037847, 45.321194], [-94.037417, 45.321572], [-94.037158, 45.32187], [-94.036941, 45.322204], [-94.036784, 45.32249], [-94.036743, 45.322593], [-94.036703, 45.322744], [-94.036644, 45.32374], [-94.036628, 45.323807], [-94.036537, 45.324453], [-94.036482, 45.324683], [-94.03624, 45.325054], [-94.035744, 45.325511], [-94.035136, 45.325939], [-94.034975, 45.326037], [-94.034712, 45.32616], [-94.034585, 45.326234], [-94.034281, 45.326448], [-94.034071, 45.326691], [-94.034029, 45.326728], [-94.033251, 45.32726], [-94.032905, 45.327516], [-94.032796, 45.327614], [-94.032712, 45.327705], [-94.032628, 45.327809], [-94.032578, 45.327894], [-94.032423, 45.328299], [-94.032403, 45.328595], [-94.032379, 45.328668], [-94.032177, 45.32934], [-94.032068, 45.329486], [-94.031967, 45.329553], [-94.031781, 45.329694], [-94.031654, 45.329773], [-94.031162, 45.330007], [-94.030839, 45.330125], [-94.030559, 45.330242], [-94.030389, 45.330328], [-94.029755, 45.330732], [-94.029687, 45.330763], [-94.029534, 45.330806], [-94.029371, 45.33082], [-94.029173, 45.33081], [-94.029006, 45.330776]]]}}, {"type": "Feature", "properties": {"depth_ft": 40.0, "lake": "Sugar Lake", "dow": "86023300"}, "geometry": {"type": "Polygon", "coordinates": [[[-94.029182, 45.330425], [-94.029073, 45.330406], [-94.028858, 45.330348], [-94.028357, 45.330117], [-94.028167, 45.329992], [-94.028105, 45.329872], [-94.028107, 45.329851], [-94.028128, 45.329829], [-94.028172, 45.329799], [-94.028366, 45.329676], [-94.028501, 45.329536], [-94.028526, 45.3295], [-94.028632, 45.329215], [-94.028639, 45.329155], [-94.028638, 45.3291], [-94.028663, 45.329052], [-94.028721, 45.328912], [-94.028771, 45.328845], [-94.028846, 45.328766], [-94.028888, 45.32873], [-94.029243, 45.328467], [-94.029344, 45.328376], [-94.029595, 45.328084], [-94.029654, 45.327999], [-94.029839, 45.327804], [-94.029999, 45.327663], [-94.030066, 45.327615], [-94.030108, 45.32759], [-94.030304, 45.327504], [-94.030815, 45.32736], [-94.03129, 45.327145], [-94.031332, 45.32712], [-94.031391, 45.327077], [-94.031492, 45.326986], [-94.031692, 45.326688], [-94.032071, 45.326329], [-94.032252, 45.325959], [-94.032292, 45.325796], [-94.032325, 45.325747], [-94.032485, 45.325571], [-94.033045, 45.325255], [-94.033255, 45.325129], [-94.033601, 45.324836], [-94.033844, 45.324581], [-94.034157, 45.324348], [-94.03436, 45.324214], [-94.034393, 45.324183], [-94.034536, 45.324019], [-94.034617, 45.323801], [-94.034663, 45.323462], [-94.034659, 45.323239], [-94.034663, 45.322992], [-94.034668, 45.322798], [-94.034658, 45.322726], [-94.034647, 45.322599], [-94.034704, 45.322442], [-94.034754, 45.322363], [-94.034855, 45.322254], [-94.035191, 45.321919], [-94.035357, 45.321657], [-94.0356, 45.321402], [-94.035795, 45.321273], [-94.036056, 45.321035], [-94.03619, 45.320871], [-94.036238, 45.320696], [-94.036229, 45.320654], [-94.036211, 45.320612], [-94.036193, 45.320581], [-94.036132, 45.320528], [-94.03608, 45.32051], [-94.036003, 45.320493], [-94.035952, 45.320493], [-94.03579, 45.320507], [-94.03573, 45.320519], [-94.035662, 45.320544], [-94.035509, 45.320612], [-94.035188, 45.320826], [-94.034857, 45.321004], [-94.034748, 45.32109], [-94.034563, 45.321296], [-94.03443, 45.321497], [-94.034339, 45.321691], [-94.03429, 45.32177], [-94.034112, 45.322357], [-94.034087, 45.322405], [-94.033761, 45.322795], [-94.033584, 45.322941], [-94.0335, 45.323026], [-94.033474, 45.323045], [-94.033332, 45.323209], [-94.033064, 45.323555], [-94.032956, 45.323737], [-94.032849, 45.323968], [-94.032096, 45.324904], [-94.031987, 45.325026], [-94.031903, 45.325105], [-94.03132, 45.325533], [-94.030931, 45.325754], [-94.030019, 45.326456], [-94.029759, 45.326718], [-94.029734, 45.326766], [-94.029559, 45.327022], [-94.02936, 45.327355], [-94.029225, 45.327459], [-94.029182, 45.327484], [-94.02897, 45.32757], [-94.028834, 45.327602], [-94.028603, 45.327622], [-94.028552, 45.327622], [-94.02819, 45.327517], [-94.028035, 45.327422], [-94.027956, 45.327344], [-94.027842, 45.327206], [-94.027772, 45.327098], [-94.027701, 45.326954], [-94.027593, 45.326635], [-94.0276, 45.326593], [-94.027597, 45.326424], [-94.027669, 45.326103], [-94.027702, 45.326054], [-94.02777, 45.326018], [-94.027847, 45.326011], [-94.027915, 45.326016], [-94.027992, 45.326034], [-94.028036, 45.326051], [-94.028437, 45.326189], [-94.028724, 45.32625], [-94.028903, 45.326255], [-94.029126, 45.326241], [-94.02933, 45.326185], [-94.029372, 45.326166], [-94.029804, 45.325873], [-94.03004, 45.325695], [-94.030514, 45.325413], [-94.030743, 45.325297], [-94.030819, 45.325248], [-94.030962, 45.32512], [-94.031103, 45.324889], [-94.031176, 45.324659], [-94.031184, 45.324611], [-94.031194, 45.324473], [-94.031223, 45.324381], [-94.031305, 45.324205], [-94.031621, 45.323731], [-94.031696, 45.32358], [-94.031816, 45.32315], [-94.031754, 45.322541], [-94.03173, 45.322161], [-94.031732, 45.321823], [-94.031778, 45.321491], [-94.03181, 45.321394], [-94.03186, 45.321303], [-94.03191, 45.321242], [-94.032011, 45.321144], [-94.032104, 45.321071], [-94.032205, 45.321004], [-94.032452, 45.320923], [-94.032512, 45.320917], [-94.032725, 45.320909], [-94.033145, 45.320923], [-94.033213, 45.320898], [-94.033289, 45.320861], [-94.033348, 45.320825], [-94.033407, 45.320776], [-94.03365, 45.320472], [-94.033726, 45.320411], [-94.033793, 45.320368], [-94.034023, 45.320269], [-94.034336, 45.320067], [-94.034514, 45.319975], [-94.034854, 45.319881], [-94.034905, 45.319875], [-94.035171, 45.319879], [-94.035316, 45.319871], [-94.035649, 45.319832], [-94.036057, 45.319695], [-94.03621, 45.319622], [-94.03626, 45.319579], [-94.03652, 45.319263], [-94.03676, 45.318838], [-94.036808, 45.318669], [-94.036779, 45.31847], [-94.036725, 45.318331], [-94.036715, 45.318253], [-94.036709, 45.317933], [-94.036725, 45.31783], [-94.036765, 45.317715], [-94.037023, 45.317308], [-94.037232, 45.317059], [-94.037401, 45.316937], [-94.037486, 45.316888], [-94.03819, 45.316561], [-94.038376, 45.316439], [-94.038528, 45.316317], [-94.038687, 45.316159], [-94.038973, 45.315848], [-94.039149, 45.315678], [-94.03925, 45.315598], [-94.039614, 45.315378], [-94.04009, 45.31518], [-94.040157, 45.315125], [-94.040199, 45.315076], [-94.040238, 45.314883], [-94.040169, 45.314817], [-94.040143, 45.314811], [-94.040066, 45.3148], [-94.040006, 45.314807], [-94.03987, 45.31485], [-94.039767, 45.314863], [-94.039629, 45.314792], [-94.039488, 45.314552], [-94.039409, 45.31445], [-94.039399, 45.314371], [-94.039395, 45.314148], [-94.039411, 45.314064], [-94.039467, 45.313882], [-94.039582, 45.313615], [-94.039906, 45.313075], [-94.039973, 45.312996], [-94.040082, 45.312892], [-94.040192, 45.312807], [-94.040268, 45.312764], [-94.040752, 45.312542], [-94.040929, 45.312426], [-94.041089, 45.312286], [-94.041189, 45.312158], [-94.041254, 45.31197], [-94.041276, 45.311765], [-94.041256, 45.311578], [-94.041219, 45.311464], [-94.041202, 45.311428], [-94.041045, 45.311272], [-94.040906, 45.311189], [-94.04082, 45.311153], [-94.040562, 45.311071], [-94.040319, 45.311051], [-94.040168, 45.311093], [-94.040019, 45.311206], [-94.039521, 45.311654], [-94.03914, 45.311899], [-94.039057, 45.312027], [-94.038974, 45.31219], [-94.038934, 45.312305], [-94.03891, 45.312426], [-94.038904, 45.312571], [-94.038943, 45.312818], [-94.03908, 45.313288], [-94.039058, 45.313481], [-94.039016, 45.31356], [-94.038991, 45.313597], [-94.038924, 45.313645], [-94.038873, 45.31367], [-94.038822, 45.313689], [-94.038736, 45.313689], [-94.038606, 45.31357], [-94.03858, 45.313534], [-94.038553, 45.31348], [-94.038459, 45.313028], [-94.038429, 45.312805], [-94.038437, 45.311821], [-94.038402, 45.311314], [-94.038399, 45.311145], [-94.038472, 45.309998], [-94.038466, 45.30963], [-94.038481, 45.309557], [-94.038538, 45.309369], [-94.038703, 45.309072], [-94.038762, 45.308999], [-94.038871, 45.30889], [-94.039275, 45.308542], [-94.039402, 45.308456], [-94.039445, 45.308438], [-94.039547, 45.308437], [-94.039659, 45.308448], [-94.039848, 45.308488], [-94.039968, 45.308523], [-94.040373, 45.308689], [-94.040529, 45.308784], [-94.040598, 45.308819], [-94.040641, 45.308837], [-94.040881, 45.308889], [-94.040958, 45.308889], [-94.041326, 45.308849], [-94.041649, 45.30878], [-94.041887, 45.308693], [-94.042048, 45.308601], [-94.042208, 45.308437], [-94.042264, 45.308261], [-94.04237, 45.307988], [-94.042428, 45.307867], [-94.042628, 45.307558], [-94.042703, 45.307478], [-94.042905, 45.307283], [-94.043091, 45.307179], [-94.043151, 45.30716], [-94.043406, 45.307092], [-94.0435, 45.307079], [-94.043551, 45.307066], [-94.04373, 45.30704], [-94.044063, 45.307019], [-94.0442, 45.306994], [-94.044455, 45.306919], [-94.044557, 45.306876], [-94.044685, 45.306839], [-94.045017, 45.306799], [-94.045854, 45.306731], [-94.04646, 45.306617], [-94.046604, 45.30658], [-94.046681, 45.306573], [-94.046733, 45.306578], [-94.046861, 45.306601], [-94.046939, 45.306625], [-94.047137, 45.306726], [-94.047709, 45.307119], [-94.048141, 45.30735], [-94.048684, 45.307556], [-94.049027, 45.307626], [-94.049147, 45.307637], [-94.04925, 45.307636], [-94.049455, 45.307622], [-94.04971, 45.307565], [-94.049855, 45.30754], [-94.049983, 45.307526], [-94.050377, 45.307523], [-94.050471, 45.307546], [-94.050575, 45.307581], [-94.051163, 45.307932], [-94.051423, 45.308099], [-94.051752, 45.308337], [-94.052069, 45.308633], [-94.052206, 45.308822], [-94.052251, 45.30893], [-94.05226, 45.308984], [-94.052221, 45.309172], [-94.052096, 45.309342], [-94.052012, 45.309421], [-94.05191, 45.309494], [-94.051684, 45.309756], [-94.051626, 45.309847], [-94.051568, 45.309968], [-94.051432, 45.310453], [-94.051324, 45.310629], [-94.051114, 45.310866], [-94.050862, 45.311067], [-94.050702, 45.311208], [-94.05061, 45.311329], [-94.050443, 45.31156], [-94.050361, 45.311748], [-94.050344, 45.311772], [-94.050239, 45.312117], [-94.050185, 45.312438], [-94.050163, 45.312619], [-94.050173, 45.312667], [-94.050146, 45.313078], [-94.049983, 45.313508], [-94.049668, 45.31406], [-94.049543, 45.314242], [-94.04945, 45.314322], [-94.049127, 45.314433], [-94.048939, 45.314453], [-94.048785, 45.314449], [-94.048365, 45.314392], [-94.048279, 45.314363], [-94.04815, 45.314328], [-94.047463, 45.314201], [-94.047009, 45.314151], [-94.046975, 45.314145], [-94.046555, 45.314125], [-94.04629, 45.31414], [-94.046085, 45.314172], [-94.045753, 45.314235], [-94.045574, 45.314285], [-94.044603, 45.314481], [-94.04445, 45.314555], [-94.044333, 45.314707], [-94.044184, 45.314968], [-94.043773, 45.315406], [-94.043747, 45.315424], [-94.043522, 45.315722], [-94.043447, 45.315856], [-94.042895, 45.316561], [-94.042845, 45.316604], [-94.042173, 45.317292], [-94.042115, 45.317407], [-94.042075, 45.317522], [-94.042051, 45.317625], [-94.042118, 45.317998], [-94.042197, 45.318131], [-94.042279, 45.318395], [-94.042277, 45.318764], [-94.042153, 45.319006], [-94.04212, 45.319055], [-94.041994, 45.319183], [-94.04191, 45.31925], [-94.041389, 45.31949], [-94.041282, 45.319551], [-94.041231, 45.319588], [-94.040989, 45.319916], [-94.040914, 45.319989], [-94.040871, 45.32002], [-94.040761, 45.320087], [-94.040702, 45.320118], [-94.040507, 45.320198], [-94.040396, 45.320229], [-94.040157, 45.320268], [-94.039242, 45.320276], [-94.038943, 45.320291], [-94.038832, 45.32031], [-94.038798, 45.32031], [-94.038721, 45.320317], [-94.038644, 45.320336], [-94.038517, 45.320379], [-94.03828, 45.32052], [-94.038221, 45.320569], [-94.038111, 45.320679], [-94.037885, 45.320964], [-94.037682, 45.321069], [-94.037623, 45.321094], [-94.037546, 45.321118], [-94.037469, 45.321131], [-94.037393, 45.321156], [-94.037299, 45.321199], [-94.037105, 45.321322], [-94.036844, 45.321578], [-94.036619, 45.321881], [-94.036427, 45.322179], [-94.036378, 45.322282], [-94.036306, 45.322554], [-94.03628, 45.323478], [-94.036232, 45.324142], [-94.036208, 45.324215], [-94.03609, 45.324796], [-94.035874, 45.325142], [-94.035832, 45.325196], [-94.035336, 45.325666], [-94.034887, 45.325923], [-94.034828, 45.325942], [-94.034692, 45.325997], [-94.034412, 45.326163], [-94.034277, 45.326261], [-94.033873, 45.326632], [-94.033441, 45.326872], [-94.033084, 45.32702], [-94.03294, 45.327094], [-94.032822, 45.327167], [-94.032637, 45.327332], [-94.032536, 45.327435], [-94.032352, 45.32769], [-94.032269, 45.32783], [-94.032064, 45.328321], [-94.031967, 45.328617], [-94.031683, 45.328982], [-94.031041, 45.329453], [-94.03071, 45.329637], [-94.030676, 45.329649], [-94.030558, 45.329705], [-94.030304, 45.329882], [-94.029917, 45.330272], [-94.029867, 45.330314], [-94.029603, 45.330413], [-94.029451, 45.330437], [-94.029299, 45.330438], [-94.029182, 45.330425]]]}}, {"type": "Feature", "properties": {"depth_ft": 20.0, "lake": "Sugar Lake", "dow": "86023300"}, "geometry": {"type": "Polygon", "coordinates": [[[-94.0453, 45.315913], [-94.045263, 45.31596], [-94.04523, 45.316039], [-94.045215, 45.316129], [-94.045224, 45.316196], [-94.04526, 45.316274], [-94.045295, 45.316316], [-94.045475, 45.316344], [-94.045569, 45.316331], [-94.045629, 45.316319], [-94.04573, 45.316269], [-94.045907, 45.316075], [-94.045905, 45.315973], [-94.045826, 45.315876], [-94.04576, 45.315839], [-94.045628, 45.315813], [-94.045524, 45.315822], [-94.045425, 45.315834], [-94.0453, 45.315913]]]}}, {"type": "Feature", "properties": {"depth_ft": 30.0, "lake": "Sugar Lake", "dow": "86023300"}, "geometry": {"type": "Polygon", "coordinates": [[[-94.045761, 45.314992], [-94.045551, 45.314907], [-94.045431, 45.314872], [-94.045337, 45.314854], [-94.045199, 45.314838], [-94.045157, 45.314844], [-94.045106, 45.314863], [-94.045055, 45.314887], [-94.045021, 45.314918], [-94.044996, 45.314954], [-94.044881, 45.315203], [-94.044856, 45.315239], [-94.044747, 45.315367], [-94.044553, 45.315501], [-94.044214, 45.315692], [-94.044011, 45.315814], [-94.043995, 45.315869], [-94.043996, 45.315923], [-94.044074, 45.315965], [-94.044142, 45.31597], [-94.044519, 45.315967], [-94.044613, 45.315978], [-94.044734, 45.316031], [-94.044786, 45.316079], [-94.044987, 45.316288], [-94.045038, 45.316324], [-94.045202, 45.316401], [-94.045478, 45.316471], [-94.045555, 45.31647], [-94.045674, 45.316463], [-94.045921, 45.316394], [-94.046099, 45.316302], [-94.046158, 45.316247], [-94.046241, 45.316144], [-94.0463, 45.316083], [-94.046462, 45.316039], [-94.046616, 45.316062], [-94.046754, 45.316097], [-94.046849, 45.316132], [-94.046909, 45.316162], [-94.046953, 45.316198], [-94.046996, 45.316222], [-94.04716, 45.316292], [-94.047383, 45.316351], [-94.047495, 45.316362], [-94.047777, 45.316353], [-94.048142, 45.316229], [-94.048397, 45.3161], [-94.048456, 45.316057], [-94.048496, 45.315942], [-94.048487, 45.315924], [-94.048418, 45.315877], [-94.048392, 45.315871], [-94.048247, 45.315854], [-94.04817, 45.315855], [-94.047914, 45.315899], [-94.047213, 45.315936], [-94.047161, 45.31593], [-94.047093, 45.315919], [-94.046826, 45.315837], [-94.04648, 45.315623], [-94.046298, 45.315492], [-94.046054, 45.315228], [-94.045761, 45.314992]]]}}, {"type": "Feature", "properties": {"depth_ft": 40.0, "lake": "Sugar Lake", "dow": "86023300"}, "geometry": {"type": "Polygon", "coordinates": [[[-94.04275, 45.314484], [-94.042626, 45.314457], [-94.042506, 45.31444], [-94.042395, 45.314435], [-94.042301, 45.314448], [-94.042156, 45.314479], [-94.041986, 45.314529], [-94.041706, 45.314658], [-94.041427, 45.314878], [-94.041335, 45.31497], [-94.04126, 45.315061], [-94.041103, 45.315358], [-94.041073, 45.3156], [-94.041068, 45.315799], [-94.041069, 45.315889], [-94.041088, 45.31598], [-94.041142, 45.31613], [-94.041196, 45.316244], [-94.041266, 45.31634], [-94.041344, 45.316424], [-94.041405, 45.316472], [-94.041448, 45.316496], [-94.041638, 45.316566], [-94.041827, 45.316607], [-94.041895, 45.316612], [-94.042057, 45.31655], [-94.042333, 45.316192], [-94.0424, 45.316119], [-94.042728, 45.315832], [-94.042828, 45.315704], [-94.042971, 45.315564], [-94.04313, 45.315333], [-94.04322, 45.315151], [-94.043233, 45.314928], [-94.043215, 45.31485], [-94.043031, 45.314628], [-94.042883, 45.314522], [-94.04275, 45.314484]]]}}, {"type": "Feature", "properties": {"depth_ft": 30.0, "lake": "Sugar Lake", "dow": "86023300"}, "geometry": {"type": "Polygon", "coordinates": [[[-94.04218, 45.314765], [-94.042016, 45.314776], [-94.041837, 45.314808], [-94.041649, 45.314852], [-94.041615, 45.31487], [-94.041497, 45.314956], [-94.04143, 45.315017], [-94.041371, 45.315084], [-94.041313, 45.315175], [-94.041239, 45.315327], [-94.041198, 45.315448], [-94.04117, 45.315792], [-94.041182, 45.315955], [-94.0412, 45.316003], [-94.041244, 45.316069], [-94.041322, 45.316135], [-94.041391, 45.316188], [-94.041588, 45.316174], [-94.041698, 45.316125], [-94.041775, 45.316082], [-94.041977, 45.315929], [-94.042094, 45.315802], [-94.042353, 45.315455], [-94.042444, 45.315279], [-94.042501, 45.315098], [-94.042489, 45.314905], [-94.042457, 45.314859], [-94.042421, 45.314817], [-94.042333, 45.314778], [-94.042241, 45.314765], [-94.04218, 45.314765]]]}}, {"type": "Feature", "properties": {"depth_ft": 20.0, "lake": "Sugar Lake", "dow": "86023300"}, "geometry": {"type": "Polygon", "coordinates": [[[-94.041823, 45.314987], [-94.041711, 45.314966], [-94.0416, 45.314955], [-94.041507, 45.314998], [-94.041457, 45.315083], [-94.041399, 45.315222], [-94.041311, 45.315549], [-94.04133, 45.315652], [-94.041357, 45.3157], [-94.041409, 45.315754], [-94.04147, 45.315789], [-94.04153, 45.315807], [-94.041718, 45.315787], [-94.041904, 45.315658], [-94.042061, 45.315397], [-94.042069, 45.315349], [-94.042068, 45.315313], [-94.042025, 45.315193], [-94.041906, 45.315037], [-94.041823, 45.314987]]]}}, {"type": "Feature", "properties": {"depth_ft": 50.0, "lake": "Sugar Lake", "dow": "86023300"}, "geometry": {"type": "Polygon", "coordinates": [[[-94.041151, 45.313206], [-94.041063, 45.313222], [-94.04097, 45.313247], [-94.040893, 45.313283], [-94.040851, 45.313308], [-94.040759, 45.313413], [-94.040698, 45.313541], [-94.040613, 45.313847], [-94.040589, 45.313956], [-94.04045, 45.314748], [-94.040393, 45.314924], [-94.040265, 45.315396], [-94.040258, 45.315474], [-94.040267, 45.315516], [-94.040312, 45.315619], [-94.040347, 45.315673], [-94.040459, 45.315702], [-94.040612, 45.315688], [-94.040782, 45.315596], [-94.04123, 45.314856], [-94.041454, 45.314449], [-94.041552, 45.314195], [-94.041602, 45.314122], [-94.041699, 45.31385], [-94.041729, 45.313608], [-94.041729, 45.313572], [-94.041701, 45.313463], [-94.041665, 45.313391], [-94.041595, 45.313313], [-94.041464, 45.313228], [-94.041297, 45.313202], [-94.041151, 45.313206]]]}}, {"type": "Feature", "properties": {"depth_ft": 50.0, "lake": "Sugar Lake", "dow": "86023300"}, "geometry": {"type": "Polygon", "coordinates": [[[-94.043003, 45.308318], [-94.043008, 45.308218], [-94.043106, 45.307982], [-94.043231, 45.307787], [-94.043356, 45.307623], [-94.043491, 45.307501], [-94.0436, 45.307422], [-94.043685, 45.307373], [-94.043779, 45.307348], [-94.043864, 45.307359], [-94.043899, 45.307371], [-94.043959, 45.307401], [-94.04402, 45.307436], [-94.044133, 45.307556], [-94.044153, 45.307731], [-94.044079, 45.307876], [-94.044046, 45.307925], [-94.043928, 45.308016], [-94.04386, 45.308059], [-94.043759, 45.308139], [-94.043675, 45.308218], [-94.04349, 45.308425], [-94.043414, 45.30847], [-94.043317, 45.308476], [-94.043182, 45.30847], [-94.043122, 45.30846], [-94.043073, 45.308444], [-94.043042, 45.308423], [-94.043016, 45.308395], [-94.043008, 45.308363], [-94.043003, 45.308318]]]}}, {"type": "Feature", "properties": {"depth_ft": 50.0, "lake": "Sugar Lake", "dow": "86023300"}, "geometry": {"type": "Polygon", "coordinates": [[[-94.043467, 45.309325], [-94.043363, 45.309404], [-94.043279, 45.309489], [-94.043195, 45.309593], [-94.043179, 45.309641], [-94.043139, 45.309792], [-94.04314, 45.309834], [-94.043169, 45.310039], [-94.04317, 45.3101], [-94.043147, 45.310203], [-94.043065, 45.310427], [-94.043049, 45.310451], [-94.042872, 45.310634], [-94.042485, 45.310945], [-94.0424, 45.311006], [-94.041926, 45.311264], [-94.041858, 45.311307], [-94.041691, 45.311508], [-94.041634, 45.311677], [-94.041627, 45.311756], [-94.041637, 45.311822], [-94.041706, 45.311894], [-94.041964, 45.311928], [-94.042006, 45.311921], [-94.042322, 45.311894], [-94.042356, 45.311888], [-94.042536, 45.311868], [-94.042979, 45.311767], [-94.043242, 45.311662], [-94.043394, 45.311577], [-94.043629, 45.311339], [-94.043748, 45.311247], [-94.043883, 45.311162], [-94.044579, 45.310854], [-94.04496, 45.310633], [-94.045061, 45.310553], [-94.04512, 45.310498], [-94.045245, 45.31034], [-94.045317, 45.310056], [-94.045316, 45.310026], [-94.045253, 45.309863], [-94.045236, 45.309833], [-94.044983, 45.309558], [-94.044627, 45.309284], [-94.044515, 45.30923], [-94.044429, 45.309201], [-94.044274, 45.30916], [-94.044188, 45.309149], [-94.044034, 45.309138], [-94.043983, 45.309145], [-94.043821, 45.309176], [-94.043778, 45.309195], [-94.043467, 45.309325]]]}}, {"type": "Feature", "properties": {"depth_ft": 20.0, "lake": "Sugar Lake", "dow": "86023300"}, "geometry": {"type": "Polygon", "coordinates": [[[-94.04014, 45.311703], [-94.040061, 45.311746], [-94.039953, 45.31191], [-94.039713, 45.312328], [-94.039556, 45.312644], [-94.039548, 45.312692], [-94.039601, 45.312758], [-94.03972, 45.312739], [-94.039906, 45.312616], [-94.040553, 45.311983], [-94.040593, 45.311921], [-94.040591, 45.311831], [-94.040562, 45.311757], [-94.040484, 45.311688], [-94.040339, 45.311681], [-94.04014, 45.311703]]]}}, {"type": "Feature", "properties": {"depth_ft": 30.0, "lake": "Sugar Lake", "dow": "86023300"}, "geometry": {"type": "Polygon", "coordinates": [[[-94.040486, 45.311243], [-94.040386, 45.311272], [-94.040318, 45.311303], [-94.040242, 45.311352], [-94.040032, 45.311565], [-94.039974, 45.311644], [-94.039708, 45.312099], [-94.039593, 45.31233], [-94.039378, 45.312772], [-94.039371, 45.312839], [-94.039339, 45.312935], [-94.039315, 45.313038], [-94.039359, 45.313128], [-94.039387, 45.313203], [-94.039431, 45.313214], [-94.03947, 45.313206], [-94.039568, 45.313135], [-94.040104, 45.312681], [-94.040475, 45.312412], [-94.04072, 45.312223], [-94.040754, 45.312192], [-94.040904, 45.312004], [-94.041011, 45.311773], [-94.041039, 45.311579], [-94.041031, 45.311474], [-94.040992, 45.311416], [-94.040913, 45.311354], [-94.040812, 45.3113], [-94.040656, 45.311243], [-94.040595, 45.311236], [-94.040486, 45.311243]]]}}, {"type": "Feature", "properties": {"depth_ft": 50.0, "lake": "Sugar Lake", "dow": "86023300"}, "geometry": {"type": "Polygon", "coordinates": [[[-94.039182, 45.309186], [-94.039194, 45.309249], [-94.03923, 45.309333], [-94.039265, 45.309381], [-94.039413, 45.309506], [-94.039456, 45.30953], [-94.03956, 45.309577], [-94.039628, 45.309601], [-94.039774, 45.30963], [-94.040023, 45.309652], [-94.040505, 45.309695], [-94.04142, 45.309814], [-94.041497, 45.309819], [-94.041607, 45.309746], [-94.041598, 45.309704], [-94.04158, 45.309668], [-94.041545, 45.309614], [-94.041397, 45.309488], [-94.040557, 45.30891], [-94.040281, 45.30878], [-94.040195, 45.308751], [-94.040023, 45.308722], [-94.039894, 45.308711], [-94.039792, 45.308724], [-94.03963, 45.308756], [-94.039528, 45.308787], [-94.039325, 45.308891], [-94.039274, 45.308946], [-94.039211, 45.309042], [-94.039185, 45.309132], [-94.039182, 45.309186]]]}}, {"type": "Feature", "properties": {"depth_ft": 60.0, "lake": "Sugar Lake", "dow": "86023300"}, "geometry": {"type": "Polygon", "coordinates": [[[-94.036973, 45.31943], [-94.036822, 45.319435], [-94.036754, 45.319466], [-94.036712, 45.319496], [-94.036453, 45.319807], [-94.036241, 45.319941], [-94.036038, 45.320034], [-94.035703, 45.320143], [-94.035663, 45.320168], [-94.03567, 45.320201], [-94.035793, 45.320253], [-94.035957, 45.3203], [-94.036351, 45.320321], [-94.036428, 45.320308], [-94.036606, 45.320264], [-94.0367, 45.320215], [-94.037154, 45.319776], [-94.037279, 45.319612], [-94.037311, 45.319524], [-94.03731, 45.319481], [-94.037255, 45.319447], [-94.036973, 45.31943]]]}}, {"type": "Feature", "properties": {"depth_ft": 50.0, "lake": "Sugar Lake", "dow": "86023300"}, "geometry": {"type": "Polygon", "coordinates": [[[-94.037658, 45.319004], [-94.037414, 45.319025], [-94.037286, 45.319057], [-94.03709, 45.319119], [-94.036854, 45.319272], [-94.036356, 45.319675], [-94.036238, 45.31976], [-94.035627, 45.320013], [-94.03538, 45.320094], [-94.035082, 45.320205], [-94.035041, 45.320272], [-94.035059, 45.320302], [-94.035093, 45.320332], [-94.035385, 45.320359], [-94.035461, 45.320347], [-94.035598, 45.320339], [-94.035846, 45.320343], [-94.035992, 45.32036], [-94.036241, 45.320406], [-94.036594, 45.320536], [-94.036928, 45.320563], [-94.037039, 45.320538], [-94.037124, 45.320501], [-94.037533, 45.31996], [-94.037803, 45.31971], [-94.038072, 45.319472], [-94.038106, 45.319429], [-94.038147, 45.319363], [-94.038164, 45.319326], [-94.038171, 45.319272], [-94.03817, 45.319236], [-94.038118, 45.319164], [-94.037981, 45.319054], [-94.03783, 45.319007], [-94.037658, 45.319004]]]}}, {"type": "Feature", "properties": {"depth_ft": 10.0, "lake": "Sugar Lake", "dow": "86023300"}, "geometry": {"type": "Polygon", "coordinates": [[[-94.034294, 45.318633], [-94.034275, 45.318601], [-94.034248, 45.318541], [-94.034264, 45.318462], [-94.034305, 45.318365], [-94.034346, 45.318311], [-94.034422, 45.318237], [-94.03449, 45.318183], [-94.034549, 45.318152], [-94.034668, 45.318102], [-94.034753, 45.318084], [-94.034915, 45.318064], [-94.035009, 45.318057], [-94.035086, 45.318062], [-94.035155, 45.31808], [-94.035301, 45.318133], [-94.035345, 45.318163], [-94.035432, 45.318234], [-94.035435, 45.318403], [-94.035401, 45.318452], [-94.035351, 45.318507], [-94.035224, 45.318574], [-94.035139, 45.318611], [-94.034867, 45.318692], [-94.03461, 45.318719], [-94.034455, 45.318714], [-94.034342, 45.318665], [-94.034294, 45.318633]]]}}, {"type": "Feature", "properties": {"depth_ft": 15.0, "lake": "Sugar Lake", "dow": "86023300"}, "geometry": {"type": "Polygon", "coordinates": [[[-94.034479, 45.318403], [-94.034501, 45.318351], [-94.034569, 45.318296], [-94.034619, 45.318272], [-94.034705, 45.318247], [-94.034875, 45.318209], [-94.034977, 45.318196], [-94.035046, 45.318208], [-94.035192, 45.318249], [-94.035262, 45.318296], [-94.035267, 45.3184], [-94.035213, 45.31846], [-94.034847, 45.318566], [-94.034694, 45.318597], [-94.034606, 45.318592], [-94.034546, 45.318576], [-94.034498, 45.318519], [-94.03448, 45.318461], [-94.034479, 45.318403]]]}}, {"type": "Feature", "properties": {"depth_ft": 60.0, "lake": "Sugar Lake", "dow": "86023300"}, "geometry": {"type": "Polygon", "coordinates": [[[-94.032541, 45.321483], [-94.032524, 45.321605], [-94.032535, 45.321733], [-94.032587, 45.321797], [-94.03269, 45.321784], [-94.032781, 45.32162], [-94.032779, 45.321494], [-94.032743, 45.321418], [-94.032703, 45.32141], [-94.032647, 45.32141], [-94.032585, 45.321427], [-94.032552, 45.321447], [-94.032541, 45.321483]]]}}, {"type": "Feature", "properties": {"depth_ft": 50.0, "lake": "Sugar Lake", "dow": "86023300"}, "geometry": {"type": "Polygon", "coordinates": [[[-94.032602, 45.32236], [-94.032568, 45.322135], [-94.032406, 45.321684], [-94.032219, 45.321426], [-94.032229, 45.321355], [-94.032273, 45.321267], [-94.032346, 45.321226], [-94.032405, 45.321201], [-94.032542, 45.321176], [-94.032653, 45.321169], [-94.032858, 45.321167], [-94.033116, 45.321201], [-94.033356, 45.321253], [-94.033588, 45.321317], [-94.033657, 45.321347], [-94.033761, 45.321406], [-94.033839, 45.32146], [-94.033962, 45.321664], [-94.033967, 45.321905], [-94.033959, 45.321942], [-94.033926, 45.322027], [-94.033792, 45.322179], [-94.033581, 45.322313], [-94.033462, 45.322363], [-94.033181, 45.32245], [-94.033003, 45.322518], [-94.032935, 45.322555], [-94.032794, 45.322671], [-94.032732, 45.322676], [-94.032692, 45.32266], [-94.032663, 45.322613], [-94.032602, 45.32236]]]}}, {"type": "Feature", "properties": {"depth_ft": 20.0, "lake": "Sugar Lake", "dow": "86023300"}, "geometry": {"type": "Polygon", "coordinates": [[[-94.034587, 45.321711], [-94.034712, 45.321494], [-94.034813, 45.321367], [-94.03493, 45.321245], [-94.035649, 45.320774], [-94.03581, 45.320682], [-94.035895, 45.320675], [-94.035912, 45.320708], [-94.035887, 45.320774], [-94.035785, 45.320893], [-94.035467, 45.321125], [-94.035163, 45.321315], [-94.035112, 45.321382], [-94.034852, 45.321668], [-94.034802, 45.321735], [-94.034794, 45.321753], [-94.034734, 45.32183], [-94.034662, 45.321864], [-94.034625, 45.321868], [-94.034578, 45.321858], [-94.034562, 45.321817], [-94.034566, 45.321762], [-94.034587, 45.321711]]]}}, {"type": "Feature", "properties": {"depth_ft": 30.0, "lake": "Sugar Lake", "dow": "86023300"}, "geometry": {"type": "Polygon", "coordinates": [[[-94.034583, 45.321499], [-94.034359, 45.321976], [-94.034281, 45.322216], [-94.034175, 45.322513], [-94.033815, 45.322981], [-94.033664, 45.323127], [-94.033555, 45.323255], [-94.033222, 45.323741], [-94.033131, 45.323911], [-94.03309, 45.324032], [-94.0329, 45.324378], [-94.032866, 45.32442], [-94.032169, 45.325169], [-94.032034, 45.325261], [-94.031835, 45.325589], [-94.031734, 45.325698], [-94.031557, 45.325851], [-94.031347, 45.326046], [-94.031221, 45.326204], [-94.031062, 45.326356], [-94.030808, 45.326503], [-94.030493, 45.326645], [-94.030181, 45.326865], [-94.030012, 45.327011], [-94.029659, 45.327347], [-94.029222, 45.327797], [-94.029087, 45.327865], [-94.028882, 45.327933], [-94.028738, 45.327965], [-94.028575, 45.32799], [-94.028345, 45.328034], [-94.028303, 45.328083], [-94.028287, 45.32815], [-94.028375, 45.328264], [-94.02853, 45.32834], [-94.028707, 45.328369], [-94.028814, 45.328368], [-94.028915, 45.32835], [-94.029247, 45.328195], [-94.029835, 45.327623], [-94.029937, 45.327561], [-94.030249, 45.327335], [-94.030869, 45.327082], [-94.031241, 45.326831], [-94.031418, 45.326655], [-94.032036, 45.325816], [-94.032145, 45.325694], [-94.032237, 45.325615], [-94.032845, 45.325145], [-94.032879, 45.325114], [-94.033113, 45.324829], [-94.033121, 45.32481], [-94.033438, 45.324349], [-94.03348, 45.324276], [-94.033546, 45.324185], [-94.033588, 45.324148], [-94.033664, 45.324093], [-94.033749, 45.324044], [-94.034148, 45.323872], [-94.034275, 45.323768], [-94.03435, 45.323671], [-94.034391, 45.323586], [-94.034459, 45.323096], [-94.034471, 45.322342], [-94.034554, 45.322196], [-94.034646, 45.322068], [-94.03504, 45.32166], [-94.035065, 45.321624], [-94.035141, 45.321539], [-94.035234, 45.321459], [-94.035343, 45.32138], [-94.035614, 45.321214], [-94.035808, 45.321062], [-94.035993, 45.320873], [-94.036024, 45.320686], [-94.035962, 45.32059], [-94.035893, 45.320578], [-94.035834, 45.320585], [-94.035783, 45.320603], [-94.035715, 45.32064], [-94.035326, 45.320903], [-94.034936, 45.321118], [-94.034843, 45.321179], [-94.034601, 45.321477], [-94.034583, 45.321499]]]}}, {"type": "Feature", "properties": {"depth_ft": 20.0, "lake": "Sugar Lake", "dow": "86023300"}, "geometry": {"type": "Polygon", "coordinates": [[[-94.033498, 45.32372], [-94.033552, 45.323575], [-94.033594, 45.323508], [-94.033695, 45.323411], [-94.033754, 45.323368], [-94.033839, 45.323349], [-94.03389, 45.323343], [-94.033925, 45.323361], [-94.033977, 45.323396], [-94.033995, 45.323438], [-94.033887, 45.323639], [-94.033862, 45.323669], [-94.033736, 45.323779], [-94.033671, 45.323811], [-94.033595, 45.32382], [-94.033528, 45.323815], [-94.033495, 45.323785], [-94.033495, 45.323754], [-94.033498, 45.32372]]]}}, {"type": "Feature", "properties": {"depth_ft": 20.0, "lake": "Sugar Lake", "dow": "86023300"}, "geometry": {"type": "Polygon", "coordinates": [[[-94.032354, 45.325283], [-94.032274, 45.325417], [-94.032293, 45.325446], [-94.032371, 45.325438], [-94.032421, 45.325415], [-94.032575, 45.325272], [-94.03264, 45.325189], [-94.032631, 45.325147], [-94.032568, 45.325155], [-94.032468, 45.325188], [-94.032395, 45.325228], [-94.032354, 45.325283]]]}}, {"type": "Feature", "properties": {"depth_ft": 20.0, "lake": "Sugar Lake", "dow": "86023300"}, "geometry": {"type": "Polygon", "coordinates": [[[-94.03012, 45.327158], [-94.030193, 45.327088], [-94.030447, 45.326905], [-94.031233, 45.326373], [-94.031309, 45.326306], [-94.031502, 45.326081], [-94.031661, 45.325916], [-94.031712, 45.325879], [-94.031805, 45.325848], [-94.03181, 45.325888], [-94.031778, 45.325973], [-94.031306, 45.326601], [-94.031129, 45.32676], [-94.030935, 45.326907], [-94.030358, 45.327201], [-94.030236, 45.327242], [-94.030142, 45.327267], [-94.030102, 45.327258], [-94.030081, 45.32722], [-94.03008, 45.327196], [-94.03012, 45.327158]]]}}, {"type": "Feature", "properties": {"depth_ft": 50.0, "lake": "Sugar Lake", "dow": "86023300"}, "geometry": {"type": "Polygon", "coordinates": [[[-94.034238, 45.325021], [-94.03401, 45.325195], [-94.033951, 45.325256], [-94.033776, 45.325535], [-94.033449, 45.325906], [-94.033111, 45.326108], [-94.032712, 45.326287], [-94.032595, 45.326433], [-94.032553, 45.3265], [-94.032545, 45.326536], [-94.032547, 45.326632], [-94.032571, 45.326699], [-94.03265, 45.326753], [-94.032789, 45.326775], [-94.032883, 45.326768], [-94.033241, 45.326662], [-94.033283, 45.326644], [-94.033461, 45.32654], [-94.033486, 45.326515], [-94.033764, 45.326283], [-94.033798, 45.326241], [-94.034059, 45.326015], [-94.03411, 45.325991], [-94.034465, 45.325782], [-94.034719, 45.325659], [-94.034872, 45.325549], [-94.034943, 45.325418], [-94.034952, 45.325253], [-94.034812, 45.325073], [-94.034717, 45.32502], [-94.03455, 45.324978], [-94.03443, 45.324979], [-94.034305, 45.324991], [-94.034238, 45.325021]]]}}, {"type": "Feature", "properties": {"depth_ft": 60.0, "lake": "Sugar Lake", "dow": "86023300"}, "geometry": {"type": "Polygon", "coordinates": [[[-94.027984, 45.326832], [-94.027999, 45.326897], [-94.028026, 45.326957], [-94.028095, 45.326992], [-94.028164, 45.327022], [-94.028275, 45.327032], [-94.028378, 45.327031], [-94.028441, 45.327019], [-94.028515, 45.326965], [-94.028536, 45.32688], [-94.028494, 45.326779], [-94.028396, 45.326723], [-94.028292, 45.326704], [-94.028154, 45.326701], [-94.028068, 45.326718], [-94.028006, 45.326755], [-94.027984, 45.326832]]]}}, {"type": "Feature", "properties": {"depth_ft": 50.0, "lake": "Sugar Lake", "dow": "86023300"}, "geometry": {"type": "Polygon", "coordinates": [[[-94.027771, 45.326478], [-94.027702, 45.326549], [-94.027686, 45.326592], [-94.027679, 45.326664], [-94.027696, 45.326778], [-94.027779, 45.326927], [-94.027901, 45.327028], [-94.028174, 45.327143], [-94.028422, 45.327213], [-94.02856, 45.32722], [-94.028703, 45.327194], [-94.028811, 45.327129], [-94.028913, 45.327031], [-94.028929, 45.326953], [-94.028921, 45.326836], [-94.028884, 45.326707], [-94.028779, 45.326607], [-94.028645, 45.326531], [-94.028305, 45.326461], [-94.028109, 45.326443], [-94.027914, 45.326444], [-94.027845, 45.326453], [-94.027771, 45.326478]]]}}, {"type": "Feature", "properties": {"depth_ft": 60.0, "lake": "Sugar Lake", "dow": "86023300"}, "geometry": {"type": "Polygon", "coordinates": [[[-94.029815, 45.328444], [-94.029806, 45.328377], [-94.029822, 45.328299], [-94.029948, 45.328165], [-94.030126, 45.328061], [-94.030177, 45.32806], [-94.030246, 45.328096], [-94.030282, 45.328139], [-94.0303, 45.328194], [-94.030284, 45.32825], [-94.030243, 45.328294], [-94.029981, 45.328457], [-94.029911, 45.328475], [-94.029849, 45.328473], [-94.029819, 45.328462], [-94.029815, 45.328444]]]}}, {"type": "Feature", "properties": {"depth_ft": 50.0, "lake": "Sugar Lake", "dow": "86023300"}, "geometry": {"type": "Polygon", "coordinates": [[[-94.030851, 45.327722], [-94.030743, 45.327669], [-94.030649, 45.327652], [-94.03058, 45.327652], [-94.030512, 45.327659], [-94.03041, 45.327684], [-94.030146, 45.327759], [-94.03001, 45.327832], [-94.029976, 45.327863], [-94.029884, 45.32793], [-94.029833, 45.327979], [-94.029716, 45.328143], [-94.029658, 45.328246], [-94.029625, 45.328319], [-94.02962, 45.328512], [-94.029612, 45.32853], [-94.029613, 45.328566], [-94.029624, 45.328723], [-94.029678, 45.328861], [-94.029713, 45.328922], [-94.02987, 45.329077], [-94.03024, 45.329188], [-94.030522, 45.329174], [-94.030573, 45.329167], [-94.030693, 45.329142], [-94.030863, 45.329086], [-94.030948, 45.329049], [-94.031125, 45.328909], [-94.031207, 45.328733], [-94.031231, 45.328624], [-94.031237, 45.328497], [-94.031145, 45.328142], [-94.031057, 45.327968], [-94.031021, 45.327914], [-94.030926, 45.327782], [-94.030851, 45.327722]]]}}, {"type": "Feature", "properties": {"depth_ft": 50.0, "lake": "Sugar Lake", "dow": "86023300"}, "geometry": {"type": "Polygon", "coordinates": [[[-94.029412, 45.329496], [-94.029372, 45.329462], [-94.029363, 45.329438], [-94.029353, 45.329359], [-94.029361, 45.329317], [-94.029411, 45.329262], [-94.029454, 45.329238], [-94.029522, 45.329213], [-94.029599, 45.3292], [-94.029735, 45.329193], [-94.029813, 45.329204], [-94.029916, 45.329234], [-94.029995, 45.329335], [-94.029894, 45.329457], [-94.029699, 45.329531], [-94.029412, 45.329496]]]}}, {"type": "Feature", "properties": {"depth_ft": 40.0, "lake": "Sugar Lake", "dow": "86023300"}, "geometry": {"type": "Polygon", "coordinates": [[[-94.022154, 45.325862], [-94.02222, 45.32576], [-94.022313, 45.325656], [-94.022481, 45.325486], [-94.022616, 45.325394], [-94.022744, 45.325356], [-94.023485, 45.325187], [-94.023647, 45.325137], [-94.02386, 45.325087], [-94.023911, 45.325086], [-94.02398, 45.325116], [-94.024103, 45.325302], [-94.024121, 45.325344], [-94.024149, 45.325465], [-94.02415, 45.325519], [-94.024133, 45.325561], [-94.024016, 45.325713], [-94.023966, 45.325762], [-94.023898, 45.325817], [-94.023695, 45.325933], [-94.023627, 45.325964], [-94.023338, 45.326069], [-94.022955, 45.326157], [-94.022724, 45.326165], [-94.022621, 45.326154], [-94.022569, 45.326143], [-94.022449, 45.326108], [-94.022252, 45.32602], [-94.022186, 45.325975], [-94.022151, 45.325923], [-94.022154, 45.325862]]]}}, {"type": "Feature", "properties": {"depth_ft": 0.0, "lake": "Sugar Lake", "dow": "86023300"}, "geometry": {"type": "Polygon", "coordinates": [[[-94.041738, 45.323874], [-94.041738, 45.323876], [-94.04168, 45.323911], [-94.041584, 45.323946], [-94.041536, 45.324002], [-94.04154, 45.324207], [-94.041561, 45.32431], [-94.041591, 45.324378], [-94.041566, 45.324557], [-94.041538, 45.324653], [-94.041484, 45.3249], [-94.041487, 45.325044], [-94.041507, 45.325072], [-94.041662, 45.325057], [-94.041906, 45.325061], [-94.041908, 45.325171], [-94.041879, 45.325226], [-94.041792, 45.325247], [-94.041656, 45.325228], [-94.041558, 45.325208], [-94.041471, 45.325243], [-94.041345, 45.325272], [-94.04116, 45.325274], [-94.041092, 45.325247], [-94.041013, 45.325207], [-94.040887, 45.325201], [-94.040741, 45.325216], [-94.040556, 45.325238], [-94.040245, 45.325241], [-94.039913, 45.325189], [-94.039621, 45.325137], [-94.039406, 45.325091], [-94.03921, 45.325024], [-94.039121, 45.324949], [-94.039081, 45.324874], [-94.039048, 45.324662], [-94.039054, 45.32447], [-94.039082, 45.324422], [-94.03915, 45.324394], [-94.039198, 45.324393], [-94.039226, 45.324338], [-94.039215, 45.324263], [-94.039185, 45.324174], [-94.039095, 45.324051], [-94.039074, 45.323955], [-94.039081, 45.323846], [-94.038962, 45.323689], [-94.038803, 45.323526], [-94.038655, 45.323417], [-94.038508, 45.323337], [-94.03838, 45.323276], [-94.038077, 45.323196], [-94.037931, 45.323184], [-94.03763, 45.323221], [-94.037505, 45.323284], [-94.037361, 45.323388], [-94.037294, 45.323492], [-94.037268, 45.323622], [-94.03725, 45.323725], [-94.037331, 45.32391], [-94.037452, 45.324155], [-94.037495, 45.324368], [-94.037538, 45.324593], [-94.037619, 45.324778], [-94.037671, 45.324935], [-94.037645, 45.325086], [-94.037571, 45.3253], [-94.037538, 45.325345], [-94.037548, 45.325372], [-94.037694, 45.325399], [-94.038307, 45.325393], [-94.038774, 45.325375], [-94.0389, 45.325346], [-94.039016, 45.325291], [-94.039025, 45.325284], [-94.039143, 45.325324], [-94.03927, 45.325371], [-94.03929, 45.325405], [-94.039262, 45.32548], [-94.039205, 45.325543], [-94.039235, 45.325611], [-94.039276, 45.325672], [-94.039296, 45.325713], [-94.039257, 45.325734], [-94.03915, 45.325708], [-94.039119, 45.325646], [-94.039118, 45.325557], [-94.039077, 45.325468], [-94.039009, 45.325462], [-94.038931, 45.325442], [-94.038863, 45.325463], [-94.038854, 45.325484], [-94.038875, 45.325587], [-94.038876, 45.325621], [-94.038934, 45.325641], [-94.038945, 45.325668], [-94.038916, 45.325703], [-94.038809, 45.325711], [-94.038712, 45.325712], [-94.038663, 45.325671], [-94.03873, 45.325622], [-94.038748, 45.32554], [-94.038717, 45.325444], [-94.038619, 45.325445], [-94.038513, 45.325467], [-94.038465, 45.325488], [-94.038446, 45.325536], [-94.038447, 45.32557], [-94.038496, 45.325597], [-94.038536, 45.325645], [-94.038527, 45.325686], [-94.038498, 45.325707], [-94.038342, 45.325688], [-94.038244, 45.325682], [-94.038118, 45.325703], [-94.037885, 45.325699], [-94.037865, 45.325678], [-94.037884, 45.325637], [-94.037931, 45.325582], [-94.037959, 45.325513], [-94.037939, 45.325479], [-94.037861, 45.325473], [-94.037705, 45.325467], [-94.037598, 45.325468], [-94.03751, 45.325448], [-94.037481, 45.325442], [-94.037404, 45.325463], [-94.037365, 45.325498], [-94.037318, 45.325553], [-94.03728, 45.325594], [-94.03728, 45.325636], [-94.037329, 45.325663], [-94.03734, 45.325683], [-94.037321, 45.325711], [-94.037204, 45.325725], [-94.037039, 45.325727], [-94.036972, 45.325823], [-94.036839, 45.325982], [-94.036724, 45.326059], [-94.036705, 45.326107], [-94.036746, 45.326189], [-94.036853, 45.326215], [-94.036912, 45.326229], [-94.037, 45.326269], [-94.037322, 45.326314], [-94.037673, 45.326345], [-94.037848, 45.326344], [-94.037965, 45.326377], [-94.038015, 45.326418], [-94.038054, 45.326465], [-94.038026, 45.326507], [-94.037949, 45.326569], [-94.037872, 45.326583], [-94.037764, 45.326571], [-94.0375, 45.326491], [-94.037334, 45.326444], [-94.037109, 45.326405], [-94.036915, 45.326386], [-94.0367, 45.326381], [-94.036603, 45.326355], [-94.036505, 45.326363], [-94.03636, 45.326391], [-94.036225, 45.326434], [-94.036167, 45.326489], [-94.036168, 45.326551], [-94.03619, 45.326695], [-94.036213, 45.326852], [-94.036233, 45.326914], [-94.036312, 45.326961], [-94.036371, 45.327002], [-94.036403, 45.327145], [-94.036472, 45.327213], [-94.03663, 45.327322], [-94.036885, 45.327456], [-94.037033, 45.327551], [-94.037083, 45.327606], [-94.037074, 45.327681], [-94.037064, 45.327754], [-94.037026, 45.327803], [-94.036959, 45.327865], [-94.036804, 45.32788], [-94.036647, 45.327854], [-94.03651, 45.327794], [-94.036353, 45.327713], [-94.036254, 45.327625], [-94.036185, 45.32755], [-94.036135, 45.327509], [-94.036018, 45.32751], [-94.035951, 45.327572], [-94.035876, 45.32769], [-94.035714, 45.32787], [-94.035637, 45.327925], [-94.035579, 45.327967], [-94.035551, 45.328029], [-94.035553, 45.328138], [-94.035625, 45.328323], [-94.035626, 45.328405], [-94.035589, 45.328515], [-94.035512, 45.328557], [-94.035424, 45.328551], [-94.035307, 45.328511], [-94.035217, 45.328381], [-94.035126, 45.328197], [-94.035085, 45.328095], [-94.035036, 45.328054], [-94.035055, 45.328026], [-94.035035, 45.328006], [-94.034986, 45.327986], [-94.034811, 45.328015], [-94.034774, 45.328084], [-94.034775, 45.328166], [-94.034728, 45.328249], [-94.034537, 45.328456], [-94.034481, 45.328553], [-94.034288, 45.328651], [-94.034182, 45.32872], [-94.034106, 45.328796], [-94.034069, 45.328913], [-94.034003, 45.32903], [-94.033937, 45.329127], [-94.03389, 45.329223], [-94.033861, 45.329244], [-94.033773, 45.329252], [-94.033726, 45.329335], [-94.033652, 45.329541], [-94.033548, 45.329727], [-94.033446, 45.329995], [-94.033373, 45.330243], [-94.033323, 45.330386], [-94.033189, 45.330538], [-94.032959, 45.330732], [-94.032738, 45.330899], [-94.032373, 45.331108], [-94.032007, 45.331317], [-94.031804, 45.331422], [-94.031582, 45.331513], [-94.031379, 45.331563], [-94.031126, 45.331592], [-94.030786, 45.331637], [-94.030175, 45.331738], [-94.029787, 45.331803], [-94.029254, 45.331911], [-94.028972, 45.331941], [-94.028719, 45.33195], [-94.028525, 45.331952], [-94.02829, 45.331906], [-94.028006, 45.331806], [-94.027605, 45.331679], [-94.027017, 45.331465], [-94.02638, 45.331182], [-94.025762, 45.330907], [-94.025271, 45.330651], [-94.024752, 45.330369], [-94.024338, 45.330119], [-94.023992, 45.329807], [-94.023814, 45.329637], [-94.023724, 45.329514], [-94.023702, 45.329371], [-94.023708, 45.329172], [-94.023752, 45.328924], [-94.02374, 45.328787], [-94.023698, 45.328602], [-94.023656, 45.328425], [-94.023653, 45.328246], [-94.023612, 45.328157], [-94.023572, 45.32811], [-94.023446, 45.32809], [-94.023221, 45.328024], [-94.023153, 45.328031], [-94.023007, 45.328053], [-94.022872, 45.328116], [-94.022727, 45.328152], [-94.022552, 45.32816], [-94.022434, 45.328134], [-94.022267, 45.328046], [-94.022041, 45.32789], [-94.021833, 45.327721], [-94.021695, 45.327592], [-94.021645, 45.327503], [-94.021604, 45.327421], [-94.021505, 45.327319], [-94.021141, 45.327103], [-94.021, 45.327026], [-94.020911, 45.326999], [-94.020795, 45.327], [-94.020679, 45.327029], [-94.020563, 45.327084], [-94.020401, 45.327264], [-94.020325, 45.327388], [-94.020229, 45.327458], [-94.020162, 45.327506], [-94.020056, 45.327569], [-94.019979, 45.327652], [-94.019894, 45.327756], [-94.0198, 45.327962], [-94.019724, 45.328079], [-94.019668, 45.32821], [-94.019623, 45.328416], [-94.019597, 45.328554], [-94.01953, 45.32865], [-94.019396, 45.328741], [-94.019193, 45.328839], [-94.019058, 45.328915], [-94.019001, 45.328971], [-94.018954, 45.329075], [-94.018925, 45.329117], [-94.018837, 45.329083], [-94.018797, 45.329022], [-94.01864, 45.32892], [-94.018415, 45.32884], [-94.018043, 45.328747], [-94.017789, 45.328688], [-94.017593, 45.328614], [-94.017377, 45.328472], [-94.017229, 45.32837], [-94.017129, 45.328248], [-94.01706, 45.328166], [-94.016904, 45.32814], [-94.016826, 45.328168], [-94.016837, 45.32825], [-94.016839, 45.328319], [-94.01682, 45.328381], [-94.016782, 45.328388], [-94.016605, 45.328301], [-94.016546, 45.328253], [-94.016525, 45.328205], [-94.016553, 45.32813], [-94.016648, 45.328005], [-94.016754, 45.327936], [-94.016959, 45.327961], [-94.017134, 45.327994], [-94.017163, 45.327973], [-94.0172, 45.327849], [-94.017262, 45.327533], [-94.017308, 45.327375], [-94.017288, 45.327321], [-94.017209, 45.327266], [-94.017207, 45.32717], [-94.017225, 45.327054], [-94.017183, 45.32689], [-94.017073, 45.326705], [-94.016961, 45.326473], [-94.016908, 45.326213], [-94.016919, 45.325727], [-94.016922, 45.325377], [-94.017002, 45.324917], [-94.017141, 45.324559], [-94.017406, 45.324125], [-94.017604, 45.323766], [-94.017948, 45.323413], [-94.018428, 45.323073], [-94.018847, 45.322783], [-94.018933, 45.322714], [-94.018932, 45.322652], [-94.019067, 45.322555], [-94.019319, 45.322498], [-94.019667, 45.322398], [-94.019997, 45.322341], [-94.020356, 45.322296], [-94.020608, 45.322239], [-94.020907, 45.32212], [-94.021285, 45.321993], [-94.021488, 45.321916], [-94.022127, 45.321759], [-94.022678, 45.32159], [-94.023114, 45.321469], [-94.023685, 45.321327], [-94.023908, 45.321263], [-94.024014, 45.321228], [-94.024122, 45.321241], [-94.02422, 45.321274], [-94.024249, 45.321295], [-94.024281, 45.321438], [-94.024302, 45.321527], [-94.024419, 45.32156], [-94.024653, 45.321586], [-94.025198, 45.321595], [-94.025403, 45.321648], [-94.025686, 45.321679], [-94.025998, 45.321711], [-94.026222, 45.321723], [-94.026515, 45.321789], [-94.026954, 45.321853], [-94.02712, 45.321886], [-94.027325, 45.321925], [-94.027639, 45.322066], [-94.028022, 45.322269], [-94.028262, 45.322408], [-94.028391, 45.32253], [-94.028461, 45.322605], [-94.028581, 45.322782], [-94.028585, 45.323002], [-94.028578, 45.323187], [-94.028594, 45.323516], [-94.02859, 45.323838], [-94.028604, 45.324092], [-94.028562, 45.324435], [-94.028517, 45.324662], [-94.028452, 45.324827], [-94.028368, 45.325034], [-94.028253, 45.32511], [-94.028177, 45.325207], [-94.028129, 45.325255], [-94.028061, 45.32527], [-94.027975, 45.325325], [-94.027956, 45.325387], [-94.027928, 45.325408], [-94.0279, 45.32547], [-94.02793, 45.325525], [-94.028076, 45.325551], [-94.028183, 45.32555], [-94.028464, 45.325458], [-94.028897, 45.325221], [-94.029349, 45.324901], [-94.029674, 45.324617], [-94.029759, 45.324486], [-94.030084, 45.324154], [-94.03016, 45.324023], [-94.030233, 45.323776], [-94.030277, 45.323515], [-94.030232, 45.323186], [-94.030058, 45.322721], [-94.029917, 45.322414], [-94.029846, 45.322291], [-94.029794, 45.322086], [-94.029646, 45.321696], [-94.029601, 45.321333], [-94.029644, 45.321024], [-94.029754, 45.32066], [-94.029868, 45.320487], [-94.030183, 45.320176], [-94.030472, 45.320029], [-94.030714, 45.319959], [-94.031102, 45.319907], [-94.031549, 45.319848], [-94.031928, 45.319831], [-94.032142, 45.319829], [-94.032268, 45.319787], [-94.032518, 45.319668], [-94.032767, 45.319446], [-94.032863, 45.319343], [-94.032995, 45.319129], [-94.03306, 45.318936], [-94.033187, 45.318476], [-94.033311, 45.318098], [-94.033396, 45.317967], [-94.0335, 45.317815], [-94.033653, 45.317649], [-94.03372, 45.317559], [-94.033747, 45.317449], [-94.033775, 45.317408], [-94.033931, 45.317399], [-94.034037, 45.31735], [-94.034355, 45.31721], [-94.034693, 45.317084], [-94.035031, 45.31693], [-94.035253, 45.316818], [-94.035493, 45.316631], [-94.035674, 45.316444], [-94.035865, 45.316237], [-94.036104, 45.316008], [-94.036516, 45.315689], [-94.03665, 45.315557], [-94.036765, 45.315481], [-94.036956, 45.315239], [-94.037048, 45.314984], [-94.037054, 45.314772], [-94.037033, 45.314669], [-94.037078, 45.314449], [-94.037112, 45.314175], [-94.037064, 45.313716], [-94.03706, 45.313489], [-94.037122, 45.313119], [-94.037164, 45.312789], [-94.037185, 45.31235], [-94.037158, 45.311918], [-94.037075, 45.311624], [-94.037022, 45.311391], [-94.037009, 45.311206], [-94.037092, 45.310952], [-94.037099, 45.310739], [-94.0371, 45.31028], [-94.037046, 45.309965], [-94.037062, 45.309759], [-94.037075, 45.30943], [-94.03709, 45.309189], [-94.037135, 45.308983], [-94.037323, 45.308598], [-94.037531, 45.308301], [-94.037761, 45.308079], [-94.038019, 45.307844], [-94.038202, 45.307753], [-94.038539, 45.307585], [-94.038858, 45.307452], [-94.039138, 45.30734], [-94.039389, 45.307269], [-94.039622, 45.307226], [-94.039781, 45.307156], [-94.040003, 45.307037], [-94.040243, 45.306891], [-94.040405, 45.306698], [-94.040461, 45.306553], [-94.040786, 45.306228], [-94.041187, 45.30582], [-94.041597, 45.30537], [-94.041884, 45.305134], [-94.042279, 45.304904], [-94.042577, 45.304737], [-94.043049, 45.304493], [-94.043415, 45.304297], [-94.043985, 45.304093], [-94.044798, 45.303873], [-94.045341, 45.303772], [-94.045855, 45.303692], [-94.046514, 45.303597], [-94.047496, 45.303567], [-94.048187, 45.303561], [-94.048624, 45.303588], [-94.049267, 45.303664], [-94.049931, 45.303775], [-94.050175, 45.30382], [-94.05036, 45.303867], [-94.050536, 45.30392], [-94.050683, 45.303946], [-94.05078, 45.303938], [-94.051051, 45.303881], [-94.051391, 45.30383], [-94.051701, 45.303799], [-94.051973, 45.303797], [-94.052285, 45.303828], [-94.05251, 45.303888], [-94.052676, 45.303928], [-94.052997, 45.303897], [-94.053337, 45.303894], [-94.053474, 45.303934], [-94.053542, 45.303954], [-94.053648, 45.303912], [-94.053745, 45.303849], [-94.053832, 45.303828], [-94.05391, 45.303841], [-94.054028, 45.303915], [-94.054203, 45.303948], [-94.054369, 45.303939], [-94.054505, 45.303952], [-94.054769, 45.304046], [-94.055044, 45.304173], [-94.055397, 45.304321], [-94.055594, 45.304443], [-94.055663, 45.304531], [-94.055645, 45.304613], [-94.055725, 45.304688], [-94.055755, 45.30475], [-94.055796, 45.304845], [-94.055856, 45.304927], [-94.055887, 45.305071], [-94.055918, 45.30516], [-94.055931, 45.305254], [-94.05599, 45.305308], [-94.056098, 45.305321], [-94.056195, 45.305327], [-94.056235, 45.305375], [-94.056196, 45.305396], [-94.056012, 45.305411], [-94.055876, 45.305447], [-94.055761, 45.305516], [-94.055704, 45.305579], [-94.055705, 45.30564], [-94.055725, 45.305668], [-94.055764, 45.305695], [-94.055802, 45.305653], [-94.05588, 45.305625], [-94.056006, 45.305637], [-94.056056, 45.305685], [-94.056086, 45.30576], [-94.056117, 45.305835], [-94.0561, 45.305966], [-94.056123, 45.306185], [-94.056144, 45.30624], [-94.056144, 45.306267], [-94.056057, 45.306282], [-94.05598, 45.30633], [-94.055972, 45.306399], [-94.056011, 45.306426], [-94.056109, 45.306432], [-94.056177, 45.306459], [-94.056198, 45.30652], [-94.056219, 45.306596], [-94.05621, 45.30663], [-94.056142, 45.306658], [-94.056045, 45.306686], [-94.056007, 45.306742], [-94.056018, 45.306803], [-94.056077, 45.306816], [-94.056155, 45.306829], [-94.056234, 45.306897], [-94.056265, 45.306986], [-94.056276, 45.307041], [-94.056325, 45.307088], [-94.056384, 45.307136], [-94.056484, 45.307245], [-94.056584, 45.307395], [-94.056605, 45.307484], [-94.056704, 45.307565], [-94.056812, 45.307653], [-94.056842, 45.307708], [-94.056873, 45.307762], [-94.05697, 45.307782], [-94.057058, 45.307809], [-94.057117, 45.307849], [-94.057108, 45.307897], [-94.05709, 45.307939], [-94.057091, 45.30798], [-94.057188, 45.307972], [-94.057246, 45.307978], [-94.057306, 45.308033], [-94.057365, 45.308094], [-94.057463, 45.308127], [-94.057571, 45.308174], [-94.05763, 45.308215], [-94.057698, 45.308228], [-94.057717, 45.308207], [-94.057648, 45.308167], [-94.05756, 45.30814], [-94.057579, 45.308085], [-94.057685, 45.308043], [-94.057803, 45.30811], [-94.057833, 45.308151], [-94.057844, 45.308227], [-94.057819, 45.308273], [-94.057781, 45.308314], [-94.057684, 45.308322], [-94.057626, 45.308323], [-94.057606, 45.308336], [-94.057627, 45.308391], [-94.057667, 45.308439], [-94.057706, 45.308438], [-94.057792, 45.308396], [-94.057839, 45.308321], [-94.057887, 45.308279], [-94.057955, 45.308271], [-94.058025, 45.308333], [-94.058094, 45.308387], [-94.058123, 45.308414], [-94.058085, 45.308442], [-94.057998, 45.30847], [-94.05794, 45.308505], [-94.057892, 45.308546], [-94.057845, 45.308602], [-94.057856, 45.308698], [-94.057886, 45.308718], [-94.057935, 45.308724], [-94.057944, 45.308775], [-94.057955, 45.30885], [-94.058132, 45.308972], [-94.058232, 45.309095], [-94.058292, 45.309176], [-94.05836, 45.309196], [-94.058487, 45.309216], [-94.058578, 45.309393], [-94.058627, 45.309441], [-94.058638, 45.309475], [-94.058581, 45.309544], [-94.058475, 45.309627], [-94.058439, 45.309785], [-94.058459, 45.30982], [-94.058538, 45.309846], [-94.058732, 45.309851], [-94.058956, 45.309836], [-94.059121, 45.309834], [-94.059131, 45.309854], [-94.059181, 45.309923], [-94.059202, 45.310005], [-94.059184, 45.310067], [-94.059107, 45.310102], [-94.05897, 45.310089], [-94.058871, 45.30998], [-94.058812, 45.309953], [-94.058549, 45.309908], [-94.058363, 45.309889], [-94.058247, 45.309911], [-94.058132, 45.310015], [-94.058008, 45.310112], [-94.057727, 45.31019], [-94.057485, 45.310267], [-94.057379, 45.31031], [-94.05736, 45.310351], [-94.057303, 45.310393], [-94.057157, 45.310394], [-94.056894, 45.310383], [-94.056788, 45.310425], [-94.056662, 45.310447], [-94.05642, 45.310531], [-94.056276, 45.310615], [-94.056007, 45.310816], [-94.055883, 45.310941], [-94.055875, 45.311044], [-94.055837, 45.311051], [-94.055787, 45.31101], [-94.055719, 45.310997], [-94.055652, 45.311066], [-94.055653, 45.311114], [-94.055673, 45.311142], [-94.05579, 45.311168], [-94.055965, 45.311166], [-94.056093, 45.311234], [-94.05626, 45.311335], [-94.056369, 45.311444], [-94.056536, 45.311545], [-94.056712, 45.311564], [-94.057013, 45.311554], [-94.057159, 45.311567], [-94.057199, 45.311587], [-94.057219, 45.311648], [-94.057206, 45.311978], [-94.057167, 45.312005], [-94.056808, 45.312009], [-94.056282, 45.312014], [-94.056233, 45.311994], [-94.056232, 45.311918], [-94.056226, 45.311575], [-94.056195, 45.311507], [-94.056067, 45.311398], [-94.055871, 45.311325], [-94.055646, 45.311293], [-94.0555, 45.311273], [-94.055384, 45.311302], [-94.055336, 45.311357], [-94.05528, 45.31144], [-94.05529, 45.311481], [-94.055232, 45.311495], [-94.055202, 45.311441], [-94.055133, 45.311428], [-94.054921, 45.311491], [-94.054776, 45.311554], [-94.054611, 45.311604], [-94.054554, 45.311639], [-94.054575, 45.311728], [-94.054527, 45.311783], [-94.054325, 45.311915], [-94.053979, 45.312138], [-94.053644, 45.312415], [-94.053443, 45.312602], [-94.053047, 45.313024], [-94.052752, 45.313376], [-94.052649, 45.31359], [-94.052445, 45.314126], [-94.052308, 45.314635], [-94.052281, 45.314752], [-94.052258, 45.315074], [-94.052282, 45.315321], [-94.052304, 45.315451], [-94.052303, 45.315904], [-94.052275, 45.316617], [-94.052234, 45.317008], [-94.052183, 45.317406], [-94.0521, 45.317681], [-94.051912, 45.318005], [-94.051798, 45.318185], [-94.051723, 45.318336], [-94.051512, 45.318496], [-94.051417, 45.3186], [-94.051255, 45.318773], [-94.051073, 45.318932], [-94.050679, 45.319189], [-94.050516, 45.319308], [-94.05042, 45.319404], [-94.050316, 45.319556], [-94.050104, 45.319851], [-94.050067, 45.319955], [-94.049963, 45.320127], [-94.049763, 45.320335], [-94.049542, 45.320494], [-94.049291, 45.320606], [-94.048972, 45.320705], [-94.048399, 45.320807], [-94.047817, 45.320874], [-94.047351, 45.320926], [-94.046913, 45.320937], [-94.046427, 45.320948], [-94.04597, 45.320945], [-94.045687, 45.320921], [-94.045104, 45.320946], [-94.044716, 45.321005], [-94.044464, 45.321083], [-94.044282, 45.321208], [-94.043918, 45.321513], [-94.04367, 45.321769], [-94.043334, 45.32206], [-94.043171, 45.322171], [-94.043057, 45.322323], [-94.042962, 45.322454], [-94.042861, 45.322542], [-94.042718, 45.322654], [-94.042583, 45.322737], [-94.042478, 45.322868], [-94.042364, 45.322979], [-94.042316, 45.323048], [-94.042058, 45.323297], [-94.041906, 45.32347], [-94.041754, 45.323718], [-94.041745, 45.323807], [-94.041841, 45.323824], [-94.041841, 45.323809], [-94.041857, 45.323722], [-94.041899, 45.323616], [-94.041952, 45.323609], [-94.041979, 45.32364], [-94.041997, 45.323696], [-94.041981, 45.323745], [-94.042034, 45.323807], [-94.042096, 45.323806], [-94.042175, 45.323793], [-94.042271, 45.323761], [-94.042349, 45.323717], [-94.042322, 45.32368], [-94.042366, 45.323668], [-94.042401, 45.323636], [-94.042408, 45.32358], [-94.042364, 45.323544], [-94.04232, 45.32355], [-94.042285, 45.323594], [-94.042233, 45.323607], [-94.042206, 45.323564], [-94.042161, 45.323496], [-94.042142, 45.323428], [-94.042175, 45.323341], [-94.042443, 45.323072], [-94.042537, 45.322947], [-94.042632, 45.322841], [-94.042744, 45.322735], [-94.042883, 45.322628], [-94.043023, 45.322608], [-94.043085, 45.322626], [-94.04313, 45.322688], [-94.043211, 45.322749], [-94.0433, 45.322847], [-94.043462, 45.323019], [-94.04365, 45.323203], [-94.043829, 45.323381], [-94.044114, 45.323602], [-94.044132, 45.323614], [-94.044168, 45.323632], [-94.044256, 45.323663], [-94.044406, 45.323705], [-94.044487, 45.323784], [-94.044507, 45.323908], [-94.044482, 45.324001], [-94.04452, 45.324137], [-94.044682, 45.324334], [-94.044943, 45.324685], [-94.045096, 45.324882], [-94.045125, 45.325006], [-94.045093, 45.325179], [-94.045078, 45.325341], [-94.045011, 45.32549], [-94.044811, 45.325634], [-94.044663, 45.325735], [-94.044541, 45.325767], [-94.044409, 45.325793], [-94.04353, 45.325782], [-94.042642, 45.325778], [-94.042185, 45.32577], [-94.042175, 45.325727], [-94.04243, 45.325737], [-94.042429, 45.325662], [-94.042534, 45.325649], [-94.042553, 45.325723], [-94.042808, 45.325733], [-94.043081, 45.325731], [-94.043088, 45.325632], [-94.043149, 45.325625], [-94.04316, 45.32573], [-94.043239, 45.325736], [-94.043362, 45.325703], [-94.04344, 45.325659], [-94.043563, 45.325646], [-94.043555, 45.325714], [-94.043837, 45.325718], [-94.043835, 45.325606], [-94.043905, 45.325587], [-94.043942, 45.325729], [-94.044206, 45.32572], [-94.044195, 45.325603], [-94.044239, 45.325596], [-94.044276, 45.325726], [-94.044382, 45.325719], [-94.044435, 45.325725], [-94.044407, 45.325657], [-94.044442, 45.325644], [-94.044504, 45.325699], [-94.044548, 45.325699], [-94.04467, 45.325636], [-94.04474, 45.325579], [-94.044651, 45.325543], [-94.044571, 45.325494], [-94.044588, 45.325469], [-94.044721, 45.325505], [-94.044809, 45.325523], [-94.044939, 45.325404], [-94.044981, 45.325342], [-94.044832, 45.325324], [-94.044857, 45.325287], [-94.044972, 45.325292], [-94.044998, 45.325261], [-94.045004, 45.325137], [-94.044994, 45.325087], [-94.044836, 45.325089], [-94.044835, 45.325052], [-94.044888, 45.325045], [-94.044967, 45.325032], [-94.044975, 45.325013], [-94.044991, 45.324926], [-94.044973, 45.324908], [-94.044683, 45.324917], [-94.044411, 45.324907], [-94.044402, 45.324882], [-94.04441, 45.324845], [-94.044453, 45.324838], [-94.04484, 45.324816], [-94.044874, 45.324779], [-94.044856, 45.324729], [-94.044749, 45.324674], [-94.044713, 45.324631], [-94.044677, 45.324582], [-94.044581, 45.324577], [-94.044344, 45.324635], [-94.044328, 45.324691], [-94.044364, 45.324752], [-94.044303, 45.324765], [-94.04425, 45.324747], [-94.044239, 45.324648], [-94.044238, 45.324611], [-94.044308, 45.324579], [-94.044509, 45.324528], [-94.044641, 45.324502], [-94.044658, 45.324471], [-94.044648, 45.324427], [-94.044531, 45.324267], [-94.044378, 45.324083], [-94.044272, 45.324034], [-94.044166, 45.324011], [-94.04406, 45.324024], [-94.043824, 45.324082], [-94.043719, 45.324126], [-94.043694, 45.324182], [-94.043687, 45.324269], [-94.043708, 45.324448], [-94.043741, 45.324808], [-94.04375, 45.324851], [-94.043821, 45.32485], [-94.043882, 45.324856], [-94.044269, 45.324871], [-94.044262, 45.324921], [-94.043822, 45.324937], [-94.043743, 45.324956], [-94.043755, 45.325124], [-94.043773, 45.325136], [-94.044405, 45.325099], [-94.044415, 45.325136], [-94.044345, 45.32518], [-94.044231, 45.325181], [-94.044055, 45.325189], [-94.04351, 45.325188], [-94.043343, 45.325195], [-94.043325, 45.325127], [-94.04358, 45.325138], [-94.04365, 45.325131], [-94.043638, 45.324932], [-94.043532, 45.324927], [-94.0434, 45.324928], [-94.043373, 45.324892], [-94.043399, 45.32486], [-94.043601, 45.324846], [-94.0436, 45.324784], [-94.043599, 45.324722], [-94.043582, 45.324326], [-94.043571, 45.324202], [-94.043544, 45.324146], [-94.043509, 45.324134], [-94.043429, 45.324129], [-94.043403, 45.324141], [-94.043351, 45.324191], [-94.043186, 45.324261], [-94.043143, 45.324317], [-94.043118, 45.324417], [-94.043057, 45.324436], [-94.042979, 45.324474], [-94.042944, 45.32453], [-94.042913, 45.32471], [-94.042915, 45.324846], [-94.042933, 45.324877], [-94.043039, 45.324882], [-94.043197, 45.324893], [-94.043189, 45.32493], [-94.043189, 45.324949], [-94.042943, 45.324945], [-94.042946, 45.325106], [-94.042947, 45.325143], [-94.043281, 45.32514], [-94.043291, 45.325196], [-94.042597, 45.325227], [-94.042526, 45.325215], [-94.042508, 45.325184], [-94.042525, 45.325166], [-94.042789, 45.325151], [-94.042795, 45.325021], [-94.042803, 45.324953], [-94.04268, 45.324972], [-94.042679, 45.324892], [-94.042801, 45.324872], [-94.042818, 45.324847], [-94.042799, 45.32476], [-94.042795, 45.324537], [-94.042732, 45.32447], [-94.042653, 45.324458], [-94.042592, 45.32449], [-94.042549, 45.324552], [-94.042577, 45.324608], [-94.042614, 45.324737], [-94.042606, 45.324793], [-94.042528, 45.324825], [-94.042492, 45.324813], [-94.042466, 45.324801], [-94.042446, 45.324683], [-94.042375, 45.324634], [-94.04234, 45.324647], [-94.042314, 45.324672], [-94.042235, 45.324673], [-94.042138, 45.324661], [-94.042094, 45.324674], [-94.042095, 45.324711], [-94.042108, 45.324946], [-94.042126, 45.32499], [-94.042206, 45.324995], [-94.042267, 45.324964], [-94.042371, 45.324901], [-94.042424, 45.324894], [-94.042425, 45.324981], [-94.042391, 45.325012], [-94.04211, 45.32507], [-94.04204, 45.325071], [-94.042012, 45.324997], [-94.041973, 45.324762], [-94.041989, 45.324662], [-94.042024, 45.32465], [-94.042085, 45.324637], [-94.042075, 45.324575], [-94.042126, 45.324506], [-94.042151, 45.324426], [-94.042114, 45.324314], [-94.042103, 45.32419], [-94.04211, 45.324091], [-94.0421, 45.324017], [-94.042143, 45.323961], [-94.042107, 45.323924], [-94.042063, 45.323906], [-94.041869, 45.323877], [-94.041861, 45.32387], [-94.041738, 45.323874]]]}}]}