{"type": "FeatureCollection", "features": [{"type": "Feature", "properties": {"depth_ft": 0.0, "lake": "West Lake Sylvia", "dow": "86027900"}, "geometry": {"type": "Polygon", "coordinates": [[[-94.210345, 45.251035], [-94.210178, 45.251062], [-94.209928, 45.251141], [-94.209573, 45.251318], [-94.20914, 45.251521], [-94.208855, 45.25168], [-94.20872, 45.251775], [-94.208626, 45.251856], [-94.208574, 45.251962], [-94.208541, 45.252111], [-94.208538, 45.252263], [-94.208536, 45.252445], [-94.208597, 45.252625], [-94.208632, 45.252828], [-94.20863, 45.253014], [-94.208591, 45.253192], [-94.208517, 45.253354], [-94.208343, 45.253605], [-94.208214, 45.253771], [-94.208049, 45.253883], [-94.207896, 45.253994], [-94.207599, 45.254158], [-94.207417, 45.254304], [-94.207293, 45.254407], [-94.207187, 45.254492], [-94.207123, 45.254565], [-94.207094, 45.254599], [-94.206877, 45.254799], [-94.206579, 45.25502], [-94.206332, 45.255186], [-94.206169, 45.255262], [-94.206039, 45.255328], [-94.205882, 45.255386], [-94.20581, 45.255405], [-94.205593, 45.255407], [-94.205415, 45.2554], [-94.205263, 45.255402], [-94.205178, 45.255407], [-94.205066, 45.255432], [-94.204981, 45.255446], [-94.204836, 45.255462], [-94.204646, 45.255478], [-94.204468, 45.25548], [-94.204349, 45.255462], [-94.204217, 45.25545], [-94.204013, 45.255471], [-94.203843, 45.255528], [-94.203602, 45.255624], [-94.203491, 45.255676], [-94.203432, 45.255709], [-94.20342, 45.255742], [-94.203408, 45.255802], [-94.20333, 45.255854], [-94.203252, 45.255915], [-94.203168, 45.256009], [-94.203105, 45.256131], [-94.203036, 45.256313], [-94.203001, 45.256518], [-94.202971, 45.256662], [-94.202962, 45.256853], [-94.202998, 45.256978], [-94.203041, 45.257154], [-94.203171, 45.25743], [-94.203229, 45.257652], [-94.203278, 45.257791], [-94.203286, 45.257865], [-94.203287, 45.257935], [-94.203255, 45.257973], [-94.203177, 45.258011], [-94.203079, 45.258035], [-94.20298, 45.258055], [-94.202914, 45.25806], [-94.202848, 45.258037], [-94.202766, 45.258004], [-94.202573, 45.258848], [-94.202699, 45.258903], [-94.202793, 45.258929], [-94.202853, 45.258924], [-94.202909, 45.258931], [-94.20302, 45.258977], [-94.203066, 45.259066], [-94.203149, 45.259096], [-94.20325, 45.2592], [-94.203323, 45.259254], [-94.203369, 45.259339], [-94.203414, 45.259404], [-94.203437, 45.259443], [-94.203465, 45.259454], [-94.203536, 45.259438], [-94.203668, 45.259413], [-94.203805, 45.2594], [-94.203926, 45.25941], [-94.204064, 45.259409], [-94.204169, 45.259408], [-94.20424, 45.259411], [-94.204267, 45.259384], [-94.204344, 45.259371], [-94.204652, 45.259348], [-94.204729, 45.259328], [-94.204821, 45.259261], [-94.204891, 45.259183], [-94.204906, 45.259124], [-94.204889, 45.259074], [-94.204849, 45.259043], [-94.204838, 45.259024], [-94.204887, 45.259008], [-94.204919, 45.258953], [-94.20488, 45.258918], [-94.204819, 45.258923], [-94.204764, 45.258908], [-94.204719, 45.258858], [-94.204707, 45.258815], [-94.204629, 45.258762], [-94.204578, 45.258731], [-94.204545, 45.258708], [-94.204522, 45.25865], [-94.204509, 45.258592], [-94.204602, 45.258537], [-94.204767, 45.258527], [-94.205086, 45.258528], [-94.205235, 45.258522], [-94.205416, 45.258505], [-94.205581, 45.25848], [-94.205867, 45.258477], [-94.206115, 45.258501], [-94.206232, 45.258543], [-94.206338, 45.258596], [-94.206488, 45.258657], [-94.206738, 45.258771], [-94.207006, 45.258927], [-94.207273, 45.259095], [-94.207537, 45.259306], [-94.207644, 45.259406], [-94.208017, 45.259718], [-94.208203, 45.25993], [-94.208529, 45.260204], [-94.208917, 45.260504], [-94.209194, 45.260727], [-94.209324, 45.260845], [-94.209504, 45.261031], [-94.209592, 45.261197], [-94.209693, 45.261397], [-94.209732, 45.261529], [-94.209735, 45.261689], [-94.209684, 45.261869], [-94.209609, 45.262045], [-94.209527, 45.26214], [-94.209479, 45.262191], [-94.209449, 45.262209], [-94.209419, 45.262209], [-94.209352, 45.262201], [-94.209297, 45.262176], [-94.209229, 45.262091], [-94.209178, 45.261989], [-94.20917, 45.2619], [-94.20912, 45.261798], [-94.208843, 45.2616], [-94.208634, 45.261435], [-94.20851, 45.261321], [-94.208149, 45.261116], [-94.20791, 45.260977], [-94.207781, 45.260893], [-94.207726, 45.260868], [-94.207689, 45.260877], [-94.207642, 45.260942], [-94.207626, 45.26101], [-94.207681, 45.26107], [-94.207871, 45.261174], [-94.208196, 45.261372], [-94.208491, 45.261582], [-94.208559, 45.261629], [-94.208572, 45.261658], [-94.208572, 45.261688], [-94.208525, 45.261723], [-94.208382, 45.261823], [-94.208201, 45.261897], [-94.208099, 45.261915], [-94.207954, 45.261913], [-94.207814, 45.261893], [-94.207643, 45.261822], [-94.207502, 45.261759], [-94.207368, 45.261692], [-94.207288, 45.261663], [-94.207155, 45.26166], [-94.207052, 45.261674], [-94.206938, 45.26171], [-94.206872, 45.261753], [-94.206818, 45.261775], [-94.206746, 45.261797], [-94.206669, 45.261884], [-94.206617, 45.261987], [-94.206613, 45.262064], [-94.206614, 45.262123], [-94.206658, 45.2622], [-94.206739, 45.262289], [-94.206893, 45.26242], [-94.206998, 45.262529], [-94.207072, 45.262601], [-94.20711, 45.262678], [-94.207281, 45.262979], [-94.2074, 45.263153], [-94.207498, 45.263246], [-94.207638, 45.263283], [-94.207809, 45.26332], [-94.207937, 45.263374], [-94.20806, 45.263458], [-94.208202, 45.263593], [-94.208277, 45.263691], [-94.208334, 45.263814], [-94.208423, 45.264014], [-94.208531, 45.264273], [-94.208589, 45.264435], [-94.208634, 45.264524], [-94.208642, 45.264623], [-94.208602, 45.264747], [-94.208526, 45.264867], [-94.208485, 45.264923], [-94.208418, 45.264924], [-94.20835, 45.264873], [-94.208282, 45.264814], [-94.208215, 45.264781], [-94.208076, 45.264774], [-94.207931, 45.264784], [-94.207748, 45.26476], [-94.207614, 45.264706], [-94.207344, 45.264542], [-94.207172, 45.264412], [-94.207036, 45.264264], [-94.206888, 45.264137], [-94.206801, 45.264044], [-94.206667, 45.263998], [-94.2066, 45.264016], [-94.206498, 45.264043], [-94.206392, 45.264067], [-94.206337, 45.264055], [-94.20627, 45.264], [-94.206215, 45.263992], [-94.206131, 45.264006], [-94.205949, 45.264003], [-94.205858, 45.263983], [-94.205803, 45.263979], [-94.20567, 45.264002], [-94.205531, 45.264003], [-94.205464, 45.264], [-94.205404, 45.264026], [-94.20529, 45.26407], [-94.205188, 45.264088], [-94.20517, 45.264106], [-94.205201, 45.264139], [-94.205226, 45.264186], [-94.205173, 45.264255], [-94.205114, 45.264307], [-94.205048, 45.26435], [-94.205031, 45.264406], [-94.205045, 45.264474], [-94.205052, 45.26456], [-94.205053, 45.264594], [-94.205096, 45.264606], [-94.205103, 45.26467], [-94.205112, 45.264786], [-94.205145, 45.264909], [-94.2052, 45.264968], [-94.205317, 45.265061], [-94.205439, 45.265107], [-94.205616, 45.265148], [-94.205786, 45.265189], [-94.20592, 45.265204], [-94.206108, 45.265211], [-94.206376, 45.265281], [-94.206521, 45.265305], [-94.206715, 45.265311], [-94.206891, 45.265301], [-94.207066, 45.265282], [-94.207205, 45.265293], [-94.207369, 45.2653], [-94.207545, 45.265324], [-94.207649, 45.265361], [-94.207826, 45.265428], [-94.207974, 45.265567], [-94.208109, 45.265638], [-94.208329, 45.265734], [-94.208494, 45.265801], [-94.20861, 45.265885], [-94.208757, 45.26596], [-94.208892, 45.266019], [-94.20919, 45.266125], [-94.20947, 45.266203], [-94.209884, 45.266297], [-94.210316, 45.266378], [-94.210753, 45.266446], [-94.211093, 45.266481], [-94.211439, 45.266503], [-94.211832, 45.266507], [-94.212316, 45.266489], [-94.21254, 45.266465], [-94.212848, 45.266428], [-94.213047, 45.266383], [-94.213312, 45.266333], [-94.213444, 45.266264], [-94.213743, 45.266102], [-94.213874, 45.265986], [-94.214064, 45.265813], [-94.214348, 45.265519], [-94.214513, 45.265278], [-94.214758, 45.264973], [-94.214985, 45.264547], [-94.215218, 45.264126], [-94.215287, 45.263942], [-94.215339, 45.263856], [-94.215379, 45.26374], [-94.215375, 45.263569], [-94.215361, 45.26345], [-94.21531, 45.263339], [-94.215211, 45.263225], [-94.215105, 45.263106], [-94.215012, 45.262996], [-94.214911, 45.262853], [-94.214745, 45.262722], [-94.214616, 45.262668], [-94.214489, 45.262652], [-94.21441, 45.262644], [-94.214354, 45.26259], [-94.214305, 45.26253], [-94.214201, 45.262514], [-94.214105, 45.262537], [-94.214058, 45.262588], [-94.214005, 45.262674], [-94.214001, 45.262777], [-94.214002, 45.262837], [-94.213985, 45.262875], [-94.213943, 45.262889], [-94.213906, 45.262846], [-94.213886, 45.262761], [-94.213899, 45.262556], [-94.213939, 45.26244], [-94.213968, 45.26238], [-94.213918, 45.262287], [-94.213886, 45.262214], [-94.213897, 45.262142], [-94.213992, 45.262085], [-94.2141, 45.262033], [-94.214225, 45.261946], [-94.21427, 45.261779], [-94.214352, 45.261624], [-94.214422, 45.261491], [-94.214547, 45.261395], [-94.214696, 45.261304], [-94.214894, 45.261204], [-94.215099, 45.261167], [-94.21531, 45.26111], [-94.215569, 45.261056], [-94.215725, 45.261024], [-94.215852, 45.26101], [-94.215919, 45.261022], [-94.216041, 45.261033], [-94.216216, 45.261014], [-94.216486, 45.26098], [-94.216854, 45.260921], [-94.217161, 45.260832], [-94.217547, 45.26073], [-94.217951, 45.260687], [-94.218484, 45.260703], [-94.218806, 45.260742], [-94.219147, 45.260802], [-94.219445, 45.26088], [-94.219799, 45.26103], [-94.220044, 45.26116], [-94.220106, 45.261202], [-94.220216, 45.261248], [-94.220301, 45.261273], [-94.220314, 45.261298], [-94.22032, 45.261328], [-94.220315, 45.261345], [-94.220278, 45.261329], [-94.220131, 45.261275], [-94.219923, 45.261166], [-94.219685, 45.261091], [-94.219583, 45.261088], [-94.21931, 45.261104], [-94.219087, 45.261128], [-94.218966, 45.261133], [-94.218832, 45.261109], [-94.218582, 45.261035], [-94.218412, 45.26099], [-94.218151, 45.260954], [-94.217835, 45.260932], [-94.21766, 45.260934], [-94.217375, 45.260907], [-94.217127, 45.260939], [-94.216922, 45.260984], [-94.216693, 45.261025], [-94.216465, 45.261104], [-94.216316, 45.261221], [-94.216161, 45.261347], [-94.215995, 45.261481], [-94.215948, 45.261571], [-94.215932, 45.261648], [-94.215933, 45.261725], [-94.215911, 45.26182], [-94.215882, 45.261901], [-94.215848, 45.261987], [-94.215863, 45.262106], [-94.215884, 45.262247], [-94.215929, 45.262366], [-94.215973, 45.262477], [-94.216079, 45.262621], [-94.216284, 45.262866], [-94.21637, 45.262912], [-94.216592, 45.263015], [-94.2168, 45.263093], [-94.216922, 45.263162], [-94.217003, 45.263222], [-94.217059, 45.263343], [-94.217076, 45.263512], [-94.217186, 45.263995], [-94.217265, 45.264253], [-94.217356, 45.264472], [-94.21746, 45.264664], [-94.21757, 45.264855], [-94.217659, 45.264976], [-94.217991, 45.265513], [-94.218236, 45.265769], [-94.218358, 45.26589], [-94.218466, 45.265973], [-94.218561, 45.266024], [-94.218642, 45.266103], [-94.218764, 45.266209], [-94.218866, 45.266274], [-94.218934, 45.266367], [-94.219003, 45.26646], [-94.219016, 45.266479], [-94.219004, 45.266498], [-94.218956, 45.26647], [-94.218828, 45.266368], [-94.218753, 45.266317], [-94.2186, 45.266291], [-94.21844, 45.266288], [-94.218234, 45.266304], [-94.218014, 45.266316], [-94.217822, 45.266323], [-94.217564, 45.266405], [-94.217189, 45.266607], [-94.21688, 45.266798], [-94.216755, 45.26687], [-94.216689, 45.266927], [-94.216691, 45.267002], [-94.216653, 45.267077], [-94.216601, 45.267162], [-94.216603, 45.267233], [-94.216619, 45.26735], [-94.216642, 45.267524], [-94.216677, 45.267584], [-94.216706, 45.267704], [-94.216687, 45.267756], [-94.216628, 45.267794], [-94.216622, 45.267827], [-94.216637, 45.267898], [-94.216658, 45.26794], [-94.216719, 45.267995], [-94.216821, 45.268098], [-94.21695, 45.268195], [-94.217051, 45.268274], [-94.217186, 45.268333], [-94.217506, 45.268368], [-94.217652, 45.268366], [-94.217745, 45.268365], [-94.217851, 45.268312], [-94.217916, 45.268232], [-94.217914, 45.268147], [-94.217945, 45.268034], [-94.218047, 45.267845], [-94.21817, 45.267693], [-94.218287, 45.267556], [-94.218305, 45.267438], [-94.218323, 45.267382], [-94.218369, 45.267344], [-94.218501, 45.267281], [-94.218594, 45.267266], [-94.218846, 45.26724], [-94.21896, 45.267239], [-94.2191, 45.267256], [-94.2192, 45.267269], [-94.2194, 45.267276], [-94.219699, 45.267283], [-94.220012, 45.267251], [-94.22031, 45.267177], [-94.220495, 45.267143], [-94.220614, 45.26709], [-94.220667, 45.267061], [-94.22072, 45.267056], [-94.220799, 45.267017], [-94.220844, 45.266951], [-94.220955, 45.266846], [-94.221053, 45.266775], [-94.221192, 45.266605], [-94.221273, 45.266374], [-94.221302, 45.266172], [-94.22131, 45.265927], [-94.221279, 45.265697], [-94.22122, 45.265416], [-94.221115, 45.265182], [-94.220965, 45.26501], [-94.220863, 45.264908], [-94.220707, 45.264811], [-94.220599, 45.264728], [-94.220525, 45.264663], [-94.22049, 45.264602], [-94.220495, 45.264527], [-94.220534, 45.264465], [-94.220638, 45.264324], [-94.220779, 45.264088], [-94.220948, 45.26387], [-94.221104, 45.263723], [-94.221233, 45.263529], [-94.22133, 45.263387], [-94.221526, 45.263197], [-94.22167, 45.26312], [-94.221735, 45.263044], [-94.221931, 45.262863], [-94.22214, 45.26265], [-94.222171, 45.262579], [-94.222243, 45.262494], [-94.222307, 45.262376], [-94.222358, 45.262267], [-94.222382, 45.262163], [-94.222353, 45.26207], [-94.222286, 45.262019], [-94.222144, 45.261941], [-94.222057, 45.261923], [-94.221951, 45.261938], [-94.221871, 45.261944], [-94.221771, 45.261935], [-94.221718, 45.261931], [-94.221684, 45.261899], [-94.221649, 45.261833], [-94.221633, 45.261678], [-94.221641, 45.261425], [-94.221636, 45.26119], [-94.221651, 45.260992], [-94.221681, 45.260828], [-94.221758, 45.260686], [-94.221855, 45.260563], [-94.221887, 45.260506], [-94.221886, 45.260468], [-94.221852, 45.260436], [-94.221838, 45.260394], [-94.221823, 45.260291], [-94.221885, 45.260074], [-94.221953, 45.259843], [-94.222042, 45.259659], [-94.222044, 45.259457], [-94.22209, 45.259095], [-94.222099, 45.258874], [-94.222075, 45.258672], [-94.222096, 45.258447], [-94.222068, 45.258339], [-94.222007, 45.258293], [-94.221873, 45.258266], [-94.221792, 45.258234], [-94.221724, 45.258159], [-94.221587, 45.257973], [-94.22141, 45.257768], [-94.221319, 45.257591], [-94.221256, 45.257422], [-94.221144, 45.257151], [-94.221018, 45.256899], [-94.220856, 45.256609], [-94.220679, 45.256414], [-94.22036, 45.256107], [-94.220035, 45.255871], [-94.219797, 45.25562], [-94.219627, 45.255444], [-94.219478, 45.255342], [-94.21935, 45.255268], [-94.219235, 45.25518], [-94.219127, 45.255101], [-94.218992, 45.255028], [-94.218836, 45.254898], [-94.21872, 45.254767], [-94.218618, 45.254651], [-94.21859, 45.254571], [-94.218602, 45.254534], [-94.21874, 45.254429], [-94.218825, 45.254372], [-94.219093, 45.254134], [-94.219271, 45.254029], [-94.219476, 45.253952], [-94.219693, 45.253846], [-94.219897, 45.25375], [-94.220068, 45.253654], [-94.220184, 45.253493], [-94.220208, 45.253361], [-94.220212, 45.25322], [-94.220149, 45.253057], [-94.220032, 45.252884], [-94.219771, 45.25253], [-94.219661, 45.252376], [-94.219579, 45.25225], [-94.219531, 45.252199], [-94.219457, 45.252167], [-94.219397, 45.252135], [-94.219382, 45.252083], [-94.219416, 45.252083], [-94.219496, 45.252105], [-94.219549, 45.252105], [-94.219594, 45.252029], [-94.219592, 45.251926], [-94.219657, 45.251855], [-94.219836, 45.251806], [-94.220015, 45.251762], [-94.2202, 45.251699], [-94.220298, 45.251623], [-94.22033, 45.251543], [-94.220333, 45.251383], [-94.220223, 45.251243], [-94.22004, 45.251043], [-94.219895, 45.250824], [-94.219786, 45.250708], [-94.219717, 45.250577], [-94.219694, 45.250441], [-94.219658, 45.25031], [-94.219656, 45.250207], [-94.219613, 45.25008], [-94.219625, 45.250005], [-94.219676, 45.24991], [-94.219818, 45.249702], [-94.21984, 45.24951], [-94.219841, 45.249275], [-94.219795, 45.248989], [-94.219709, 45.248703], [-94.219617, 45.248432], [-94.219432, 45.24818], [-94.219227, 45.247924], [-94.219036, 45.247719], [-94.218974, 45.247603], [-94.218896, 45.247383], [-94.218873, 45.247252], [-94.218891, 45.247157], [-94.218886, 45.247035], [-94.218809, 45.246816], [-94.218655, 45.246502], [-94.218571, 45.246306], [-94.218515, 45.24617], [-94.21846, 45.246072], [-94.218399, 45.246035], [-94.218365, 45.245984], [-94.21833, 45.245919], [-94.218335, 45.245815], [-94.21836, 45.245745], [-94.218398, 45.245683], [-94.218451, 45.245659], [-94.218509, 45.245588], [-94.21866, 45.245488], [-94.218858, 45.245396], [-94.219266, 45.245195], [-94.219543, 45.245074], [-94.21974, 45.244945], [-94.219858, 45.24485], [-94.220028, 45.244712], [-94.220183, 45.244518], [-94.220274, 45.244386], [-94.220266, 45.244306], [-94.220231, 45.244203], [-94.220176, 45.244147], [-94.220087, 45.244035], [-94.219931, 45.243877], [-94.219815, 45.243742], [-94.21978, 45.243653], [-94.219752, 45.243611], [-94.219698, 45.243579], [-94.219651, 45.243556], [-94.219596, 45.243449], [-94.219558, 45.243252], [-94.21951, 45.243172], [-94.219402, 45.243108], [-94.219274, 45.243034], [-94.219153, 45.242965], [-94.218945, 45.242897], [-94.218737, 45.242824], [-94.21859, 45.242774], [-94.218481, 45.242676], [-94.218372, 45.242569], [-94.218325, 45.242513], [-94.21831, 45.242452], [-94.218329, 45.242396], [-94.21842, 45.242306], [-94.218597, 45.242158], [-94.218701, 45.24205], [-94.218732, 45.241932], [-94.21871, 45.241834], [-94.218722, 45.241768], [-94.218675, 45.241745], [-94.218641, 45.241698], [-94.218619, 45.241623], [-94.218592, 45.241581], [-94.218658, 45.241557], [-94.218776, 45.241471], [-94.218887, 45.241381], [-94.218918, 45.241296], [-94.218978, 45.241272], [-94.21907, 45.241228], [-94.219359, 45.241056], [-94.219529, 45.240937], [-94.219687, 45.240823], [-94.219831, 45.240751], [-94.219938, 45.240749], [-94.220063, 45.240692], [-94.220201, 45.240601], [-94.220319, 45.240543], [-94.220384, 45.240458], [-94.22045, 45.240359], [-94.220478, 45.240291], [-94.220459, 45.240232], [-94.220252, 45.240127], [-94.22018, 45.24012], [-94.220125, 45.24012], [-94.220107, 45.240104], [-94.220149, 45.240095], [-94.220226, 45.240047], [-94.220274, 45.240021], [-94.220353, 45.240054], [-94.220512, 45.240184], [-94.220598, 45.240243], [-94.220664, 45.240259], [-94.220857, 45.240253], [-94.221031, 45.240238], [-94.221163, 45.240232], [-94.221181, 45.240228], [-94.221224, 45.24024], [-94.221236, 45.240266], [-94.221177, 45.240322], [-94.22107, 45.240378], [-94.220988, 45.240477], [-94.220907, 45.240652], [-94.220784, 45.24081], [-94.220727, 45.240938], [-94.220711, 45.241024], [-94.220719, 45.241121], [-94.220744, 45.241181], [-94.220799, 45.241214], [-94.220908, 45.241238], [-94.220975, 45.241267], [-94.221043, 45.241352], [-94.221148, 45.241465], [-94.221288, 45.241561], [-94.22161, 45.241698], [-94.221841, 45.241777], [-94.221949, 45.241819], [-94.222003, 45.241847], [-94.222069, 45.241846], [-94.222181, 45.241817], [-94.222385, 45.241768], [-94.222511, 45.241748], [-94.222609, 45.2417], [-94.222667, 45.241629], [-94.222764, 45.241544], [-94.222967, 45.241439], [-94.223301, 45.241253], [-94.223464, 45.241139], [-94.223567, 45.241021], [-94.223652, 45.240936], [-94.223702, 45.240819], [-94.223766, 45.240702], [-94.223831, 45.240659], [-94.22383, 45.240598], [-94.223787, 45.240486], [-94.223719, 45.240398], [-94.223571, 45.240264], [-94.223469, 45.240144], [-94.223428, 45.240065], [-94.223399, 45.239981], [-94.223424, 45.239883], [-94.223409, 45.239813], [-94.223347, 45.239711], [-94.223245, 45.239576], [-94.223184, 45.239493], [-94.22315, 45.239465], [-94.223097, 45.239442], [-94.223076, 45.23941], [-94.223082, 45.239363], [-94.223121, 45.239339], [-94.223396, 45.239196], [-94.223527, 45.23914], [-94.223645, 45.239067], [-94.223751, 45.238994], [-94.223828, 45.238963], [-94.223935, 45.238937], [-94.223982, 45.238873], [-94.223963, 45.238826], [-94.223812, 45.238773], [-94.223302, 45.238707], [-94.222965, 45.238638], [-94.222815, 45.238615], [-94.222755, 45.238615], [-94.222714, 45.238658], [-94.222666, 45.238684], [-94.222583, 45.238685], [-94.222474, 45.238648], [-94.222359, 45.238573], [-94.222242, 45.238435], [-94.222145, 45.23841], [-94.222037, 45.238395], [-94.221941, 45.238366], [-94.221796, 45.238292], [-94.22174, 45.238225], [-94.221715, 45.238183], [-94.221655, 45.238175], [-94.221613, 45.238175], [-94.221565, 45.238163], [-94.221546, 45.238117], [-94.221551, 45.238062], [-94.221592, 45.238023], [-94.221699, 45.23798], [-94.221883, 45.237923], [-94.222086, 45.237861], [-94.222144, 45.237789], [-94.222191, 45.237738], [-94.222244, 45.237712], [-94.222304, 45.237703], [-94.222297, 45.237677], [-94.222266, 45.237616], [-94.222238, 45.237456], [-94.222163, 45.237279], [-94.222002, 45.237044], [-94.221945, 45.236884], [-94.221835, 45.236801], [-94.221744, 45.236738], [-94.221689, 45.236671], [-94.221651, 45.236587], [-94.221572, 45.23655], [-94.221559, 45.236495], [-94.221523, 45.236495], [-94.221487, 45.23647], [-94.221521, 45.236402], [-94.22162, 45.236279], [-94.221684, 45.23616], [-94.22174, 45.235995], [-94.221754, 45.235804], [-94.221767, 45.235555], [-94.221834, 45.23533], [-94.221844, 45.235228], [-94.22189, 45.235148], [-94.221931, 45.235101], [-94.221966, 45.235075], [-94.222074, 45.235057], [-94.222151, 45.235035], [-94.222246, 45.234996], [-94.222287, 45.234974], [-94.222394, 45.234939], [-94.222633, 45.234911], [-94.222783, 45.234889], [-94.222854, 45.234871], [-94.222937, 45.234811], [-94.222935, 45.234726], [-94.222932, 45.234595], [-94.222857, 45.234452], [-94.222794, 45.234288], [-94.222767, 45.23417], [-94.222766, 45.234136], [-94.222784, 45.234111], [-94.222831, 45.234089], [-94.222861, 45.234059], [-94.222966, 45.233919], [-94.223046, 45.233753], [-94.223074, 45.233647], [-94.223088, 45.233452], [-94.223088, 45.233173], [-94.223101, 45.232936], [-94.223108, 45.232712], [-94.22313, 45.232627], [-94.223258, 45.232461], [-94.22342, 45.232206], [-94.223483, 45.232065], [-94.223533, 45.231858], [-94.22354, 45.231668], [-94.223514, 45.231546], [-94.223452, 45.231428], [-94.223311, 45.23129], [-94.223201, 45.231202], [-94.223072, 45.231034], [-94.223045, 45.230912], [-94.223013, 45.230798], [-94.22297, 45.23074], [-94.222986, 45.230659], [-94.223, 45.230464], [-94.223002, 45.230287], [-94.222944, 45.23011], [-94.222868, 45.229895], [-94.222797, 45.229689], [-94.222745, 45.229551], [-94.222695, 45.229467], [-94.222628, 45.229425], [-94.222386, 45.229301], [-94.222168, 45.229168], [-94.222076, 45.229088], [-94.222015, 45.228996], [-94.221935, 45.228921], [-94.221869, 45.228905], [-94.221641, 45.228873], [-94.221275, 45.228848], [-94.221048, 45.228867], [-94.220874, 45.228881], [-94.220696, 45.228921], [-94.220463, 45.228945], [-94.220237, 45.229015], [-94.220005, 45.229106], [-94.219875, 45.229209], [-94.21983, 45.229328], [-94.219844, 45.229425], [-94.219912, 45.229501], [-94.219931, 45.229589], [-94.219922, 45.229686], [-94.219889, 45.229831], [-94.219841, 45.229852], [-94.219674, 45.229867], [-94.219482, 45.229839], [-94.219174, 45.229741], [-94.218872, 45.229584], [-94.218683, 45.22945], [-94.218534, 45.229352], [-94.21837, 45.229261], [-94.218166, 45.229238], [-94.217981, 45.229265], [-94.217808, 45.229322], [-94.217576, 45.229392], [-94.217422, 45.22947], [-94.217269, 45.229564], [-94.217169, 45.229658], [-94.217075, 45.229735], [-94.216981, 45.229842], [-94.21696, 45.229978], [-94.216944, 45.230075], [-94.21697, 45.230181], [-94.216991, 45.230307], [-94.216964, 45.230434], [-94.216779, 45.230745], [-94.216692, 45.230877], [-94.216634, 45.230962], [-94.216618, 45.231043], [-94.216643, 45.231106], [-94.216688, 45.231198], [-94.216822, 45.231349], [-94.217025, 45.231596], [-94.217117, 45.231705], [-94.217191, 45.231759], [-94.217216, 45.231822], [-94.217301, 45.231876], [-94.217445, 45.231913], [-94.217625, 45.231932], [-94.217787, 45.231926], [-94.21796, 45.231911], [-94.218092, 45.23191], [-94.21826, 45.231921], [-94.218398, 45.231932], [-94.218506, 45.231944], [-94.218524, 45.231965], [-94.218514, 45.232045], [-94.218512, 45.232244], [-94.218473, 45.232354], [-94.218467, 45.232384], [-94.218474, 45.232409], [-94.218546, 45.232413], [-94.218576, 45.232425], [-94.21859, 45.232531], [-94.218593, 45.232636], [-94.218618, 45.232695], [-94.218704, 45.232821], [-94.218778, 45.232905], [-94.218809, 45.232964], [-94.218811, 45.233061], [-94.218784, 45.23318], [-94.218753, 45.233399], [-94.218747, 45.233657], [-94.218775, 45.233851], [-94.218786, 45.23408], [-94.218832, 45.234274], [-94.218871, 45.234425], [-94.218914, 45.234505], [-94.218987, 45.23456], [-94.219115, 45.234626], [-94.219235, 45.234667], [-94.219343, 45.234683], [-94.219439, 45.234682], [-94.219481, 45.23469], [-94.2195, 45.234744], [-94.219496, 45.234799], [-94.219395, 45.234847], [-94.2191, 45.23504], [-94.21897, 45.235126], [-94.218726, 45.235197], [-94.218433, 45.235217], [-94.218193, 45.235219], [-94.21787, 45.235231], [-94.217618, 45.235225], [-94.217385, 45.235249], [-94.217224, 45.235267], [-94.217045, 45.235307], [-94.216933, 45.235364], [-94.216791, 45.235479], [-94.2166, 45.235671], [-94.216459, 45.235795], [-94.216305, 45.23589], [-94.21592, 45.236067], [-94.215386, 45.236322], [-94.21497, 45.236471], [-94.214596, 45.23661], [-94.214305, 45.236752], [-94.213969, 45.236967], [-94.213762, 45.237092], [-94.213324, 45.237351], [-94.212921, 45.237549], [-94.212759, 45.237652], [-94.212695, 45.237733], [-94.212607, 45.237853], [-94.212573, 45.237937], [-94.212583, 45.238128], [-94.212562, 45.238242], [-94.212481, 45.238412], [-94.212348, 45.238608], [-94.21229, 45.238685], [-94.212256, 45.238778], [-94.212277, 45.238943], [-94.212283, 45.23923], [-94.21228, 45.239378], [-94.21226, 45.239526], [-94.21218, 45.239717], [-94.212105, 45.239879], [-94.212, 45.240021], [-94.211871, 45.240145], [-94.211712, 45.240243], [-94.211587, 45.240304], [-94.211462, 45.240326], [-94.211312, 45.24032], [-94.21121, 45.240299], [-94.211137, 45.240275], [-94.211077, 45.240233], [-94.211051, 45.240166], [-94.211072, 45.240022], [-94.211104, 45.239848], [-94.211189, 45.239594], [-94.211227, 45.239416], [-94.211238, 45.239356], [-94.211182, 45.239281], [-94.211138, 45.239184], [-94.211083, 45.239113], [-94.211051, 45.239033], [-94.211055, 45.238931], [-94.211041, 45.238821], [-94.210961, 45.238734], [-94.210809, 45.238621], [-94.210638, 45.238488], [-94.21033, 45.238351], [-94.210216, 45.238327], [-94.210155, 45.238285], [-94.210082, 45.238231], [-94.210024, 45.238094], [-94.209911, 45.237871], [-94.209854, 45.237699], [-94.20982, 45.237526], [-94.209835, 45.237386], [-94.209862, 45.237255], [-94.209853, 45.237081], [-94.209809, 45.23698], [-94.209759, 45.236913], [-94.209663, 45.23688], [-94.209479, 45.236726], [-94.209314, 45.236576], [-94.209203, 45.236429], [-94.209122, 45.236282], [-94.209078, 45.236172], [-94.209063, 45.236033], [-94.209067, 45.235936], [-94.209142, 45.235829], [-94.20927, 45.235667], [-94.209363, 45.235535], [-94.20941, 45.235492], [-94.209464, 45.235479], [-94.209542, 45.23547], [-94.209784, 45.235332], [-94.209939, 45.235263], [-94.210039, 45.235202], [-94.210109, 45.235088], [-94.210185, 45.235019], [-94.210279, 45.234938], [-94.210308, 45.234899], [-94.21026, 45.23487], [-94.210217, 45.23485], [-94.210179, 45.234757], [-94.21013, 45.234711], [-94.210101, 45.23472], [-94.210083, 45.234733], [-94.210047, 45.234708], [-94.21007, 45.234661], [-94.210075, 45.234636], [-94.210033, 45.234628], [-94.209984, 45.23459], [-94.209942, 45.234569], [-94.209912, 45.234553], [-94.209804, 45.23455], [-94.209738, 45.234584], [-94.209692, 45.234648], [-94.209639, 45.234678], [-94.209537, 45.234683], [-94.209436, 45.234723], [-94.209372, 45.234795], [-94.209301, 45.234864], [-94.209231, 45.234928], [-94.20922, 45.234962], [-94.209046, 45.234951], [-94.208872, 45.234974], [-94.208729, 45.235001], [-94.208646, 45.235044], [-94.208443, 45.235033], [-94.208335, 45.23506], [-94.208186, 45.235095], [-94.208037, 45.235105], [-94.207809, 45.235099], [-94.207538, 45.235026], [-94.20723, 45.23489], [-94.207048, 45.234782], [-94.20689, 45.23469], [-94.206794, 45.234679], [-94.206627, 45.234689], [-94.206376, 45.234742], [-94.205829, 45.234875], [-94.205139, 45.235089], [-94.204907, 45.235143], [-94.204854, 45.235194], [-94.20464, 45.235289], [-94.204284, 45.235437], [-94.20404, 45.23552], [-94.20382, 45.235598], [-94.203696, 45.235654], [-94.203625, 45.235706], [-94.203584, 45.235765], [-94.203598, 45.235862], [-94.203643, 45.235993], [-94.203693, 45.236086], [-94.203754, 45.236161], [-94.203895, 45.236307], [-94.20403, 45.236437], [-94.204043, 45.236513], [-94.204093, 45.236597], [-94.20415, 45.236744], [-94.204177, 45.236913], [-94.204173, 45.236998], [-94.204168, 45.237086], [-94.204212, 45.237187], [-94.204305, 45.237334], [-94.204453, 45.237514], [-94.204473, 45.237595], [-94.204522, 45.237657], [-94.204577, 45.237708], [-94.204609, 45.237817], [-94.204625, 45.237986], [-94.204617, 45.238172], [-94.204638, 45.238333], [-94.20467, 45.238459], [-94.204784, 45.238712], [-94.204828, 45.238851], [-94.204824, 45.238935], [-94.204874, 45.239019], [-94.204923, 45.239078], [-94.204974, 45.239191], [-94.205052, 45.239482], [-94.205081, 45.239706], [-94.205131, 45.240111], [-94.205144, 45.240454], [-94.205152, 45.240821], [-94.205103, 45.241038], [-94.205098, 45.241097], [-94.205111, 45.24116], [-94.205155, 45.24124], [-94.205228, 45.241282], [-94.205324, 45.241323], [-94.205532, 45.241354], [-94.205796, 45.241419], [-94.205972, 45.241505], [-94.206245, 45.241672], [-94.2065, 45.241842], [-94.206633, 45.241896], [-94.206795, 45.241924], [-94.206952, 45.24199], [-94.207135, 45.242132], [-94.207416, 45.242395], [-94.207674, 45.242692], [-94.207803, 45.242843], [-94.207871, 45.242931], [-94.207896, 45.242995], [-94.207898, 45.243087], [-94.207877, 45.243215], [-94.207848, 45.243274], [-94.207729, 45.243393], [-94.207695, 45.243474], [-94.207672, 45.243533], [-94.207609, 45.24364], [-94.207443, 45.243743], [-94.207284, 45.243842], [-94.207248, 45.243863], [-94.2072, 45.243855], [-94.207152, 45.243822], [-94.207151, 45.243792], [-94.207168, 45.243746], [-94.207107, 45.243683], [-94.206956, 45.243651], [-94.206759, 45.243674], [-94.206363, 45.243653], [-94.206046, 45.243648], [-94.20586, 45.243637], [-94.205668, 45.243639], [-94.205471, 45.243662], [-94.205178, 45.243678], [-94.204909, 45.243702], [-94.204784, 45.243724], [-94.204683, 45.243768], [-94.204577, 45.24387], [-94.204489, 45.24396], [-94.20446, 45.244011], [-94.204456, 45.24407], [-94.204487, 45.244142], [-94.204513, 45.244235], [-94.204534, 45.244387], [-94.204568, 45.244581], [-94.204594, 45.244678], [-94.204668, 45.244766], [-94.204772, 45.244853], [-94.204923, 45.244924], [-94.204959, 45.244944], [-94.204984, 45.244982], [-94.20514, 45.24501], [-94.205309, 45.245038], [-94.205609, 45.245102], [-94.205718, 45.245127], [-94.20582, 45.245134], [-94.205886, 45.245133], [-94.205957, 45.24512], [-94.206052, 45.245089], [-94.206081, 45.245047], [-94.206099, 45.245008], [-94.206182, 45.244991], [-94.206386, 45.244997], [-94.20659, 45.245037], [-94.20682, 45.245128], [-94.207091, 45.245214], [-94.207338, 45.245283], [-94.207861, 45.245453], [-94.208235, 45.24558], [-94.208392, 45.245625], [-94.208447, 45.245688], [-94.208628, 45.245758], [-94.208749, 45.245799], [-94.208815, 45.245815], [-94.208838, 45.245777], [-94.208802, 45.245756], [-94.208832, 45.245735], [-94.208939, 45.245738], [-94.209155, 45.245735], [-94.209287, 45.245764], [-94.209365, 45.245759], [-94.20946, 45.245736], [-94.209652, 45.245726], [-94.209819, 45.24569], [-94.209973, 45.245604], [-94.210056, 45.245557], [-94.210145, 45.245526], [-94.210264, 45.245495], [-94.210306, 45.245491], [-94.210378, 45.245515], [-94.210518, 45.245607], [-94.210603, 45.245686], [-94.21069, 45.245791], [-94.21074, 45.245905], [-94.210795, 45.245963], [-94.210892, 45.246013], [-94.211036, 45.246054], [-94.211283, 45.246093], [-94.211769, 45.246156], [-94.211901, 45.246163], [-94.212009, 45.246162], [-94.2121, 45.24619], [-94.212267, 45.246201], [-94.212519, 45.246207], [-94.212741, 45.246217], [-94.212847, 45.246223], [-94.212966, 45.246171], [-94.21309, 45.246102], [-94.213202, 45.246008], [-94.213368, 45.245934], [-94.213457, 45.245891], [-94.213516, 45.245861], [-94.21354, 45.245861], [-94.213577, 45.245915], [-94.213671, 45.246109], [-94.213771, 45.246302], [-94.213839, 45.246377], [-94.213948, 45.246431], [-94.214147, 45.246514], [-94.214388, 45.246575], [-94.214587, 45.246623], [-94.214671, 45.246652], [-94.214696, 45.246677], [-94.214709, 45.24674], [-94.21464, 45.246876], [-94.214505, 45.247005], [-94.214305, 45.247163], [-94.214122, 45.247296], [-94.213938, 45.247387], [-94.213642, 45.247568], [-94.213324, 45.247808], [-94.213177, 45.247945], [-94.213001, 45.248099], [-94.212923, 45.248196], [-94.212926, 45.248298], [-94.212927, 45.248382], [-94.212971, 45.248458], [-94.213027, 45.24855], [-94.213076, 45.248622], [-94.213078, 45.248689], [-94.213055, 45.248736], [-94.213025, 45.248753], [-94.212966, 45.248796], [-94.212925, 45.248847], [-94.212926, 45.248894], [-94.212916, 45.24897], [-94.212935, 45.248995], [-94.212959, 45.249025], [-94.212954, 45.249088], [-94.212878, 45.249135], [-94.212771, 45.249191], [-94.212683, 45.249264], [-94.212629, 45.24929], [-94.212551, 45.249291], [-94.21254, 45.2493], [-94.212523, 45.249346], [-94.21247, 45.249393], [-94.212328, 45.249496], [-94.212294, 45.249577], [-94.212271, 45.249632], [-94.212195, 45.249713], [-94.212143, 45.24982], [-94.212092, 45.249939], [-94.212052, 45.250011], [-94.212024, 45.2501], [-94.211971, 45.250151], [-94.211888, 45.250203], [-94.211805, 45.250263], [-94.211662, 45.250412], [-94.211581, 45.250561], [-94.211497, 45.250811], [-94.211446, 45.25096], [-94.211425, 45.251087], [-94.211378, 45.251155], [-94.211301, 45.251202], [-94.211194, 45.251229], [-94.210997, 45.251252], [-94.210889, 45.251261], [-94.210829, 45.251237], [-94.21078, 45.251203], [-94.210659, 45.251141], [-94.210532, 45.251075], [-94.210423, 45.251038], [-94.210345, 45.251035]]]}}, {"type": "Feature", "properties": {"depth_ft": 0.0, "lake": "West Lake Sylvia", "dow": "86027900"}, "geometry": {"type": "Polygon", "coordinates": [[[-94.210533, 45.245024], [-94.21059, 45.245072], [-94.210601, 45.245136], [-94.210599, 45.245183], [-94.210548, 45.245233], [-94.210531, 45.24526], [-94.210531, 45.245277], [-94.210553, 45.245294], [-94.21057, 45.245306], [-94.210568, 45.245343], [-94.210544, 45.245368], [-94.210495, 45.24538], [-94.210471, 45.245395], [-94.210433, 45.245403], [-94.210388, 45.245391], [-94.210387, 45.245355], [-94.210369, 45.24533], [-94.210331, 45.245355], [-94.210321, 45.245363], [-94.210282, 45.245358], [-94.210244, 45.245336], [-94.210188, 45.245352], [-94.210131, 45.245419], [-94.210103, 45.245446], [-94.210055, 45.245444], [-94.210043, 45.245385], [-94.210076, 45.245311], [-94.210131, 45.245266], [-94.210137, 45.24522], [-94.210118, 45.245154], [-94.210162, 45.245099], [-94.21022, 45.245027], [-94.210288, 45.244977], [-94.210347, 45.244964], [-94.210417, 45.244964], [-94.210483, 45.24499], [-94.210519, 45.245009], [-94.210533, 45.245024]]]}}, {"type": "Feature", "properties": {"depth_ft": 0.0, "lake": "West Lake Sylvia", "dow": "86027900"}, "geometry": {"type": "Polygon", "coordinates": [[[-94.213204, 45.24335], [-94.213353, 45.243491], [-94.213437, 45.243667], [-94.213476, 45.243809], [-94.213509, 45.243899], [-94.213552, 45.24392], [-94.213589, 45.243946], [-94.213591, 45.244015], [-94.213544, 45.244144], [-94.213432, 45.24431], [-94.213257, 45.244424], [-94.213112, 45.244494], [-94.212985, 45.244569], [-94.212944, 45.244638], [-94.212909, 45.244699], [-94.21289, 45.244703], [-94.212877, 45.244669], [-94.212881, 45.24457], [-94.212843, 45.244497], [-94.212817, 45.244394], [-94.212797, 45.244312], [-94.212787, 45.244157], [-94.212771, 45.243997], [-94.212775, 45.243894], [-94.21278, 45.243829], [-94.212736, 45.243774], [-94.212698, 45.243709], [-94.212685, 45.243658], [-94.212659, 45.243615], [-94.21261, 45.243585], [-94.212554, 45.243543], [-94.212528, 45.243457], [-94.212507, 45.243327], [-94.212517, 45.243228], [-94.212509, 45.243129], [-94.212519, 45.243025], [-94.212498, 45.242935], [-94.212442, 45.24288], [-94.212325, 45.242825], [-94.212177, 45.24277], [-94.212054, 45.242728], [-94.211975, 45.242729], [-94.211852, 45.242718], [-94.211803, 45.242697], [-94.211802, 45.242662], [-94.211875, 45.242648], [-94.211923, 45.242605], [-94.211965, 45.242553], [-94.21205, 45.242526], [-94.212226, 45.242502], [-94.21238, 45.242518], [-94.212503, 45.242564], [-94.212676, 45.24267], [-94.212857, 45.242845], [-94.212902, 45.242935], [-94.213015, 45.243076], [-94.213134, 45.243226], [-94.213172, 45.243286], [-94.213204, 45.24335]]]}}, {"type": "Feature", "properties": {"depth_ft": 10.0, "lake": "West Lake Sylvia", "dow": "86027900"}, "geometry": {"type": "Polygon", "coordinates": [[[-94.213561, 45.265104], [-94.213241, 45.265434], [-94.212797, 45.265837], [-94.212536, 45.266015], [-94.212274, 45.266157], [-94.212138, 45.266212], [-94.211668, 45.266229], [-94.2116, 45.266218], [-94.211437, 45.266177], [-94.211214, 45.266144], [-94.210495, 45.266097], [-94.209834, 45.265983], [-94.209344, 45.265856], [-94.208801, 45.265656], [-94.208766, 45.26562], [-94.208748, 45.265584], [-94.20873, 45.26553], [-94.208829, 45.265336], [-94.208879, 45.265287], [-94.209022, 45.265189], [-94.209072, 45.265134], [-94.209205, 45.264958], [-94.209316, 45.264558], [-94.20914, 45.263908], [-94.20889, 45.26341], [-94.20882, 45.26332], [-94.208776, 45.263242], [-94.208702, 45.263001], [-94.208751, 45.26288], [-94.208792, 45.262819], [-94.208868, 45.262776], [-94.208962, 45.262757], [-94.209056, 45.26275], [-94.20915, 45.262755], [-94.209699, 45.262846], [-94.210323, 45.262851], [-94.2104, 45.262845], [-94.210544, 45.262789], [-94.21062, 45.262752], [-94.210827, 45.262623], [-94.210873, 45.262521], [-94.210877, 45.262336], [-94.210855, 45.262127], [-94.210729, 45.261839], [-94.210448, 45.26148], [-94.210396, 45.261444], [-94.21003, 45.261116], [-94.209131, 45.260256], [-94.208845, 45.26006], [-94.208697, 45.259929], [-94.207544, 45.259091], [-94.206736, 45.258555], [-94.20607, 45.258188], [-94.205915, 45.258123], [-94.205529, 45.258055], [-94.204869, 45.257978], [-94.204732, 45.257943], [-94.204568, 45.257884], [-94.204447, 45.257831], [-94.204387, 45.257789], [-94.204352, 45.257748], [-94.204316, 45.257676], [-94.204289, 45.257597], [-94.204345, 45.25744], [-94.204421, 45.257391], [-94.204582, 45.257311], [-94.205006, 45.257149], [-94.205021, 45.257046], [-94.204943, 45.257023], [-94.20478, 45.256995], [-94.204266, 45.256946], [-94.203897, 45.256853], [-94.20369, 45.256771], [-94.203621, 45.256723], [-94.203551, 45.256664], [-94.203524, 45.256597], [-94.203505, 45.256483], [-94.203511, 45.256368], [-94.20355, 45.256223], [-94.203766, 45.255907], [-94.203824, 45.255852], [-94.203925, 45.255778], [-94.204018, 45.255723], [-94.204349, 45.255617], [-94.204477, 45.255597], [-94.204673, 45.255583], [-94.20598, 45.255551], [-94.206543, 45.255497], [-94.206993, 45.255335], [-94.207589, 45.255239], [-94.207843, 45.255139], [-94.207977, 45.254987], [-94.208116, 45.25469], [-94.208334, 45.254506], [-94.208503, 45.254396], [-94.208579, 45.254359], [-94.208757, 45.254327], [-94.20916, 45.254359], [-94.20939, 45.254326], [-94.209449, 45.254314], [-94.209635, 45.254221], [-94.209762, 45.254141], [-94.209833, 45.253875], [-94.209615, 45.253243], [-94.209449, 45.252608], [-94.209398, 45.252274], [-94.209402, 45.252081], [-94.209427, 45.252032], [-94.209494, 45.251965], [-94.209561, 45.251916], [-94.209629, 45.251885], [-94.209841, 45.25181], [-94.209934, 45.251797], [-94.210097, 45.251802], [-94.210183, 45.251819], [-94.210355, 45.251871], [-94.210562, 45.251978], [-94.210631, 45.251995], [-94.210876, 45.251884], [-94.210951, 45.251805], [-94.210993, 45.251744], [-94.211101, 45.251628], [-94.211591, 45.250959], [-94.211933, 45.250539], [-94.212433, 45.249948], [-94.212634, 45.249759], [-94.212842, 45.249491], [-94.212984, 45.249351], [-94.213452, 45.248863], [-94.213567, 45.248608], [-94.213585, 45.248282], [-94.213557, 45.248173], [-94.213564, 45.248077], [-94.21358, 45.248028], [-94.213647, 45.247961], [-94.214238, 45.247623], [-94.214288, 45.247574], [-94.215096, 45.246986], [-94.215205, 45.246876], [-94.215263, 45.246803], [-94.215287, 45.246749], [-94.215311, 45.246652], [-94.21531, 45.246598], [-94.215215, 45.24655], [-94.215129, 45.246527], [-94.214949, 45.246505], [-94.214444, 45.246399], [-94.214186, 45.246255], [-94.214032, 45.246111], [-94.213973, 45.245943], [-94.214024, 45.24574], [-94.214175, 45.245357], [-94.214188, 45.245228], [-94.214178, 45.245121], [-94.214073, 45.245027], [-94.213929, 45.245], [-94.213683, 45.245059], [-94.213453, 45.245089], [-94.213405, 45.245056], [-94.213411, 45.244983], [-94.213461, 45.244867], [-94.213528, 45.244775], [-94.21367, 45.244635], [-94.21373, 45.244472], [-94.213753, 45.244073], [-94.213642, 45.243714], [-94.21319, 45.243009], [-94.213131, 45.242847], [-94.213257, 45.242424], [-94.213284, 45.242216], [-94.213256, 45.242014], [-94.213175, 45.241919], [-94.213078, 45.241887], [-94.212872, 45.241883], [-94.212674, 45.241942], [-94.212403, 45.242101], [-94.212259, 45.242151], [-94.212123, 45.242189], [-94.212004, 45.242214], [-94.211935, 45.242221], [-94.211655, 45.242272], [-94.211307, 45.242421], [-94.210389, 45.242636], [-94.210237, 45.242692], [-94.210084, 45.242772], [-94.209715, 45.243078], [-94.209598, 45.243193], [-94.209474, 45.243394], [-94.209401, 45.243576], [-94.209369, 45.243691], [-94.20943, 45.243757], [-94.2095, 45.243804], [-94.209603, 45.243857], [-94.210101, 45.243961], [-94.210265, 45.244013], [-94.210317, 45.244049], [-94.210352, 45.244121], [-94.210337, 45.244188], [-94.210245, 45.244279], [-94.209777, 45.244399], [-94.209667, 45.244448], [-94.209296, 45.244657], [-94.209108, 45.244684], [-94.209031, 45.244684], [-94.208398, 45.244625], [-94.208338, 45.244613], [-94.208209, 45.244603], [-94.207713, 45.244584], [-94.206161, 45.244727], [-94.206007, 45.24471], [-94.205844, 45.244664], [-94.205791, 45.24458], [-94.205833, 45.244531], [-94.20595, 45.244427], [-94.206458, 45.244217], [-94.206797, 45.244098], [-94.206917, 45.244073], [-94.207002, 45.244066], [-94.20714, 45.244096], [-94.207252, 45.24409], [-94.207369, 45.244021], [-94.207628, 45.24381], [-94.207884, 45.243516], [-94.207965, 45.243206], [-94.207983, 45.242964], [-94.207907, 45.242752], [-94.207729, 45.242489], [-94.207362, 45.242131], [-94.207293, 45.242077], [-94.207224, 45.242042], [-94.20712, 45.241976], [-94.206531, 45.24159], [-94.206461, 45.241531], [-94.206234, 45.241304], [-94.205817, 45.240988], [-94.205628, 45.240899], [-94.205575, 45.240846], [-94.205531, 45.240774], [-94.205468, 45.240624], [-94.205406, 45.240105], [-94.205358, 45.239472], [-94.205301, 45.239207], [-94.205283, 45.239153], [-94.205176, 45.238949], [-94.204932, 45.238329], [-94.204849, 45.238028], [-94.204617, 45.237566], [-94.204468, 45.237356], [-94.20444, 45.237266], [-94.204405, 45.237206], [-94.204045, 45.236094], [-94.204019, 45.235925], [-94.204042, 45.235822], [-94.204075, 45.235755], [-94.204167, 45.235688], [-94.204387, 45.235546], [-94.205229, 45.235256], [-94.205651, 45.235129], [-94.206102, 45.235045], [-94.20623, 45.235038], [-94.206426, 45.235048], [-94.206735, 45.235087], [-94.207387, 45.235237], [-94.207886, 45.235389], [-94.208066, 45.235429], [-94.208126, 45.235435], [-94.208452, 45.235473], [-94.208538, 45.235497], [-94.208667, 45.23555], [-94.208721, 45.2357], [-94.208672, 45.23601], [-94.20869, 45.236243], [-94.208745, 45.236412], [-94.208798, 45.236502], [-94.209025, 45.236729], [-94.209094, 45.236776], [-94.209373, 45.237045], [-94.209435, 45.237129], [-94.20948, 45.237213], [-94.209546, 45.237514], [-94.209797, 45.238073], [-94.21005, 45.238324], [-94.210828, 45.238762], [-94.210863, 45.23881], [-94.211013, 45.239424], [-94.211024, 45.239539], [-94.211018, 45.239641], [-94.210987, 45.239786], [-94.210873, 45.240077], [-94.210842, 45.240235], [-94.210852, 45.240283], [-94.210879, 45.240337], [-94.210931, 45.240385], [-94.211017, 45.240438], [-94.211233, 45.240544], [-94.211311, 45.240574], [-94.211431, 45.240609], [-94.2115, 45.24062], [-94.211602, 45.240607], [-94.211781, 45.240569], [-94.211908, 45.240525], [-94.211967, 45.240482], [-94.212067, 45.240385], [-94.212184, 45.240233], [-94.212258, 45.240099], [-94.212331, 45.239929], [-94.212642, 45.238507], [-94.213439, 45.237805], [-94.214037, 45.237418], [-94.214054, 45.237394], [-94.214104, 45.237351], [-94.214855, 45.236872], [-94.216173, 45.236194], [-94.217095, 45.235792], [-94.217294, 45.235476], [-94.217463, 45.235384], [-94.217531, 45.235365], [-94.217845, 45.235301], [-94.218203, 45.235249], [-94.218513, 45.235247], [-94.218791, 45.235222], [-94.219005, 45.235152], [-94.219169, 45.235049], [-94.219413, 45.234912], [-94.219594, 45.234826], [-94.219656, 45.234758], [-94.219646, 45.234657], [-94.219597, 45.234578], [-94.219084, 45.234404], [-94.219004, 45.23436], [-94.218947, 45.23431], [-94.218913, 45.234204], [-94.218885, 45.234004], [-94.218894, 45.233624], [-94.218932, 45.232984], [-94.218836, 45.232777], [-94.218703, 45.232526], [-94.218652, 45.232256], [-94.218579, 45.231858], [-94.21853, 45.231763], [-94.218433, 45.231703], [-94.218194, 45.231677], [-94.217914, 45.23163], [-94.217682, 45.231565], [-94.217473, 45.231466], [-94.21736, 45.231372], [-94.217286, 45.231232], [-94.217244, 45.230364], [-94.217268, 45.230267], [-94.217309, 45.230194], [-94.217418, 45.230078], [-94.217527, 45.229993], [-94.217603, 45.229962], [-94.217764, 45.229912], [-94.217927, 45.229934], [-94.21809, 45.229975], [-94.218934, 45.23028], [-94.219054, 45.230308], [-94.219148, 45.23032], [-94.219371, 45.230329], [-94.219609, 45.230303], [-94.219811, 45.230149], [-94.219861, 45.230101], [-94.219894, 45.230052], [-94.219952, 45.229931], [-94.220018, 45.229827], [-94.220218, 45.229528], [-94.220422, 45.229391], [-94.220737, 45.229258], [-94.220984, 45.229261], [-94.221103, 45.229249], [-94.221269, 45.229207], [-94.221475, 45.229188], [-94.221644, 45.229237], [-94.221886, 45.22942], [-94.222065, 45.229614], [-94.222266, 45.229719], [-94.222307, 45.229747], [-94.222399, 45.22997], [-94.222418, 45.230111], [-94.222381, 45.23024], [-94.222327, 45.230352], [-94.222355, 45.230448], [-94.222505, 45.230676], [-94.222524, 45.230784], [-94.222782, 45.23124], [-94.222869, 45.231336], [-94.222931, 45.231426], [-94.222958, 45.231486], [-94.222967, 45.231534], [-94.22297, 45.231685], [-94.222882, 45.231951], [-94.222715, 45.232318], [-94.222565, 45.232691], [-94.222534, 45.232843], [-94.222521, 45.233018], [-94.222506, 45.233525], [-94.222432, 45.234069], [-94.22245, 45.234123], [-94.222479, 45.234256], [-94.22247, 45.234648], [-94.22242, 45.234697], [-94.222378, 45.234728], [-94.221953, 45.234817], [-94.221877, 45.234854], [-94.221691, 45.234958], [-94.221649, 45.235013], [-94.221419, 45.23609], [-94.221358, 45.236225], [-94.221301, 45.236302], [-94.22126, 45.236393], [-94.221715, 45.23689], [-94.221714, 45.236977], [-94.221674, 45.237], [-94.22161, 45.236989], [-94.221467, 45.236991], [-94.221413, 45.237036], [-94.221414, 45.237087], [-94.22147, 45.237137], [-94.221615, 45.237191], [-94.221703, 45.237247], [-94.221713, 45.23732], [-94.221699, 45.23741], [-94.221629, 45.237489], [-94.221259, 45.237645], [-94.220933, 45.237858], [-94.220851, 45.238009], [-94.220827, 45.238082], [-94.220941, 45.238244], [-94.221488, 45.238642], [-94.221601, 45.238738], [-94.221639, 45.238925], [-94.221651, 45.239075], [-94.221581, 45.239414], [-94.221533, 45.239541], [-94.221492, 45.239614], [-94.221424, 45.239663], [-94.221272, 45.239737], [-94.221195, 45.239744], [-94.221101, 45.239733], [-94.221032, 45.239716], [-94.221007, 45.239704], [-94.220921, 45.239675], [-94.220844, 45.239669], [-94.220749, 45.239652], [-94.220698, 45.239635], [-94.220569, 45.239612], [-94.220389, 45.239602], [-94.220193, 45.239616], [-94.220065, 45.239642], [-94.21987, 45.239784], [-94.219813, 45.239843], [-94.219789, 45.239898], [-94.219782, 45.239977], [-94.219795, 45.240188], [-94.219832, 45.240314], [-94.219843, 45.240404], [-94.219734, 45.24052], [-94.219649, 45.240557], [-94.219371, 45.240705], [-94.21932, 45.24076], [-94.219186, 45.240882], [-94.219102, 45.240919], [-94.218991, 45.240957], [-94.218889, 45.240976], [-94.218157, 45.241098], [-94.217687, 45.241097], [-94.217447, 45.241064], [-94.217277, 45.241072], [-94.217201, 45.241121], [-94.217219, 45.241187], [-94.217263, 45.241259], [-94.217316, 45.241319], [-94.217411, 45.241366], [-94.2176, 45.24143], [-94.218132, 45.241527], [-94.218485, 45.241668], [-94.218538, 45.24171], [-94.2186, 45.241836], [-94.218535, 45.241976], [-94.218485, 45.242037], [-94.218384, 45.24214], [-94.218301, 45.24225], [-94.218285, 45.242298], [-94.218245, 45.242379], [-94.218246, 45.242447], [-94.218297, 45.242586], [-94.218548, 45.242808], [-94.218974, 45.242961], [-94.219399, 45.243181], [-94.219473, 45.243253], [-94.219515, 45.24336], [-94.219582, 45.243544], [-94.220094, 45.244162], [-94.220183, 45.244324], [-94.220057, 45.244526], [-94.219854, 45.244707], [-94.219335, 45.244988], [-94.21843, 45.245441], [-94.218235, 45.245601], [-94.218142, 45.245714], [-94.218105, 45.245875], [-94.218148, 45.246031], [-94.218404, 45.246472], [-94.21854, 45.246853], [-94.218583, 45.24701], [-94.218603, 45.247154], [-94.218597, 45.247287], [-94.218619, 45.247492], [-94.218673, 45.247636], [-94.21937, 45.248661], [-94.219406, 45.248733], [-94.219424, 45.248793], [-94.219483, 45.249155], [-94.219202, 45.250038], [-94.219181, 45.250207], [-94.219208, 45.250353], [-94.219399, 45.250693], [-94.219475, 45.250797], [-94.219607, 45.250946], [-94.219667, 45.250982], [-94.21993, 45.251256], [-94.219956, 45.25131], [-94.219899, 45.251426], [-94.219714, 45.251542], [-94.219366, 45.251655], [-94.218931, 45.251821], [-94.218869, 45.251872], [-94.218838, 45.251929], [-94.218864, 45.252013], [-94.218922, 45.252136], [-94.21944, 45.252741], [-94.219493, 45.252824], [-94.219556, 45.252987], [-94.219606, 45.253294], [-94.219607, 45.25336], [-94.219449, 45.253567], [-94.218902, 45.253953], [-94.217958, 45.254555], [-94.217653, 45.254679], [-94.217628, 45.254728], [-94.217724, 45.254823], [-94.218308, 45.254968], [-94.218584, 45.255055], [-94.21873, 45.25512], [-94.218903, 45.255221], [-94.219069, 45.255346], [-94.2192, 45.255502], [-94.219298, 45.256074], [-94.219321, 45.256762], [-94.219341, 45.2569], [-94.219416, 45.257183], [-94.219547, 45.257345], [-94.219696, 45.257518], [-94.219956, 45.257679], [-94.220016, 45.257708], [-94.220103, 45.257774], [-94.220295, 45.257959], [-94.220543, 45.258372], [-94.221123, 45.259085], [-94.221158, 45.259138], [-94.221373, 45.259583], [-94.221394, 45.259794], [-94.221131, 45.260678], [-94.221082, 45.260787], [-94.221049, 45.260836], [-94.221, 45.260927], [-94.221009, 45.261337], [-94.221047, 45.261536], [-94.221117, 45.26159], [-94.221622, 45.262049], [-94.221701, 45.262133], [-94.221736, 45.262181], [-94.221758, 45.262404], [-94.221586, 45.26275], [-94.221294, 45.263091], [-94.221034, 45.263323], [-94.220665, 45.263874], [-94.220458, 45.264224], [-94.22035, 45.264776], [-94.220557, 45.265504], [-94.220562, 45.265756], [-94.220381, 45.266354], [-94.220332, 45.266445], [-94.220241, 45.266579], [-94.220107, 45.266707], [-94.220031, 45.266762], [-94.219913, 45.26683], [-94.219675, 45.266923], [-94.219522, 45.266967], [-94.218731, 45.267108], [-94.218332, 45.267176], [-94.217921, 45.267309], [-94.217515, 45.267435], [-94.21737, 45.267448], [-94.217276, 45.267437], [-94.217061, 45.267379], [-94.217013, 45.267126], [-94.217063, 45.267053], [-94.217121, 45.266992], [-94.217341, 45.266887], [-94.217502, 45.266831], [-94.217732, 45.266775], [-94.217962, 45.266742], [-94.218073, 45.266747], [-94.218322, 45.26678], [-94.218545, 45.266826], [-94.218779, 45.266845], [-94.218994, 45.266837], [-94.219183, 45.266773], [-94.219403, 45.266636], [-94.21952, 45.2665], [-94.219534, 45.266405], [-94.2195, 45.266298], [-94.219339, 45.266244], [-94.219052, 45.266196], [-94.218836, 45.266143], [-94.218699, 45.266077], [-94.218464, 45.265894], [-94.218244, 45.26566], [-94.217906, 45.265114], [-94.217589, 45.264429], [-94.217595, 45.26438], [-94.217605, 45.264042], [-94.217651, 45.263775], [-94.217737, 45.263412], [-94.217769, 45.26334], [-94.217901, 45.263115], [-94.218293, 45.262658], [-94.218419, 45.262542], [-94.219229, 45.262026], [-94.219835, 45.261609], [-94.220308, 45.261394], [-94.220356, 45.261382], [-94.220371, 45.261337], [-94.220368, 45.261208], [-94.220326, 45.261107], [-94.220245, 45.261024], [-94.220028, 45.260959], [-94.219811, 45.260866], [-94.218954, 45.260393], [-94.218859, 45.260352], [-94.218653, 45.260288], [-94.218232, 45.260178], [-94.21806, 45.260137], [-94.218017, 45.26012], [-94.217528, 45.260052], [-94.217417, 45.260054], [-94.217032, 45.260034], [-94.216153, 45.260109], [-94.216042, 45.260111], [-94.215471, 45.260159], [-94.215258, 45.260191], [-94.214748, 45.260336], [-94.214579, 45.260404], [-94.214511, 45.260441], [-94.213849, 45.261051], [-94.213331, 45.261606], [-94.213173, 45.261807], [-94.213074, 45.261977], [-94.213034, 45.262104], [-94.213004, 45.262322], [-94.213199, 45.26264], [-94.213268, 45.262687], [-94.213286, 45.262723], [-94.213221, 45.262881], [-94.212985, 45.263022], [-94.212427, 45.2633], [-94.2118, 45.263566], [-94.211207, 45.263832], [-94.211191, 45.263874], [-94.211183, 45.263923], [-94.21127, 45.263952], [-94.211372, 45.263951], [-94.21144, 45.263938], [-94.212271, 45.263609], [-94.212702, 45.263381], [-94.213135, 45.26325], [-94.213331, 45.263218], [-94.213587, 45.263191], [-94.213681, 45.263196], [-94.213895, 45.26323], [-94.214018, 45.263367], [-94.214152, 45.263668], [-94.214146, 45.263783], [-94.214158, 45.263945], [-94.214151, 45.264006], [-94.214047, 45.264321], [-94.213916, 45.264594], [-94.213724, 45.264878], [-94.213561, 45.265104]]]}}, {"type": "Feature", "properties": {"depth_ft": 15.0, "lake": "West Lake Sylvia", "dow": "86027900"}, "geometry": {"type": "Polygon", "coordinates": [[[-94.213367, 45.265027], [-94.212843, 45.265601], [-94.212448, 45.265901], [-94.212075, 45.266044], [-94.212015, 45.266045], [-94.211485, 45.266068], [-94.211118, 45.266054], [-94.210295, 45.265942], [-94.209874, 45.26585], [-94.209167, 45.265592], [-94.209124, 45.265562], [-94.20908, 45.265514], [-94.209071, 45.265472], [-94.209077, 45.265363], [-94.209117, 45.265242], [-94.209365, 45.264835], [-94.20946, 45.264466], [-94.209458, 45.26437], [-94.209429, 45.264231], [-94.209329, 45.263954], [-94.2093, 45.263804], [-94.209264, 45.263291], [-94.209287, 45.263176], [-94.209312, 45.263122], [-94.209404, 45.263048], [-94.209455, 45.263017], [-94.209531, 45.263005], [-94.209926, 45.263061], [-94.210165, 45.26304], [-94.210453, 45.262941], [-94.210673, 45.262836], [-94.210884, 45.262672], [-94.211007, 45.26244], [-94.210975, 45.262156], [-94.210939, 45.262054], [-94.210725, 45.261676], [-94.210463, 45.261377], [-94.210079, 45.261031], [-94.209774, 45.260726], [-94.209362, 45.260242], [-94.209301, 45.260188], [-94.209214, 45.260129], [-94.208771, 45.259807], [-94.208242, 45.259427], [-94.207554, 45.259038], [-94.207011, 45.258589], [-94.206811, 45.258446], [-94.20662, 45.258333], [-94.206292, 45.258168], [-94.206059, 45.258068], [-94.204652, 45.257793], [-94.204582, 45.257745], [-94.204565, 45.257721], [-94.204547, 45.257673], [-94.204655, 45.257551], [-94.205018, 45.257312], [-94.205339, 45.257146], [-94.205355, 45.257091], [-94.205362, 45.257031], [-94.205275, 45.256947], [-94.205103, 45.256913], [-94.204984, 45.256914], [-94.204419, 45.256872], [-94.204015, 45.256791], [-94.203852, 45.256745], [-94.203686, 45.256578], [-94.203668, 45.256529], [-94.203648, 45.256379], [-94.20367, 45.256246], [-94.203703, 45.256185], [-94.203853, 45.255972], [-94.203911, 45.255917], [-94.204208, 45.255812], [-94.204378, 45.255774], [-94.204455, 45.255749], [-94.204591, 45.255723], [-94.204702, 45.255722], [-94.205427, 45.255678], [-94.205881, 45.255685], [-94.206162, 45.255676], [-94.206248, 45.255663], [-94.206359, 45.255662], [-94.206856, 45.255623], [-94.206975, 45.255605], [-94.207086, 45.255558], [-94.207193, 45.255496], [-94.207277, 45.255459], [-94.207354, 45.255434], [-94.207636, 45.255437], [-94.207705, 45.255455], [-94.207808, 45.255502], [-94.207876, 45.255495], [-94.208054, 45.255397], [-94.208254, 45.255177], [-94.20833, 45.255116], [-94.208548, 45.254933], [-94.20859, 45.254872], [-94.208648, 45.254811], [-94.208986, 45.254608], [-94.209155, 45.254534], [-94.209308, 45.254484], [-94.209444, 45.254458], [-94.209793, 45.254406], [-94.21039, 45.254352], [-94.21061, 45.254247], [-94.210548, 45.254121], [-94.210088, 45.253824], [-94.210045, 45.253782], [-94.209885, 45.253506], [-94.209804, 45.25332], [-94.209682, 45.252826], [-94.209613, 45.25258], [-94.209607, 45.252501], [-94.209628, 45.252277], [-94.209677, 45.25215], [-94.209742, 45.252017], [-94.20981, 45.251974], [-94.209912, 45.251949], [-94.210006, 45.251948], [-94.210092, 45.251983], [-94.210515, 45.252202], [-94.210584, 45.252219], [-94.210738, 45.252236], [-94.211017, 45.252082], [-94.21111, 45.252014], [-94.211326, 45.25174], [-94.211616, 45.251107], [-94.211746, 45.250887], [-94.212137, 45.250476], [-94.212723, 45.249945], [-94.213048, 45.249543], [-94.213272, 45.249197], [-94.213347, 45.249129], [-94.213645, 45.248796], [-94.213704, 45.248588], [-94.213755, 45.24822], [-94.213787, 45.248141], [-94.213845, 45.248056], [-94.214163, 45.247745], [-94.214223, 45.247714], [-94.214494, 45.247596], [-94.215148, 45.247444], [-94.215318, 45.247388], [-94.215454, 45.247332], [-94.215555, 45.247277], [-94.215605, 45.247228], [-94.215655, 45.247167], [-94.215752, 45.246907], [-94.215751, 45.246864], [-94.215715, 45.246762], [-94.215636, 45.246691], [-94.215515, 45.246601], [-94.215411, 45.246542], [-94.215247, 45.246471], [-94.214284, 45.246198], [-94.214215, 45.246138], [-94.214188, 45.24609], [-94.21416, 45.245982], [-94.214158, 45.245891], [-94.2143, 45.245277], [-94.214282, 45.245142], [-94.21424, 45.245042], [-94.214135, 45.244975], [-94.213848, 45.244933], [-94.213775, 45.2449], [-94.213741, 45.244772], [-94.213867, 45.244372], [-94.213888, 45.244203], [-94.213884, 45.244029], [-94.213831, 45.243799], [-94.213747, 45.243587], [-94.213429, 45.243217], [-94.213378, 45.243043], [-94.213348, 45.242757], [-94.213405, 45.242088], [-94.213363, 45.241982], [-94.213266, 45.241887], [-94.213121, 45.241833], [-94.21297, 45.241809], [-94.212787, 45.241817], [-94.212713, 45.241832], [-94.212061, 45.242087], [-94.211873, 45.242089], [-94.21183, 45.242083], [-94.211718, 45.24203], [-94.211665, 45.24197], [-94.211551, 45.241809], [-94.211506, 45.241713], [-94.211496, 45.241658], [-94.211504, 45.241604], [-94.21159, 45.241459], [-94.211739, 45.241367], [-94.212031, 45.241269], [-94.212373, 45.241112], [-94.212457, 45.241032], [-94.212343, 45.240984], [-94.212259, 45.240968], [-94.212114, 45.240958], [-94.211473, 45.240964], [-94.211275, 45.240906], [-94.210733, 45.240701], [-94.210546, 45.240769], [-94.210479, 45.24083], [-94.210371, 45.240964], [-94.210222, 45.241189], [-94.210214, 45.241249], [-94.210234, 45.241352], [-94.210269, 45.241406], [-94.210305, 45.241478], [-94.210181, 45.241672], [-94.209975, 45.241841], [-94.209883, 45.242021], [-94.209879, 45.242207], [-94.209845, 45.242376], [-94.209689, 45.242673], [-94.209323, 45.243136], [-94.209266, 45.243257], [-94.209259, 45.243336], [-94.209184, 45.243427], [-94.209143, 45.243512], [-94.209128, 45.243591], [-94.209146, 45.243651], [-94.20919, 45.243711], [-94.209583, 45.244105], [-94.209483, 45.244245], [-94.209046, 45.244545], [-94.208764, 45.244585], [-94.208095, 45.244441], [-94.207958, 45.244424], [-94.207855, 45.244419], [-94.207317, 45.244437], [-94.206991, 45.244386], [-94.206931, 45.244332], [-94.207031, 45.244211], [-94.207098, 45.244186], [-94.207362, 45.24411], [-94.207552, 45.244086], [-94.207718, 45.244028], [-94.207827, 45.243931], [-94.207903, 45.243839], [-94.207952, 45.24376], [-94.208114, 45.243312], [-94.208078, 45.242823], [-94.208049, 45.242679], [-94.20782, 45.242337], [-94.207767, 45.242277], [-94.207549, 45.242086], [-94.206649, 45.241547], [-94.206493, 45.241422], [-94.206292, 45.24123], [-94.205725, 45.240663], [-94.205681, 45.240591], [-94.205574, 45.240375], [-94.205564, 45.240303], [-94.205544, 45.239391], [-94.205525, 45.239271], [-94.205453, 45.23909], [-94.205292, 45.23879], [-94.205103, 45.238303], [-94.204932, 45.237883], [-94.204736, 45.237511], [-94.204467, 45.236922], [-94.204385, 45.236669], [-94.204355, 45.236488], [-94.204332, 45.236193], [-94.204346, 45.23606], [-94.204394, 45.235915], [-94.204427, 45.23586], [-94.204478, 45.235805], [-94.204545, 45.235762], [-94.204697, 45.235688], [-94.205498, 45.235332], [-94.205595, 45.235298], [-94.205663, 45.235286], [-94.20585, 45.235265], [-94.206012, 45.235264], [-94.206388, 45.235272], [-94.207108, 45.235379], [-94.207451, 45.235442], [-94.208301, 45.235632], [-94.208422, 45.235673], [-94.208571, 45.235877], [-94.208511, 45.236269], [-94.20853, 45.236348], [-94.208593, 45.23651], [-94.208645, 45.236558], [-94.20869, 45.236648], [-94.208743, 45.23672], [-94.208856, 45.236833], [-94.209126, 45.237072], [-94.209335, 45.237269], [-94.209409, 45.237491], [-94.209457, 45.237756], [-94.209503, 45.237913], [-94.209669, 45.23811], [-94.209818, 45.238254], [-94.209991, 45.238391], [-94.210165, 45.238509], [-94.210632, 45.238776], [-94.210789, 45.238925], [-94.210807, 45.238973], [-94.210892, 45.239365], [-94.210893, 45.239419], [-94.210811, 45.239975], [-94.210779, 45.24009], [-94.210691, 45.240345], [-94.210735, 45.240417], [-94.210787, 45.240453], [-94.211374, 45.240736], [-94.211443, 45.240759], [-94.211537, 45.240765], [-94.211708, 45.240763], [-94.211793, 45.24075], [-94.212006, 45.240699], [-94.212056, 45.240674], [-94.212301, 45.240521], [-94.212446, 45.240115], [-94.212465, 45.239801], [-94.212511, 45.239577], [-94.212712, 45.238947], [-94.212719, 45.238881], [-94.212767, 45.238741], [-94.212841, 45.23859], [-94.212891, 45.238541], [-94.213017, 45.238437], [-94.21397, 45.237878], [-94.214979, 45.237088], [-94.215265, 45.236892], [-94.215898, 45.236535], [-94.216829, 45.236097], [-94.217006, 45.235998], [-94.217249, 45.23579], [-94.217298, 45.235669], [-94.217356, 45.23559], [-94.217415, 45.235535], [-94.217482, 45.235492], [-94.21755, 45.235467], [-94.217745, 45.235417], [-94.217967, 45.235378], [-94.21835, 45.235332], [-94.218887, 45.235254], [-94.219613, 45.234878], [-94.219739, 45.234756], [-94.219735, 45.234665], [-94.219693, 45.234542], [-94.219604, 45.234487], [-94.219404, 45.234433], [-94.219202, 45.234301], [-94.219089, 45.234195], [-94.219054, 45.234038], [-94.219025, 45.233755], [-94.219082, 45.233218], [-94.21908, 45.233115], [-94.219051, 45.232964], [-94.218996, 45.232802], [-94.218811, 45.232565], [-94.218752, 45.232397], [-94.218717, 45.231864], [-94.218658, 45.231718], [-94.218528, 45.231613], [-94.218352, 45.231564], [-94.21817, 45.231578], [-94.218034, 45.231568], [-94.217714, 45.231487], [-94.217594, 45.231421], [-94.217495, 45.231281], [-94.217421, 45.231142], [-94.217401, 45.230962], [-94.217381, 45.23035], [-94.217396, 45.230266], [-94.217421, 45.230223], [-94.217512, 45.230114], [-94.217563, 45.230089], [-94.217716, 45.230039], [-94.217793, 45.230038], [-94.218058, 45.23006], [-94.218144, 45.230083], [-94.21879, 45.230347], [-94.219099, 45.230423], [-94.219493, 45.230461], [-94.219578, 45.230442], [-94.219725, 45.230376], [-94.219872, 45.230223], [-94.220271, 45.229686], [-94.220363, 45.229588], [-94.220599, 45.229429], [-94.2207, 45.229373], [-94.220827, 45.229324], [-94.221355, 45.229264], [-94.221458, 45.229263], [-94.221518, 45.229274], [-94.221613, 45.229309], [-94.221682, 45.229345], [-94.221893, 45.229638], [-94.222244, 45.229917], [-94.222294, 45.230034], [-94.222289, 45.230147], [-94.22226, 45.230304], [-94.222263, 45.230417], [-94.222289, 45.230512], [-94.222347, 45.230646], [-94.222426, 45.231015], [-94.222463, 45.231105], [-94.222682, 45.231362], [-94.222748, 45.231645], [-94.222729, 45.231779], [-94.222616, 45.232078], [-94.222503, 45.232349], [-94.222459, 45.23253], [-94.222418, 45.233405], [-94.222386, 45.233514], [-94.222356, 45.233714], [-94.222364, 45.234076], [-94.222279, 45.234511], [-94.222238, 45.234572], [-94.22217, 45.234609], [-94.222009, 45.234665], [-94.221831, 45.234739], [-94.221739, 45.234795], [-94.221671, 45.23485], [-94.221555, 45.234978], [-94.221338, 45.235738], [-94.221366, 45.235951], [-94.221198, 45.236262], [-94.221145, 45.236409], [-94.221126, 45.236528], [-94.221136, 45.236564], [-94.221162, 45.236612], [-94.221425, 45.236899], [-94.221184, 45.237116], [-94.221166, 45.237179], [-94.221304, 45.237238], [-94.221476, 45.237272], [-94.22152, 45.237326], [-94.221443, 45.237484], [-94.221231, 45.237576], [-94.220962, 45.237675], [-94.220664, 45.237863], [-94.220587, 45.237965], [-94.220597, 45.238061], [-94.220663, 45.238183], [-94.220946, 45.238485], [-94.221207, 45.238676], [-94.221225, 45.23873], [-94.221201, 45.238796], [-94.22121, 45.238851], [-94.221337, 45.239157], [-94.221329, 45.239193], [-94.221187, 45.239346], [-94.221051, 45.239371], [-94.220948, 45.239379], [-94.220863, 45.239373], [-94.220829, 45.239374], [-94.220422, 45.239311], [-94.22027, 45.239301], [-94.220088, 45.23932], [-94.219929, 45.239339], [-94.219771, 45.239396], [-94.219607, 45.239516], [-94.219501, 45.239617], [-94.219426, 45.239709], [-94.219255, 45.240079], [-94.219273, 45.240145], [-94.219124, 45.240346], [-94.218603, 45.240768], [-94.218383, 45.240873], [-94.217718, 45.240958], [-94.217402, 45.240968], [-94.217155, 45.240994], [-94.217105, 45.241031], [-94.217081, 45.24111], [-94.217126, 45.241212], [-94.217223, 45.24138], [-94.217536, 45.2416], [-94.217939, 45.241668], [-94.218289, 45.241683], [-94.218375, 45.2417], [-94.218436, 45.241753], [-94.218463, 45.241801], [-94.218289, 45.242087], [-94.21814, 45.2423], [-94.218107, 45.242373], [-94.218117, 45.242433], [-94.218162, 45.242529], [-94.218223, 45.242601], [-94.218523, 45.242847], [-94.218821, 45.242999], [-94.219365, 45.24324], [-94.219473, 45.243493], [-94.219629, 45.243733], [-94.219833, 45.243966], [-94.22001, 45.244217], [-94.220019, 45.244266], [-94.220021, 45.24435], [-94.220005, 45.244399], [-94.219972, 45.244447], [-94.219669, 45.244674], [-94.219153, 45.244933], [-94.218453, 45.245339], [-94.2182, 45.245516], [-94.218067, 45.24567], [-94.218023, 45.245822], [-94.218049, 45.245957], [-94.218299, 45.246471], [-94.218444, 45.246913], [-94.218468, 45.247228], [-94.218461, 45.247325], [-94.218564, 45.247677], [-94.218844, 45.248107], [-94.219186, 45.248561], [-94.219286, 45.248801], [-94.219278, 45.249413], [-94.219133, 45.250111], [-94.219128, 45.250241], [-94.219173, 45.250496], [-94.219216, 45.250624], [-94.21929, 45.250758], [-94.219592, 45.251067], [-94.219775, 45.251216], [-94.219827, 45.251276], [-94.219771, 45.251421], [-94.219678, 45.251488], [-94.219611, 45.251525], [-94.219534, 45.251556], [-94.219466, 45.251575], [-94.219347, 45.251601], [-94.219127, 45.251669], [-94.218754, 45.251848], [-94.218721, 45.251897], [-94.218682, 45.252073], [-94.218701, 45.252127], [-94.218736, 45.252187], [-94.219206, 45.25258], [-94.219258, 45.25264], [-94.219294, 45.2527], [-94.219439, 45.253085], [-94.219436, 45.253344], [-94.21921, 45.253552], [-94.219176, 45.25357], [-94.218419, 45.254146], [-94.217212, 45.254871], [-94.217213, 45.254919], [-94.217302, 45.254969], [-94.217629, 45.254999], [-94.217907, 45.254996], [-94.218131, 45.255033], [-94.218499, 45.25513], [-94.218724, 45.255223], [-94.218934, 45.255389], [-94.219048, 45.255512], [-94.219082, 45.25559], [-94.219087, 45.255837], [-94.219115, 45.255925], [-94.219174, 45.256268], [-94.219186, 45.256437], [-94.219269, 45.257149], [-94.219262, 45.257191], [-94.219315, 45.257281], [-94.219394, 45.257395], [-94.219473, 45.257485], [-94.219943, 45.257884], [-94.220257, 45.258164], [-94.22083, 45.258967], [-94.221212, 45.259645], [-94.221252, 45.259916], [-94.221037, 45.260649], [-94.22098, 45.260782], [-94.220922, 45.260879], [-94.220903, 45.26111], [-94.220914, 45.261326], [-94.220952, 45.261471], [-94.221023, 45.261597], [-94.221301, 45.261859], [-94.221577, 45.262098], [-94.221643, 45.2622], [-94.221639, 45.262406], [-94.22148, 45.262773], [-94.22109, 45.263131], [-94.220807, 45.263476], [-94.220617, 45.263786], [-94.220592, 45.263804], [-94.220406, 45.26414], [-94.220266, 45.264658], [-94.220268, 45.26477], [-94.220446, 45.265625], [-94.220449, 45.265759], [-94.220309, 45.266168], [-94.220243, 45.266295], [-94.22001, 45.266599], [-94.219952, 45.266654], [-94.219893, 45.266697], [-94.219503, 45.266852], [-94.219052, 45.266972], [-94.218335, 45.267037], [-94.218003, 45.267085], [-94.217876, 45.267123], [-94.217461, 45.267296], [-94.217367, 45.267291], [-94.217323, 45.26725], [-94.217304, 45.267165], [-94.217633, 45.266963], [-94.217727, 45.266931], [-94.217897, 45.2669], [-94.21811, 45.266879], [-94.218213, 45.266884], [-94.218513, 45.266917], [-94.218744, 45.266921], [-94.219034, 45.266893], [-94.219214, 45.266837], [-94.219332, 45.266779], [-94.219474, 45.266688], [-94.219551, 45.266586], [-94.219597, 45.266501], [-94.219619, 45.2664], [-94.219585, 45.266322], [-94.219496, 45.26625], [-94.219079, 45.266114], [-94.218912, 45.266082], [-94.218706, 45.265985], [-94.218663, 45.265944], [-94.218348, 45.265609], [-94.217971, 45.265085], [-94.217787, 45.264666], [-94.217716, 45.264324], [-94.217716, 45.264046], [-94.217715, 45.263986], [-94.217793, 45.263629], [-94.217873, 45.263393], [-94.217948, 45.263271], [-94.218248, 45.262924], [-94.218701, 45.262521], [-94.219122, 45.262221], [-94.220392, 45.261403], [-94.220459, 45.26121], [-94.220343, 45.261], [-94.220266, 45.260965], [-94.219938, 45.260848], [-94.219657, 45.260722], [-94.218848, 45.260232], [-94.218289, 45.260044], [-94.217748, 45.259935], [-94.21731, 45.259856], [-94.217079, 45.259828], [-94.216865, 45.259818], [-94.216789, 45.259831], [-94.216575, 45.259851], [-94.215758, 45.259981], [-94.215018, 45.260152], [-94.214941, 45.260159], [-94.214483, 45.260332], [-94.214331, 45.2604], [-94.213971, 45.260772], [-94.21357, 45.261223], [-94.213243, 45.261511], [-94.213126, 45.261639], [-94.213077, 45.261718], [-94.212948, 45.262111], [-94.212961, 45.262286], [-94.212945, 45.262347], [-94.212972, 45.262425], [-94.213112, 45.262592], [-94.213133, 45.262743], [-94.213067, 45.262852], [-94.212949, 45.262938], [-94.212569, 45.263141], [-94.211229, 45.263657], [-94.211051, 45.263743], [-94.210959, 45.263804], [-94.210909, 45.263859], [-94.210826, 45.263981], [-94.210842, 45.264041], [-94.211076, 45.264075], [-94.211255, 45.264055], [-94.211382, 45.264029], [-94.211756, 45.263917], [-94.211874, 45.263861], [-94.212036, 45.263805], [-94.212332, 45.263663], [-94.212458, 45.263589], [-94.212678, 45.263484], [-94.212806, 45.263441], [-94.212984, 45.263397], [-94.213308, 45.263339], [-94.213393, 45.263338], [-94.213556, 45.263348], [-94.213599, 45.263366], [-94.213677, 45.263413], [-94.213811, 45.26369], [-94.213852, 45.264009], [-94.213814, 45.264251], [-94.213717, 45.264487], [-94.213563, 45.264753], [-94.213367, 45.265027]]]}}, {"type": "Feature", "properties": {"depth_ft": 20.0, "lake": "West Lake Sylvia", "dow": "86027900"}, "geometry": {"type": "Polygon", "coordinates": [[[-94.213155, 45.264995], [-94.212872, 45.265353], [-94.212501, 45.265611], [-94.211927, 45.265919], [-94.211569, 45.265965], [-94.210722, 45.265919], [-94.210233, 45.265846], [-94.209493, 45.265625], [-94.209251, 45.265507], [-94.209198, 45.26541], [-94.209544, 45.264724], [-94.209579, 45.26451], [-94.20959, 45.264139], [-94.209622, 45.263631], [-94.209637, 45.263559], [-94.209662, 45.26351], [-94.209737, 45.263413], [-94.209837, 45.263309], [-94.209896, 45.263272], [-94.209989, 45.263229], [-94.210871, 45.2629], [-94.210955, 45.262827], [-94.211005, 45.262772], [-94.211055, 45.262699], [-94.211128, 45.262505], [-94.211147, 45.262233], [-94.211092, 45.262022], [-94.210774, 45.261543], [-94.210468, 45.26125], [-94.210382, 45.261191], [-94.210172, 45.260958], [-94.209671, 45.260311], [-94.209592, 45.260233], [-94.209427, 45.26012], [-94.208949, 45.259751], [-94.208395, 45.259395], [-94.207668, 45.258986], [-94.207503, 45.258843], [-94.207434, 45.258796], [-94.206885, 45.2583], [-94.206807, 45.258259], [-94.206359, 45.258077], [-94.205817, 45.257919], [-94.205628, 45.257885], [-94.204873, 45.257766], [-94.204847, 45.25773], [-94.204829, 45.257676], [-94.205013, 45.257481], [-94.205646, 45.257112], [-94.205696, 45.257057], [-94.205712, 45.257015], [-94.205727, 45.25693], [-94.205726, 45.256852], [-94.205605, 45.256789], [-94.205389, 45.256752], [-94.20499, 45.256799], [-94.204631, 45.256791], [-94.204571, 45.25678], [-94.204476, 45.256768], [-94.204434, 45.256775], [-94.204357, 45.256764], [-94.204107, 45.256688], [-94.20403, 45.256658], [-94.203908, 45.256557], [-94.203829, 45.256467], [-94.203819, 45.256419], [-94.203834, 45.256298], [-94.203858, 45.256232], [-94.204049, 45.25597], [-94.204244, 45.255908], [-94.204474, 45.255851], [-94.204619, 45.255831], [-94.204755, 45.255824], [-94.20514, 45.25582], [-94.206607, 45.255702], [-94.206616, 45.255702], [-94.20722, 45.255627], [-94.207585, 45.2556], [-94.207737, 45.255616], [-94.207888, 45.255658], [-94.208, 45.255675], [-94.20805, 45.255644], [-94.208292, 45.255352], [-94.208671, 45.255064], [-94.20882, 45.254851], [-94.208904, 45.254808], [-94.209464, 45.254609], [-94.209719, 45.25454], [-94.210673, 45.254367], [-94.210789, 45.254227], [-94.21078, 45.254191], [-94.210301, 45.253785], [-94.210074, 45.253558], [-94.21003, 45.253486], [-94.209958, 45.253336], [-94.209864, 45.252682], [-94.20982, 45.25245], [-94.209775, 45.25233], [-94.209755, 45.252228], [-94.209874, 45.25219], [-94.21039, 45.252336], [-94.210536, 45.252364], [-94.21063, 45.252375], [-94.210733, 45.252362], [-94.210826, 45.252343], [-94.210886, 45.252324], [-94.211205, 45.252086], [-94.211435, 45.251746], [-94.211623, 45.251227], [-94.212018, 45.250718], [-94.212705, 45.250098], [-94.213136, 45.249651], [-94.213667, 45.248957], [-94.213735, 45.248794], [-94.213793, 45.248546], [-94.213814, 45.248372], [-94.21389, 45.248208], [-94.214267, 45.247798], [-94.214326, 45.247761], [-94.214835, 45.247586], [-94.215464, 45.247423], [-94.21554, 45.247386], [-94.215608, 45.247343], [-94.215708, 45.247263], [-94.215817, 45.247147], [-94.215908, 45.247026], [-94.215932, 45.246923], [-94.215931, 45.246875], [-94.215912, 45.24679], [-94.215632, 45.246504], [-94.21552, 45.246444], [-94.215322, 45.246362], [-94.214342, 45.246107], [-94.214274, 45.246001], [-94.214263, 45.245856], [-94.214393, 45.245236], [-94.214383, 45.245141], [-94.21434, 45.245012], [-94.214259, 45.244929], [-94.213965, 45.244831], [-94.213929, 45.244753], [-94.214083, 45.244389], [-94.214106, 45.244262], [-94.214117, 45.243972], [-94.214096, 45.243786], [-94.214059, 45.243635], [-94.213989, 45.243587], [-94.213713, 45.243446], [-94.213542, 45.243262], [-94.213475, 45.243106], [-94.21344, 45.242937], [-94.213491, 45.241999], [-94.213409, 45.241851], [-94.213295, 45.241751], [-94.213078, 45.241664], [-94.212983, 45.241648], [-94.212832, 45.241677], [-94.212595, 45.241747], [-94.212067, 45.242002], [-94.211973, 45.241991], [-94.211879, 45.241968], [-94.211818, 45.241914], [-94.211748, 45.241837], [-94.211693, 45.241668], [-94.211692, 45.241614], [-94.211699, 45.24156], [-94.211732, 45.241505], [-94.211808, 45.241468], [-94.212241, 45.241336], [-94.212528, 45.241177], [-94.212687, 45.240982], [-94.212729, 45.240571], [-94.212723, 45.240293], [-94.212674, 45.239587], [-94.212656, 45.239527], [-94.212662, 45.239449], [-94.212831, 45.238928], [-94.212929, 45.238722], [-94.213188, 45.238429], [-94.213247, 45.238392], [-94.213323, 45.238367], [-94.21345, 45.238312], [-94.214067, 45.237979], [-94.214522, 45.237703], [-94.21531, 45.236976], [-94.215411, 45.236909], [-94.216848, 45.236193], [-94.217314, 45.236001], [-94.217435, 45.235704], [-94.217477, 45.235649], [-94.217552, 45.235576], [-94.217603, 45.235539], [-94.217798, 45.235489], [-94.21796, 45.235463], [-94.218396, 45.23547], [-94.218472, 45.235463], [-94.219025, 45.235313], [-94.219848, 45.234829], [-94.21987, 45.234722], [-94.219827, 45.234582], [-94.219753, 45.234476], [-94.219616, 45.23441], [-94.219465, 45.234372], [-94.219352, 45.234329], [-94.219231, 45.234234], [-94.219163, 45.234039], [-94.21916, 45.233663], [-94.21925, 45.233065], [-94.219211, 45.232919], [-94.219095, 45.232718], [-94.218973, 45.232584], [-94.218898, 45.232428], [-94.218846, 45.232221], [-94.218781, 45.231778], [-94.218706, 45.231655], [-94.218609, 45.231572], [-94.218489, 45.231522], [-94.218258, 45.231508], [-94.21813, 45.231492], [-94.217962, 45.231444], [-94.21789, 45.231407], [-94.217812, 45.23136], [-94.217769, 45.231312], [-94.217715, 45.231216], [-94.217661, 45.231072], [-94.217623, 45.230915], [-94.217631, 45.230855], [-94.21762, 45.230746], [-94.217631, 45.230475], [-94.217655, 45.230408], [-94.21773, 45.230298], [-94.217823, 45.230243], [-94.217933, 45.230224], [-94.217993, 45.230235], [-94.218872, 45.230558], [-94.219078, 45.230616], [-94.219206, 45.230627], [-94.219317, 45.230626], [-94.219394, 45.230613], [-94.219657, 45.230525], [-94.219724, 45.230488], [-94.219816, 45.230403], [-94.220073, 45.230119], [-94.220424, 45.229648], [-94.220584, 45.22955], [-94.220821, 45.229426], [-94.220931, 45.229407], [-94.221392, 45.22936], [-94.221469, 45.229365], [-94.221626, 45.229557], [-94.22167, 45.229598], [-94.221999, 45.229824], [-94.222095, 45.229902], [-94.222194, 45.230124], [-94.222204, 45.230178], [-94.222174, 45.230535], [-94.222218, 45.230765], [-94.222461, 45.231413], [-94.222498, 45.231569], [-94.222484, 45.23169], [-94.222458, 45.231939], [-94.222354, 45.232271], [-94.222296, 45.232513], [-94.222294, 45.233195], [-94.222276, 45.23357], [-94.222237, 45.233745], [-94.222192, 45.234041], [-94.222232, 45.234295], [-94.222234, 45.234367], [-94.222218, 45.234421], [-94.222201, 45.234458], [-94.22216, 45.234507], [-94.222109, 45.234549], [-94.222016, 45.234605], [-94.221813, 45.234673], [-94.221652, 45.234741], [-94.221493, 45.23487], [-94.221442, 45.234925], [-94.221251, 45.235579], [-94.221271, 45.235891], [-94.22125, 45.236015], [-94.221074, 45.236354], [-94.221032, 45.236486], [-94.221025, 45.236577], [-94.221043, 45.236625], [-94.221105, 45.236715], [-94.221174, 45.236763], [-94.221244, 45.236822], [-94.221103, 45.237017], [-94.220892, 45.237164], [-94.220868, 45.237231], [-94.220886, 45.237273], [-94.221015, 45.237326], [-94.221178, 45.237336], [-94.221255, 45.237329], [-94.221374, 45.237334], [-94.221336, 45.237402], [-94.221242, 45.237481], [-94.220887, 45.237614], [-94.220636, 45.237746], [-94.22055, 45.237831], [-94.220512, 45.237938], [-94.220518, 45.238225], [-94.220549, 45.238296], [-94.220638, 45.238452], [-94.220839, 45.238667], [-94.220875, 45.238734], [-94.220795, 45.238982], [-94.220736, 45.239031], [-94.220226, 45.239145], [-94.220055, 45.239165], [-94.219755, 45.23928], [-94.219324, 45.23956], [-94.219194, 45.239621], [-94.219084, 45.239688], [-94.219051, 45.239725], [-94.218968, 45.239852], [-94.218763, 45.240271], [-94.218579, 45.24043], [-94.218503, 45.240479], [-94.217946, 45.240793], [-94.216932, 45.240924], [-94.216891, 45.241009], [-94.217217, 45.241471], [-94.21733, 45.241596], [-94.217408, 45.241644], [-94.217495, 45.241685], [-94.217572, 45.241708], [-94.217649, 45.24172], [-94.217778, 45.24173], [-94.217949, 45.241735], [-94.218162, 45.241726], [-94.218204, 45.241714], [-94.218299, 45.241737], [-94.21831, 45.241869], [-94.21806, 45.242162], [-94.218002, 45.242247], [-94.217945, 45.242374], [-94.217938, 45.242435], [-94.217965, 45.242483], [-94.218079, 45.242639], [-94.218149, 45.242704], [-94.219022, 45.243202], [-94.219256, 45.243362], [-94.219821, 45.244177], [-94.219839, 45.244249], [-94.21984, 45.244286], [-94.219748, 45.244377], [-94.219276, 45.244666], [-94.219015, 45.244856], [-94.218375, 45.245273], [-94.218122, 45.245451], [-94.218055, 45.245518], [-94.21798, 45.245635], [-94.217944, 45.245793], [-94.217939, 45.24595], [-94.217966, 45.246113], [-94.218029, 45.246297], [-94.218368, 45.246969], [-94.218337, 45.247102], [-94.218339, 45.247187], [-94.218368, 45.24735], [-94.218724, 45.248118], [-94.219143, 45.248721], [-94.219201, 45.248846], [-94.219198, 45.249077], [-94.219079, 45.249814], [-94.219028, 45.250432], [-94.219048, 45.250603], [-94.219107, 45.250765], [-94.219245, 45.250915], [-94.219609, 45.251181], [-94.219658, 45.251237], [-94.219668, 45.251332], [-94.219622, 45.251405], [-94.219496, 45.251491], [-94.218786, 45.251734], [-94.218605, 45.251832], [-94.218533, 45.251899], [-94.218493, 45.252002], [-94.218538, 45.25214], [-94.218574, 45.252206], [-94.218653, 45.252284], [-94.21874, 45.25235], [-94.21906, 45.25257], [-94.219122, 45.252635], [-94.21929, 45.252899], [-94.21936, 45.253151], [-94.219362, 45.253229], [-94.219292, 45.253309], [-94.219113, 45.253479], [-94.218282, 45.254117], [-94.218113, 45.254227], [-94.217294, 45.254677], [-94.217058, 45.254824], [-94.216982, 45.254885], [-94.216899, 45.255013], [-94.217012, 45.25509], [-94.217089, 45.255114], [-94.217149, 45.255125], [-94.217962, 45.255141], [-94.218261, 45.255161], [-94.21839, 45.255184], [-94.218708, 45.25529], [-94.218882, 45.255431], [-94.218948, 45.255548], [-94.219034, 45.256149], [-94.219033, 45.256493], [-94.21914, 45.25709], [-94.219203, 45.257258], [-94.219204, 45.257294], [-94.219285, 45.257456], [-94.21938, 45.257534], [-94.219398, 45.257558], [-94.219459, 45.257623], [-94.219529, 45.257677], [-94.219589, 45.257707], [-94.219676, 45.25776], [-94.219999, 45.258076], [-94.220226, 45.258334], [-94.220712, 45.259035], [-94.2211, 45.259628], [-94.22113, 45.259821], [-94.221062, 45.260337], [-94.220865, 45.260828], [-94.220776, 45.261104], [-94.220771, 45.261228], [-94.22079, 45.261413], [-94.221096, 45.261813], [-94.221496, 45.262135], [-94.22154, 45.262177], [-94.221567, 45.262243], [-94.221576, 45.262303], [-94.221553, 45.262425], [-94.2215, 45.262555], [-94.221401, 45.262735], [-94.221268, 45.262883], [-94.221003, 45.263133], [-94.220824, 45.263292], [-94.220692, 45.263456], [-94.220447, 45.263854], [-94.220242, 45.264231], [-94.22021, 45.264334], [-94.220164, 45.264576], [-94.220166, 45.264678], [-94.220205, 45.264925], [-94.2203, 45.265246], [-94.220355, 45.265543], [-94.220342, 45.265695], [-94.220318, 45.265793], [-94.220293, 45.265836], [-94.220252, 45.26589], [-94.220134, 45.266], [-94.219906, 45.266111], [-94.219513, 45.26614], [-94.219307, 45.266088], [-94.219109, 45.266023], [-94.218997, 45.26597], [-94.218659, 45.265769], [-94.218572, 45.265697], [-94.218424, 45.265548], [-94.218257, 45.26535], [-94.218142, 45.265183], [-94.217883, 45.26466], [-94.217817, 45.264377], [-94.217796, 45.264125], [-94.217952, 45.263584], [-94.218175, 45.26325], [-94.218345, 45.263056], [-94.218721, 45.262684], [-94.219225, 45.262262], [-94.219562, 45.262011], [-94.220414, 45.261488], [-94.220464, 45.261446], [-94.220497, 45.261409], [-94.220595, 45.261173], [-94.220522, 45.26098], [-94.220375, 45.260861], [-94.219678, 45.260657], [-94.219036, 45.260205], [-94.218646, 45.259986], [-94.218448, 45.259898], [-94.218198, 45.259804], [-94.218009, 45.259752], [-94.217537, 45.259678], [-94.217383, 45.259668], [-94.217016, 45.259666], [-94.216691, 45.259687], [-94.216427, 45.259726], [-94.215424, 45.259972], [-94.215135, 45.260024], [-94.214863, 45.260099], [-94.214557, 45.260205], [-94.214329, 45.26031], [-94.214059, 45.260476], [-94.213079, 45.261422], [-94.212937, 45.261586], [-94.212896, 45.261665], [-94.212864, 45.26175], [-94.212857, 45.261822], [-94.212786, 45.262107], [-94.212778, 45.262155], [-94.212781, 45.262258], [-94.212808, 45.262354], [-94.212871, 45.262486], [-94.213004, 45.262708], [-94.212845, 45.262885], [-94.212761, 45.262934], [-94.211846, 45.263324], [-94.211625, 45.263399], [-94.211109, 45.263646], [-94.210754, 45.263837], [-94.210681, 45.263994], [-94.210726, 45.264133], [-94.210762, 45.264205], [-94.210916, 45.264233], [-94.211496, 45.264149], [-94.212123, 45.263907], [-94.212402, 45.263771], [-94.21281, 45.263628], [-94.21309, 45.263546], [-94.213226, 45.263527], [-94.21332, 45.263526], [-94.213398, 45.263537], [-94.213606, 45.26371], [-94.213695, 45.263854], [-94.213642, 45.264168], [-94.213618, 45.264271], [-94.213504, 45.264532], [-94.213155, 45.264995]]]}}, {"type": "Feature", "properties": {"depth_ft": 30.0, "lake": "West Lake Sylvia", "dow": "86027900"}, "geometry": {"type": "Polygon", "coordinates": [[[-94.212005, 45.265272], [-94.211755, 45.265456], [-94.211687, 45.265493], [-94.211475, 45.265573], [-94.211176, 45.265583], [-94.210294, 45.265501], [-94.210251, 45.26549], [-94.210199, 45.265472], [-94.210042, 45.265299], [-94.210058, 45.265257], [-94.210108, 45.265208], [-94.210437, 45.264999], [-94.210731, 45.264773], [-94.210799, 45.26473], [-94.211096, 45.264624], [-94.211164, 45.264617], [-94.211411, 45.264584], [-94.211668, 45.2646], [-94.211891, 45.264627], [-94.212045, 45.264662], [-94.212132, 45.264697], [-94.212183, 45.264727], [-94.212243, 45.264842], [-94.212229, 45.264944], [-94.212168, 45.265079], [-94.212107, 45.26517], [-94.212005, 45.265272]]]}}, {"type": "Feature", "properties": {"depth_ft": 30.0, "lake": "West Lake Sylvia", "dow": "86027900"}, "geometry": {"type": "Polygon", "coordinates": [[[-94.210163, 45.252765], [-94.210159, 45.252725], [-94.210175, 45.252664], [-94.210226, 45.252633], [-94.210293, 45.252602], [-94.21037, 45.252596], [-94.210706, 45.252707], [-94.2109, 45.252608], [-94.211269, 45.252278], [-94.211328, 45.252211], [-94.2116, 45.251743], [-94.211727, 45.251302], [-94.211868, 45.251008], [-94.212116, 45.250719], [-94.212398, 45.250508], [-94.212602, 45.250388], [-94.212747, 45.250265], [-94.212898, 45.250106], [-94.213049, 45.249978], [-94.21364, 45.249253], [-94.213731, 45.249095], [-94.213737, 45.249005], [-94.214087, 45.24815], [-94.214161, 45.248046], [-94.214228, 45.247979], [-94.214296, 45.247936], [-94.21444, 45.247868], [-94.214592, 45.247818], [-94.214763, 45.247786], [-94.215325, 45.247738], [-94.215393, 45.247719], [-94.215512, 45.247664], [-94.215588, 45.247609], [-94.215989, 45.247206], [-94.216038, 45.247109], [-94.216087, 45.246976], [-94.216094, 45.246927], [-94.215996, 45.246717], [-94.215055, 45.245465], [-94.215002, 45.245375], [-94.214983, 45.245309], [-94.214982, 45.245243], [-94.214997, 45.245152], [-94.21516, 45.244806], [-94.214801, 45.243965], [-94.214617, 45.243786], [-94.214082, 45.243508], [-94.213677, 45.243337], [-94.213586, 45.243209], [-94.213583, 45.243069], [-94.213646, 45.242285], [-94.213626, 45.242083], [-94.213558, 45.241892], [-94.213428, 45.241742], [-94.213235, 45.241632], [-94.213043, 45.241589], [-94.212804, 45.241586], [-94.212657, 45.241604], [-94.21215, 45.241845], [-94.212064, 45.241851], [-94.212004, 45.241852], [-94.211892, 45.241793], [-94.211857, 45.241739], [-94.211839, 45.241685], [-94.211888, 45.241618], [-94.211939, 45.241575], [-94.212489, 45.241352], [-94.212675, 45.241223], [-94.212725, 45.241174], [-94.212872, 45.240877], [-94.212913, 45.240762], [-94.212951, 45.240146], [-94.212948, 45.240007], [-94.212908, 45.239766], [-94.212854, 45.239235], [-94.21287, 45.239181], [-94.212944, 45.239023], [-94.213051, 45.238859], [-94.21316, 45.238743], [-94.213286, 45.238645], [-94.213363, 45.23862], [-94.213709, 45.23846], [-94.214738, 45.237815], [-94.215456, 45.237035], [-94.215743, 45.236857], [-94.216241, 45.23658], [-94.2173, 45.236152], [-94.217358, 45.236103], [-94.217653, 45.235895], [-94.217855, 45.235772], [-94.217999, 45.23571], [-94.218101, 45.235685], [-94.218756, 45.235557], [-94.219171, 45.235371], [-94.219264, 45.23531], [-94.219728, 45.235034], [-94.219931, 45.234838], [-94.219933, 45.234579], [-94.219875, 45.234468], [-94.219746, 45.23439], [-94.219482, 45.23432], [-94.219369, 45.234265], [-94.219289, 45.23421], [-94.219262, 45.234098], [-94.219266, 45.23389], [-94.219359, 45.233041], [-94.219317, 45.232952], [-94.219119, 45.23262], [-94.219032, 45.232255], [-94.218873, 45.23187], [-94.218812, 45.231367], [-94.218825, 45.231174], [-94.21885, 45.231132], [-94.2189, 45.231083], [-94.218992, 45.231009], [-94.21981, 45.2305], [-94.219911, 45.23042], [-94.219978, 45.230347], [-94.220374, 45.229938], [-94.220513, 45.229828], [-94.220682, 45.229718], [-94.220758, 45.229681], [-94.220868, 45.229643], [-94.220936, 45.22963], [-94.221089, 45.229605], [-94.221261, 45.229639], [-94.221613, 45.229726], [-94.221776, 45.229778], [-94.221845, 45.229814], [-94.221958, 45.229885], [-94.222073, 45.230083], [-94.222074, 45.230131], [-94.222038, 45.230409], [-94.222041, 45.230864], [-94.222232, 45.231506], [-94.222201, 45.231669], [-94.222174, 45.231904], [-94.222058, 45.2324], [-94.222048, 45.232498], [-94.222067, 45.232968], [-94.221956, 45.233386], [-94.221925, 45.23393], [-94.22195, 45.234316], [-94.221935, 45.234382], [-94.221902, 45.234455], [-94.221869, 45.23451], [-94.221819, 45.234571], [-94.221743, 45.23462], [-94.221481, 45.234737], [-94.221431, 45.234774], [-94.221305, 45.23489], [-94.221247, 45.234963], [-94.221021, 45.235581], [-94.221006, 45.236106], [-94.220976, 45.236282], [-94.220943, 45.236355], [-94.220879, 45.236554], [-94.220881, 45.236651], [-94.220866, 45.236712], [-94.220766, 45.236839], [-94.220565, 45.237023], [-94.220483, 45.237205], [-94.220536, 45.237264], [-94.220588, 45.237306], [-94.220656, 45.237311], [-94.220734, 45.237347], [-94.220752, 45.237395], [-94.220602, 45.237584], [-94.220519, 45.237669], [-94.220304, 45.238003], [-94.220239, 45.238167], [-94.220224, 45.238258], [-94.220234, 45.238324], [-94.220342, 45.2386], [-94.220275, 45.238674], [-94.220014, 45.238833], [-94.219707, 45.238966], [-94.219134, 45.239359], [-94.218836, 45.23957], [-94.218682, 45.239693], [-94.218207, 45.240241], [-94.218123, 45.24032], [-94.217804, 45.240559], [-94.217736, 45.240596], [-94.217668, 45.240621], [-94.217159, 45.240759], [-94.216937, 45.240792], [-94.216683, 45.240861], [-94.216623, 45.240885], [-94.21659, 45.240928], [-94.216566, 45.240983], [-94.216584, 45.241043], [-94.216637, 45.241121], [-94.216716, 45.241216], [-94.216828, 45.241294], [-94.217368, 45.241759], [-94.217437, 45.241788], [-94.217514, 45.2418], [-94.217916, 45.241813], [-94.217984, 45.241807], [-94.218087, 45.241812], [-94.218147, 45.241829], [-94.218093, 45.241905], [-94.217884, 45.242176], [-94.217737, 45.24238], [-94.2177, 45.242486], [-94.217693, 45.242576], [-94.217712, 45.242642], [-94.217756, 45.242702], [-94.217852, 45.24281], [-94.218793, 45.243283], [-94.219174, 45.24349], [-94.219217, 45.243532], [-94.219261, 45.243592], [-94.219458, 45.243976], [-94.219494, 45.24409], [-94.219514, 45.244229], [-94.219206, 45.244582], [-94.218185, 45.245215], [-94.21811, 45.245282], [-94.217976, 45.245434], [-94.217894, 45.245574], [-94.217846, 45.245725], [-94.217816, 45.245919], [-94.217835, 45.246015], [-94.218093, 45.24687], [-94.218137, 45.247328], [-94.218228, 45.247593], [-94.218281, 45.247701], [-94.218405, 45.247905], [-94.218729, 45.248263], [-94.219012, 45.248701], [-94.219105, 45.248908], [-94.219053, 45.249475], [-94.218938, 45.250044], [-94.21894, 45.250513], [-94.218984, 45.250703], [-94.219051, 45.250849], [-94.219205, 45.25101], [-94.219375, 45.251109], [-94.219496, 45.251203], [-94.219537, 45.251248], [-94.219562, 45.251298], [-94.219547, 45.251354], [-94.219319, 45.251508], [-94.219145, 45.251561], [-94.218845, 45.251626], [-94.218529, 45.25177], [-94.218325, 45.251912], [-94.218094, 45.252157], [-94.217931, 45.252503], [-94.217899, 45.252612], [-94.21791, 45.252709], [-94.217946, 45.252817], [-94.217998, 45.252858], [-94.218157, 45.253092], [-94.218508, 45.253511], [-94.218517, 45.253553], [-94.218519, 45.25362], [-94.218496, 45.25374], [-94.218471, 45.253795], [-94.218413, 45.25388], [-94.218187, 45.2541], [-94.217367, 45.254489], [-94.217011, 45.254638], [-94.216681, 45.254798], [-94.216436, 45.254933], [-94.216243, 45.255098], [-94.216185, 45.255178], [-94.216135, 45.255263], [-94.216163, 45.255329], [-94.216207, 45.255395], [-94.216284, 45.25543], [-94.216396, 45.255465], [-94.216508, 45.255488], [-94.216859, 45.255533], [-94.216927, 45.255532], [-94.217448, 45.255514], [-94.217585, 45.255495], [-94.21779, 45.25548], [-94.218474, 45.255509], [-94.21862, 45.255538], [-94.218749, 45.255585], [-94.218801, 45.255614], [-94.218889, 45.25574], [-94.218801, 45.256013], [-94.218762, 45.256194], [-94.218764, 45.256695], [-94.218812, 45.257329], [-94.218928, 45.25794], [-94.21904, 45.258407], [-94.219113, 45.258617], [-94.219175, 45.258743], [-94.219255, 45.258869], [-94.219518, 45.259156], [-94.220715, 45.259584], [-94.220888, 45.259673], [-94.220948, 45.259714], [-94.220992, 45.259756], [-94.221022, 45.259949], [-94.22088, 45.260524], [-94.220827, 45.26082], [-94.220735, 45.260995], [-94.220672, 45.26103], [-94.220632, 45.261013], [-94.22059, 45.260935], [-94.220571, 45.260772], [-94.220538, 45.260716], [-94.220442, 45.260695], [-94.220132, 45.260707], [-94.219978, 45.26069], [-94.219926, 45.260679], [-94.219779, 45.260608], [-94.219171, 45.260138], [-94.218807, 45.259912], [-94.21866, 45.259835], [-94.218256, 45.259695], [-94.217981, 45.259625], [-94.217501, 45.259558], [-94.217055, 45.259514], [-94.216807, 45.259505], [-94.216713, 45.259518], [-94.214708, 45.26004], [-94.21436, 45.260153], [-94.213758, 45.260406], [-94.213361, 45.260598], [-94.212709, 45.260925], [-94.212625, 45.260956], [-94.21226, 45.261104], [-94.212176, 45.261154], [-94.212151, 45.26119], [-94.212127, 45.261251], [-94.212146, 45.261359], [-94.212437, 45.261935], [-94.212665, 45.262458], [-94.212675, 45.262519], [-94.212668, 45.262579], [-94.212628, 45.262724], [-94.212595, 45.262785], [-94.212469, 45.262895], [-94.212275, 45.262982], [-94.212139, 45.263031], [-94.211994, 45.263069], [-94.211501, 45.263171], [-94.211305, 45.263227], [-94.210805, 45.263408], [-94.210541, 45.263441], [-94.210498, 45.263423], [-94.210479, 45.263375], [-94.210487, 45.263345], [-94.210884, 45.263087], [-94.211152, 45.262867], [-94.211344, 45.262647], [-94.211376, 45.262538], [-94.211384, 45.26249], [-94.211316, 45.262135], [-94.210929, 45.261614], [-94.210335, 45.260624], [-94.210186, 45.260426], [-94.209637, 45.259919], [-94.209394, 45.259753], [-94.20852, 45.259255], [-94.208098, 45.259102], [-94.207847, 45.258954], [-94.207401, 45.258458], [-94.207054, 45.258214], [-94.206726, 45.258055], [-94.205367, 45.257652], [-94.205297, 45.257593], [-94.205321, 45.257526], [-94.205389, 45.257495], [-94.205576, 45.257433], [-94.205728, 45.257365], [-94.205804, 45.257304], [-94.205854, 45.257255], [-94.205919, 45.25702], [-94.20586, 45.256863], [-94.205763, 45.25678], [-94.20561, 45.256703], [-94.205354, 45.256655], [-94.204964, 45.256631], [-94.204217, 45.256608], [-94.204148, 45.256591], [-94.204095, 45.256531], [-94.204042, 45.256441], [-94.204015, 45.256369], [-94.204022, 45.256314], [-94.20407, 45.256163], [-94.204103, 45.256108], [-94.204247, 45.256028], [-94.204349, 45.255991], [-94.204468, 45.255966], [-94.20463, 45.255946], [-94.205748, 45.255892], [-94.207027, 45.255727], [-94.207103, 45.255702], [-94.20745, 45.255656], [-94.207665, 45.255664], [-94.207794, 45.255725], [-94.207866, 45.25578], [-94.207934, 45.255808], [-94.20802, 45.255814], [-94.208079, 45.255783], [-94.208262, 45.255551], [-94.208995, 45.255055], [-94.209127, 45.254848], [-94.209306, 45.254792], [-94.20991, 45.254653], [-94.209986, 45.254652], [-94.210123, 45.254638], [-94.210344, 45.2546], [-94.210972, 45.254364], [-94.211071, 45.254194], [-94.211052, 45.254128], [-94.211017, 45.254074], [-94.210938, 45.25399], [-94.210834, 45.2539], [-94.210764, 45.253865], [-94.210686, 45.253811], [-94.210478, 45.253639], [-94.210425, 45.253573], [-94.21031, 45.253387], [-94.210274, 45.253297], [-94.210198, 45.252934], [-94.210163, 45.252765]]]}}, {"type": "Feature", "properties": {"depth_ft": 40.0, "lake": "West Lake Sylvia", "dow": "86027900"}, "geometry": {"type": "Polygon", "coordinates": [[[-94.211241, 45.253344], [-94.211297, 45.253582], [-94.211479, 45.254099], [-94.211304, 45.254324], [-94.211085, 45.254453], [-94.20955, 45.255031], [-94.209372, 45.255111], [-94.20917, 45.255222], [-94.208707, 45.255589], [-94.208547, 45.255675], [-94.208506, 45.255754], [-94.208466, 45.255881], [-94.208527, 45.255965], [-94.208554, 45.256019], [-94.208421, 45.256214], [-94.208337, 45.256269], [-94.208075, 45.256386], [-94.207479, 45.256525], [-94.207334, 45.256521], [-94.207282, 45.256491], [-94.207289, 45.256418], [-94.207322, 45.256334], [-94.207489, 45.256163], [-94.207768, 45.256027], [-94.207781, 45.255981], [-94.207756, 45.255958], [-94.207668, 45.255942], [-94.207526, 45.255994], [-94.207205, 45.25607], [-94.207145, 45.256076], [-94.206285, 45.256212], [-94.20585, 45.256247], [-94.205542, 45.256244], [-94.204386, 45.256136], [-94.204191, 45.256222], [-94.204269, 45.25627], [-94.204461, 45.25633], [-94.204916, 45.256353], [-94.205212, 45.25638], [-94.2054, 45.256421], [-94.205694, 45.256538], [-94.205746, 45.256574], [-94.205807, 45.256628], [-94.205885, 45.256711], [-94.205929, 45.256771], [-94.206003, 45.25696], [-94.206037, 45.257089], [-94.206032, 45.257201], [-94.206017, 45.257277], [-94.205967, 45.25735], [-94.205926, 45.257441], [-94.205936, 45.257508], [-94.205972, 45.257592], [-94.206033, 45.257651], [-94.20612, 45.257711], [-94.20662, 45.257893], [-94.207119, 45.25805], [-94.207527, 45.258348], [-94.207693, 45.258551], [-94.207817, 45.258737], [-94.207904, 45.258827], [-94.208016, 45.25888], [-94.20818, 45.258939], [-94.208724, 45.258968], [-94.209203, 45.258789], [-94.20948, 45.258593], [-94.209706, 45.258343], [-94.209898, 45.258148], [-94.209999, 45.25808], [-94.21011, 45.258055], [-94.210187, 45.258048], [-94.210255, 45.258059], [-94.21041, 45.258106], [-94.210479, 45.258142], [-94.210575, 45.258207], [-94.210688, 45.258308], [-94.210732, 45.258356], [-94.210769, 45.258893], [-94.210704, 45.259455], [-94.21061, 45.260116], [-94.210626, 45.260204], [-94.210627, 45.260253], [-94.210654, 45.260349], [-94.210958, 45.260943], [-94.210994, 45.261039], [-94.211233, 45.261441], [-94.211365, 45.261609], [-94.211392, 45.261651], [-94.211461, 45.261717], [-94.211652, 45.261823], [-94.211805, 45.261797], [-94.211837, 45.261707], [-94.211628, 45.261117], [-94.211599, 45.260973], [-94.211633, 45.260936], [-94.2117, 45.260875], [-94.212549, 45.260606], [-94.213628, 45.260323], [-94.214349, 45.260087], [-94.214749, 45.259955], [-94.214859, 45.259924], [-94.21675, 45.259234], [-94.216843, 45.259203], [-94.217373, 45.259185], [-94.217604, 45.259195], [-94.217741, 45.259223], [-94.217853, 45.259258], [-94.217948, 45.259306], [-94.218242, 45.259435], [-94.2187, 45.25969], [-94.219289, 45.260076], [-94.219307, 45.260094], [-94.219568, 45.260296], [-94.22, 45.260545], [-94.220291, 45.260572], [-94.22046, 45.26048], [-94.220536, 45.260431], [-94.220694, 45.2602], [-94.220672, 45.260001], [-94.220549, 45.259815], [-94.220462, 45.259768], [-94.220307, 45.259703], [-94.219695, 45.259468], [-94.219383, 45.259254], [-94.219192, 45.259111], [-94.219052, 45.258968], [-94.218651, 45.258622], [-94.218564, 45.25852], [-94.218369, 45.25819], [-94.218297, 45.258022], [-94.218301, 45.257799], [-94.218464, 45.2572], [-94.218506, 45.257018], [-94.218521, 45.256517], [-94.218569, 45.255949], [-94.218453, 45.255739], [-94.218375, 45.255704], [-94.218246, 45.255663], [-94.218161, 45.255645], [-94.216827, 45.255642], [-94.216356, 45.255604], [-94.216227, 45.255569], [-94.216133, 45.255534], [-94.216072, 45.255505], [-94.216011, 45.255457], [-94.215976, 45.255409], [-94.215941, 45.255343], [-94.21594, 45.255319], [-94.215956, 45.255265], [-94.215997, 45.255192], [-94.216097, 45.255064], [-94.216189, 45.254972], [-94.216298, 45.254887], [-94.216518, 45.254745], [-94.216906, 45.254524], [-94.217795, 45.254146], [-94.217939, 45.254066], [-94.218173, 45.253847], [-94.218197, 45.253774], [-94.218022, 45.253577], [-94.217609, 45.253412], [-94.217385, 45.253348], [-94.216886, 45.25319], [-94.216679, 45.25309], [-94.216678, 45.253036], [-94.216693, 45.252981], [-94.216802, 45.252871], [-94.217317, 45.252582], [-94.217997, 45.252001], [-94.21841, 45.251737], [-94.218554, 45.251663], [-94.218792, 45.251593], [-94.21914, 45.251505], [-94.219337, 45.251402], [-94.219415, 45.251334], [-94.219438, 45.251288], [-94.219421, 45.251216], [-94.219098, 45.251034], [-94.218967, 45.250867], [-94.218827, 45.250615], [-94.218938, 45.249494], [-94.218975, 45.248991], [-94.218884, 45.248726], [-94.218849, 45.248672], [-94.218805, 45.248637], [-94.218615, 45.248506], [-94.218329, 45.248334], [-94.218277, 45.248316], [-94.218088, 45.24827], [-94.2179, 45.248242], [-94.217772, 45.248243], [-94.217507, 45.248264], [-94.216928, 45.248343], [-94.216739, 45.248315], [-94.216481, 45.248215], [-94.216402, 45.248143], [-94.21635, 45.248077], [-94.216331, 45.248023], [-94.216329, 45.247903], [-94.216345, 45.24786], [-94.216395, 45.247793], [-94.21652, 45.247677], [-94.216621, 45.247561], [-94.21667, 45.247488], [-94.216854, 45.246901], [-94.216896, 45.246846], [-94.21698, 45.246779], [-94.21751, 45.246399], [-94.217652, 45.246265], [-94.217737, 45.245437], [-94.217802, 45.245249], [-94.217868, 45.245146], [-94.217943, 45.245066], [-94.218588, 45.244474], [-94.218652, 45.244262], [-94.218567, 45.243871], [-94.218477, 45.243685], [-94.218346, 45.243529], [-94.217903, 45.243202], [-94.217409, 45.242869], [-94.217365, 45.242821], [-94.217347, 45.242767], [-94.217345, 45.242671], [-94.217325, 45.24252], [-94.217298, 45.242454], [-94.21722, 45.242038], [-94.217194, 45.24199], [-94.216483, 45.24111], [-94.216455, 45.24099], [-94.216452, 45.240881], [-94.216484, 45.240778], [-94.216534, 45.240699], [-94.216601, 45.240656], [-94.216703, 45.240613], [-94.217796, 45.240203], [-94.218651, 45.239433], [-94.219534, 45.238742], [-94.219574, 45.238639], [-94.219582, 45.23859], [-94.219229, 45.238081], [-94.219193, 45.237991], [-94.219192, 45.237943], [-94.219215, 45.237846], [-94.219249, 45.237797], [-94.21955, 45.237528], [-94.220524, 45.236703], [-94.220589, 45.236564], [-94.220831, 45.235487], [-94.220932, 45.235045], [-94.220973, 45.234954], [-94.221157, 45.234783], [-94.221326, 45.234684], [-94.221619, 45.234386], [-94.221713, 45.233986], [-94.221681, 45.233703], [-94.221686, 45.233534], [-94.221905, 45.233], [-94.221921, 45.23294], [-94.221878, 45.232518], [-94.221909, 45.232403], [-94.221983, 45.232251], [-94.222052, 45.232046], [-94.222064, 45.231844], [-94.222083, 45.231636], [-94.222092, 45.231369], [-94.221964, 45.230953], [-94.221944, 45.230821], [-94.221955, 45.230389], [-94.221929, 45.230283], [-94.221706, 45.230075], [-94.221559, 45.229986], [-94.221395, 45.229903], [-94.221343, 45.229892], [-94.221232, 45.229875], [-94.221146, 45.229882], [-94.221062, 45.229907], [-94.22096, 45.229956], [-94.220513, 45.230232], [-94.220285, 45.230356], [-94.220167, 45.230435], [-94.220109, 45.230496], [-94.220051, 45.230588], [-94.219978, 45.230751], [-94.2198, 45.231224], [-94.219631, 45.231709], [-94.219589, 45.231763], [-94.219506, 45.231843], [-94.219406, 45.231965], [-94.219381, 45.232019], [-94.219358, 45.232122], [-94.219474, 45.233147], [-94.21955, 45.233502], [-94.219627, 45.23379], [-94.219734, 45.233947], [-94.219904, 45.234119], [-94.219982, 45.234168], [-94.220061, 45.234227], [-94.220152, 45.234516], [-94.220117, 45.234866], [-94.21985, 45.235147], [-94.219394, 45.235429], [-94.219293, 45.235479], [-94.218656, 45.235679], [-94.21858, 45.235692], [-94.218248, 45.235774], [-94.218079, 45.23583], [-94.217952, 45.235885], [-94.217269, 45.236327], [-94.216956, 45.236445], [-94.216397, 45.236681], [-94.216118, 45.236823], [-94.215729, 45.237032], [-94.215637, 45.237099], [-94.214994, 45.237788], [-94.21491, 45.237849], [-94.214732, 45.237954], [-94.214, 45.238445], [-94.213586, 45.238678], [-94.213308, 45.238868], [-94.213207, 45.238954], [-94.213132, 45.239039], [-94.213058, 45.239161], [-94.212979, 45.239457], [-94.212981, 45.239554], [-94.213009, 45.239674], [-94.213094, 45.240452], [-94.212964, 45.241178], [-94.212959, 45.241302], [-94.212976, 45.241358], [-94.213026, 45.241447], [-94.213501, 45.241729], [-94.213632, 45.241879], [-94.213683, 45.24203], [-94.213771, 45.242835], [-94.213825, 45.24307], [-94.213878, 45.243172], [-94.21393, 45.24322], [-94.214104, 45.243357], [-94.214606, 45.243635], [-94.214805, 45.243808], [-94.215018, 45.244109], [-94.215251, 45.244661], [-94.215289, 45.244835], [-94.215283, 45.244956], [-94.215276, 45.245004], [-94.21515, 45.245132], [-94.215092, 45.245224], [-94.215094, 45.24529], [-94.215173, 45.245404], [-94.215252, 45.245488], [-94.215574, 45.245774], [-94.215635, 45.245846], [-94.215692, 45.24608], [-94.215746, 45.246213], [-94.215835, 45.246369], [-94.216149, 45.246782], [-94.216217, 45.246966], [-94.216236, 45.247118], [-94.216215, 45.247253], [-94.216177, 45.24736], [-94.216077, 45.247484], [-94.216022, 45.247538], [-94.215505, 45.24779], [-94.215208, 45.24786], [-94.214748, 45.247919], [-94.214688, 45.24792], [-94.214637, 45.247908], [-94.214484, 45.247946], [-94.214357, 45.248008], [-94.214207, 45.248203], [-94.214117, 45.248367], [-94.213663, 45.249537], [-94.21254, 45.250575], [-94.212389, 45.250691], [-94.212221, 45.25085], [-94.212071, 45.251014], [-94.21203, 45.251087], [-94.211722, 45.251893], [-94.211513, 45.252487], [-94.211371, 45.252874], [-94.211259, 45.253201], [-94.211241, 45.253344]]]}}, {"type": "Feature", "properties": {"depth_ft": 50.0, "lake": "West Lake Sylvia", "dow": "86027900"}, "geometry": {"type": "Polygon", "coordinates": [[[-94.206576, 45.257026], [-94.20669, 45.256935], [-94.206828, 45.256858], [-94.207653, 45.25665], [-94.207925, 45.256557], [-94.209373, 45.255944], [-94.209601, 45.255803], [-94.209744, 45.255729], [-94.209914, 45.255661], [-94.210015, 45.255605], [-94.210066, 45.255569], [-94.210091, 45.255538], [-94.210107, 45.255478], [-94.209968, 45.255376], [-94.209745, 45.255343], [-94.209676, 45.255307], [-94.209622, 45.255217], [-94.20963, 45.255187], [-94.209697, 45.255132], [-94.209799, 45.25507], [-94.209959, 45.25499], [-94.210045, 45.254977], [-94.21091, 45.254702], [-94.21108, 45.254616], [-94.211241, 45.25456], [-94.211342, 45.254517], [-94.211452, 45.254455], [-94.211536, 45.254382], [-94.211561, 45.254345], [-94.211602, 45.254254], [-94.211618, 45.254194], [-94.211616, 45.254146], [-94.211588, 45.254019], [-94.21156, 45.253494], [-94.211576, 45.253434], [-94.211582, 45.2531], [-94.211651, 45.252779], [-94.211793, 45.252393], [-94.211848, 45.252188], [-94.212041, 45.251618], [-94.212056, 45.251527], [-94.212113, 45.251364], [-94.212179, 45.251248], [-94.212278, 45.251109], [-94.21237, 45.251005], [-94.212881, 45.250541], [-94.213082, 45.250333], [-94.213257, 45.250114], [-94.213507, 45.249834], [-94.213725, 45.249602], [-94.213989, 45.249201], [-94.214285, 45.248244], [-94.21442, 45.24814], [-94.214555, 45.24806], [-94.214648, 45.248041], [-94.21481, 45.248027], [-94.214973, 45.248026], [-94.21534, 45.24801], [-94.215408, 45.247997], [-94.215527, 45.247959], [-94.215713, 45.247885], [-94.215814, 45.24783], [-94.215856, 45.247787], [-94.2162, 45.2475], [-94.216234, 45.247451], [-94.216324, 45.247269], [-94.216351, 45.247135], [-94.216012, 45.246258], [-94.215865, 45.245795], [-94.21583, 45.245741], [-94.215742, 45.245645], [-94.215472, 45.245401], [-94.215445, 45.245347], [-94.215417, 45.245238], [-94.215425, 45.24519], [-94.215475, 45.244719], [-94.21543, 45.24461], [-94.215058, 45.244011], [-94.214875, 45.243826], [-94.214699, 45.24361], [-94.214629, 45.243544], [-94.21456, 45.243497], [-94.21404, 45.24317], [-94.213988, 45.243129], [-94.213962, 45.243081], [-94.213934, 45.242991], [-94.213954, 45.242743], [-94.213929, 45.242339], [-94.213676, 45.241714], [-94.213381, 45.241481], [-94.213294, 45.241434], [-94.213199, 45.241369], [-94.213094, 45.241267], [-94.213067, 45.241213], [-94.213049, 45.241141], [-94.213076, 45.240918], [-94.213313, 45.240299], [-94.21336, 45.240099], [-94.213359, 45.240045], [-94.213403, 45.239302], [-94.213392, 45.239194], [-94.213396, 45.239], [-94.213421, 45.238958], [-94.213656, 45.23878], [-94.213859, 45.238657], [-94.214891, 45.238164], [-94.214959, 45.238151], [-94.215027, 45.23815], [-94.215508, 45.238248], [-94.215602, 45.238289], [-94.21575, 45.238378], [-94.216003, 45.238635], [-94.216038, 45.238695], [-94.216231, 45.23932], [-94.216245, 45.239954], [-94.216354, 45.240042], [-94.216461, 45.240078], [-94.216521, 45.240078], [-94.216614, 45.240065], [-94.216665, 45.240052], [-94.217095, 45.239776], [-94.217884, 45.239091], [-94.218026, 45.238945], [-94.218159, 45.238775], [-94.218334, 45.238586], [-94.218443, 45.238506], [-94.218537, 45.238481], [-94.218622, 45.238474], [-94.218691, 45.238485], [-94.218871, 45.238532], [-94.218984, 45.238591], [-94.219002, 45.238669], [-94.218843, 45.238828], [-94.218506, 45.239024], [-94.218187, 45.239287], [-94.217802, 45.239678], [-94.21771, 45.239745], [-94.217457, 45.239905], [-94.217195, 45.240034], [-94.216737, 45.240196], [-94.216526, 45.240343], [-94.216451, 45.240404], [-94.216384, 45.240478], [-94.216326, 45.240563], [-94.216282, 45.240931], [-94.216305, 45.241173], [-94.216333, 45.241287], [-94.216378, 45.241395], [-94.21643, 45.241443], [-94.216935, 45.241866], [-94.216987, 45.241926], [-94.217031, 45.241998], [-94.217085, 45.242124], [-94.21716, 45.242437], [-94.217161, 45.242479], [-94.217155, 45.242564], [-94.217176, 45.242781], [-94.217203, 45.242835], [-94.217273, 45.242919], [-94.217448, 45.243092], [-94.217587, 45.243205], [-94.21795, 45.2434], [-94.218158, 45.243537], [-94.21821, 45.243585], [-94.218259, 45.243862], [-94.218213, 45.244116], [-94.218145, 45.24422], [-94.217932, 45.2445], [-94.217815, 45.244694], [-94.217783, 45.244797], [-94.217634, 45.24539], [-94.21752, 45.246085], [-94.217504, 45.24614], [-94.217389, 45.246322], [-94.217255, 45.246462], [-94.216993, 45.246616], [-94.216825, 45.246738], [-94.216775, 45.246793], [-94.216684, 45.246915], [-94.216659, 45.246976], [-94.216532, 45.24743], [-94.216507, 45.247466], [-94.216382, 45.247612], [-94.216298, 45.247686], [-94.216207, 45.247789], [-94.216182, 45.24785], [-94.216159, 45.247971], [-94.216169, 45.248019], [-94.216231, 45.248139], [-94.216301, 45.248223], [-94.216388, 45.2483], [-94.216449, 45.248342], [-94.21651, 45.248371], [-94.216647, 45.2484], [-94.216767, 45.248417], [-94.217092, 45.248444], [-94.217554, 45.248451], [-94.217751, 45.248473], [-94.217845, 45.248496], [-94.217957, 45.248537], [-94.218078, 45.248596], [-94.2184, 45.248882], [-94.218471, 45.248966], [-94.218497, 45.249014], [-94.21866, 45.249453], [-94.218716, 45.250473], [-94.218709, 45.250503], [-94.21871, 45.250563], [-94.218728, 45.250623], [-94.218818, 45.250816], [-94.218924, 45.25099], [-94.21902, 45.251103], [-94.219201, 45.251211], [-94.219217, 45.25127], [-94.219188, 45.251335], [-94.218919, 45.251508], [-94.218475, 45.25162], [-94.21831, 45.25168], [-94.216656, 45.252831], [-94.216496, 45.252959], [-94.216439, 45.253056], [-94.216415, 45.253129], [-94.216433, 45.253207], [-94.216469, 45.253267], [-94.216686, 45.253446], [-94.216755, 45.253481], [-94.217402, 45.253764], [-94.217559, 45.253907], [-94.217523, 45.253967], [-94.217381, 45.25407], [-94.217316, 45.254097], [-94.216318, 45.254597], [-94.216107, 45.25472], [-94.216023, 45.254787], [-94.215931, 45.254878], [-94.215815, 45.255061], [-94.215786, 45.255217], [-94.215803, 45.255329], [-94.215881, 45.255451], [-94.216107, 45.255747], [-94.216734, 45.256476], [-94.217013, 45.256744], [-94.217256, 45.256923], [-94.217309, 45.25697], [-94.217442, 45.25721], [-94.217526, 45.257554], [-94.217666, 45.258095], [-94.21748, 45.258574], [-94.217228, 45.258806], [-94.217178, 45.258843], [-94.217051, 45.258905], [-94.215922, 45.259297], [-94.215364, 45.259538], [-94.215271, 45.2596], [-94.21494, 45.259718], [-94.214396, 45.259863], [-94.214074, 45.259981], [-94.213938, 45.26], [-94.213844, 45.260031], [-94.213708, 45.260051], [-94.213146, 45.260178], [-94.212322, 45.26041], [-94.212119, 45.260478], [-94.211882, 45.260583], [-94.211822, 45.26059], [-94.211635, 45.260634], [-94.211558, 45.260659], [-94.211396, 45.260667], [-94.211353, 45.260625], [-94.211239, 45.260494], [-94.211212, 45.260446], [-94.211167, 45.260319], [-94.211084, 45.260073], [-94.211081, 45.25991], [-94.211088, 45.259457], [-94.211103, 45.259318], [-94.211126, 45.259233], [-94.211125, 45.258781], [-94.211141, 45.258726], [-94.21114, 45.25866], [-94.211014, 45.258353], [-94.210796, 45.258168], [-94.210727, 45.258127], [-94.210563, 45.258056], [-94.210339, 45.257986], [-94.209558, 45.257801], [-94.209283, 45.257756], [-94.209215, 45.257763], [-94.209143, 45.257981], [-94.209093, 45.258446], [-94.209069, 45.258543], [-94.209028, 45.25861], [-94.208986, 45.258658], [-94.208776, 45.258805], [-94.208708, 45.258836], [-94.208528, 45.258896], [-94.208384, 45.258902], [-94.208187, 45.258867], [-94.20808, 45.258836], [-94.207988, 45.258784], [-94.207918, 45.258672], [-94.20783, 45.258476], [-94.207731, 45.258328], [-94.2076, 45.258166], [-94.207495, 45.258071], [-94.206978, 45.257871], [-94.206788, 45.257776], [-94.206657, 45.257651], [-94.206613, 45.257585], [-94.206546, 45.257433], [-94.206512, 45.257241], [-94.206518, 45.25715], [-94.206576, 45.257026]]]}}, {"type": "Feature", "properties": {"depth_ft": 60.0, "lake": "West Lake Sylvia", "dow": "86027900"}, "geometry": {"type": "Polygon", "coordinates": [[[-94.211873, 45.252761], [-94.212148, 45.251798], [-94.212229, 45.25161], [-94.212312, 45.25147], [-94.212595, 45.251141], [-94.21287, 45.250794], [-94.213887, 45.249625], [-94.213954, 45.249545], [-94.213987, 45.249491], [-94.214297, 45.248775], [-94.214344, 45.248612], [-94.214442, 45.248375], [-94.214475, 45.248333], [-94.214517, 45.248302], [-94.214568, 45.248271], [-94.214619, 45.248253], [-94.214678, 45.24824], [-94.214815, 45.248227], [-94.214995, 45.248255], [-94.215081, 45.248278], [-94.215177, 45.248404], [-94.215239, 45.248512], [-94.215249, 45.248566], [-94.215242, 45.248638], [-94.215111, 45.248881], [-94.215061, 45.248948], [-94.214683, 45.249278], [-94.214313, 45.249548], [-94.214271, 45.249602], [-94.214223, 45.249718], [-94.214216, 45.249796], [-94.214226, 45.249856], [-94.214252, 45.249911], [-94.214537, 45.250052], [-94.21476, 45.250086], [-94.214837, 45.250079], [-94.2151, 45.249998], [-94.215176, 45.249961], [-94.21541, 45.249705], [-94.215584, 45.249045], [-94.215587, 45.248762], [-94.215611, 45.248707], [-94.215635, 45.24861], [-94.215805, 45.24821], [-94.215882, 45.248209], [-94.215977, 45.24822], [-94.216045, 45.248244], [-94.216528, 45.24845], [-94.216803, 45.248513], [-94.217325, 45.248562], [-94.217574, 45.248608], [-94.217652, 45.248643], [-94.217859, 45.248719], [-94.218102, 45.248904], [-94.218322, 45.249227], [-94.218412, 45.249444], [-94.218435, 45.250107], [-94.218539, 45.250571], [-94.218807, 45.251105], [-94.218816, 45.251154], [-94.218717, 45.251312], [-94.21865, 45.251367], [-94.218337, 45.251533], [-94.217646, 45.251945], [-94.21634, 45.252822], [-94.216264, 45.252895], [-94.216156, 45.253023], [-94.21614, 45.253071], [-94.216141, 45.25312], [-94.216159, 45.253174], [-94.216194, 45.253216], [-94.216541, 45.253441], [-94.216593, 45.253495], [-94.216667, 45.25376], [-94.216613, 45.25402], [-94.216482, 45.254263], [-94.216331, 45.254409], [-94.216171, 45.254514], [-94.216129, 45.254562], [-94.216045, 45.25463], [-94.215953, 45.254721], [-94.21582, 45.254892], [-94.215721, 45.255056], [-94.215689, 45.255153], [-94.215687, 45.255298], [-94.215824, 45.255671], [-94.21602, 45.255989], [-94.216076, 45.256102], [-94.216499, 45.256701], [-94.217217, 45.257472], [-94.217252, 45.25752], [-94.217279, 45.257568], [-94.217297, 45.257616], [-94.217303, 45.257912], [-94.217145, 45.258107], [-94.217103, 45.258138], [-94.216851, 45.258358], [-94.216792, 45.258394], [-94.216444, 45.258519], [-94.216351, 45.258544], [-94.216232, 45.258563], [-94.215703, 45.258611], [-94.215497, 45.258589], [-94.215318, 45.258591], [-94.215215, 45.258604], [-94.215011, 45.258649], [-94.214223, 45.258953], [-94.213707, 45.25923], [-94.213109, 45.259635], [-94.212805, 45.259801], [-94.212712, 45.259838], [-94.212346, 45.259927], [-94.212235, 45.25994], [-94.211773, 45.25989], [-94.211661, 45.259861], [-94.211592, 45.259832], [-94.211381, 45.259526], [-94.211362, 45.25946], [-94.21135, 45.259303], [-94.211558, 45.258227], [-94.21158, 45.258076], [-94.211681, 45.257507], [-94.211678, 45.257435], [-94.211695, 45.257048], [-94.211598, 45.256494], [-94.211413, 45.256218], [-94.211177, 45.256003], [-94.210286, 45.255488], [-94.21013, 45.255369], [-94.210103, 45.25529], [-94.210101, 45.255236], [-94.210235, 45.25509], [-94.211303, 45.254662], [-94.211606, 45.254454], [-94.211746, 45.254187], [-94.211767, 45.253993], [-94.211764, 45.253854], [-94.211734, 45.253631], [-94.211728, 45.253366], [-94.211819, 45.252973], [-94.211873, 45.252761]]]}}, {"type": "Feature", "properties": {"depth_ft": 70.0, "lake": "West Lake Sylvia", "dow": "86027900"}, "geometry": {"type": "Polygon", "coordinates": [[[-94.212855, 45.253147], [-94.212737, 45.253397], [-94.211979, 45.254323], [-94.211679, 45.254664], [-94.211461, 45.254854], [-94.211267, 45.254988], [-94.211405, 45.255065], [-94.211709, 45.255116], [-94.21269, 45.255215], [-94.21353, 45.255314], [-94.214029, 45.255466], [-94.214241, 45.255802], [-94.214277, 45.255886], [-94.214279, 45.255952], [-94.214263, 45.256037], [-94.214124, 45.25634], [-94.214061, 45.256552], [-94.214054, 45.256637], [-94.214073, 45.256715], [-94.214117, 45.256793], [-94.214196, 45.256889], [-94.214274, 45.25693], [-94.214402, 45.256953], [-94.214505, 45.256964], [-94.214616, 45.256951], [-94.214879, 45.256845], [-94.215166, 45.256679], [-94.215392, 45.256448], [-94.215425, 45.256399], [-94.215482, 45.256284], [-94.215629, 45.255576], [-94.215577, 45.255136], [-94.215586, 45.254847], [-94.215619, 45.254689], [-94.215825, 45.254348], [-94.216362, 45.25386], [-94.216365, 45.253582], [-94.216329, 45.253516], [-94.216102, 45.253295], [-94.216006, 45.253182], [-94.215979, 45.253121], [-94.21596, 45.253049], [-94.216059, 45.252891], [-94.216302, 45.252665], [-94.21739, 45.25196], [-94.217674, 45.251685], [-94.217839, 45.251418], [-94.218057, 45.250818], [-94.218125, 45.250382], [-94.218245, 45.249983], [-94.218235, 45.249928], [-94.218251, 45.24988], [-94.218219, 45.249597], [-94.217986, 45.249062], [-94.217932, 45.248972], [-94.217854, 45.248906], [-94.217794, 45.248871], [-94.21769, 45.248824], [-94.21757, 45.248789], [-94.216118, 45.24846], [-94.215964, 45.248432], [-94.215896, 45.248444], [-94.215767, 45.248814], [-94.215603, 45.249522], [-94.215439, 45.249862], [-94.215198, 45.25016], [-94.215139, 45.250215], [-94.215047, 45.250288], [-94.214563, 45.25045], [-94.214444, 45.250482], [-94.214359, 45.250489], [-94.214137, 45.250527], [-94.214052, 45.250552], [-94.213808, 45.250718], [-94.213665, 45.250834], [-94.213415, 45.251139], [-94.213341, 45.251266], [-94.213068, 45.252458], [-94.212953, 45.252791], [-94.212855, 45.253147]]]}}, {"type": "Feature", "properties": {"depth_ft": 80.0, "lake": "West Lake Sylvia", "dow": "86027900"}, "geometry": {"type": "Polygon", "coordinates": [[[-94.213966, 45.253015], [-94.213725, 45.253622], [-94.213612, 45.253949], [-94.213622, 45.254004], [-94.213586, 45.254348], [-94.213616, 45.254529], [-94.213704, 45.254679], [-94.21385, 45.254695], [-94.213986, 45.254658], [-94.214037, 45.254639], [-94.214307, 45.254479], [-94.214625, 45.25418], [-94.214692, 45.254101], [-94.214908, 45.253797], [-94.215043, 45.253705], [-94.21526, 45.253503], [-94.21537, 45.25343], [-94.21564, 45.253288], [-94.215824, 45.253099], [-94.216097, 45.252643], [-94.21623, 45.252473], [-94.216498, 45.252223], [-94.216892, 45.25185], [-94.21699, 45.251668], [-94.217237, 45.250832], [-94.217374, 45.250034], [-94.217454, 45.249792], [-94.217549, 45.249429], [-94.217522, 45.249369], [-94.217444, 45.249303], [-94.217221, 45.249251], [-94.217187, 45.249258], [-94.217093, 45.249295], [-94.217, 45.249344], [-94.216959, 45.249393], [-94.216635, 45.249843], [-94.216568, 45.249916], [-94.216249, 45.250167], [-94.216139, 45.250241], [-94.215996, 45.250321], [-94.215903, 45.250388], [-94.21502, 45.251061], [-94.2146, 45.251368], [-94.214482, 45.251484], [-94.214433, 45.251556], [-94.2144, 45.251647], [-94.214307, 45.252089], [-94.213966, 45.253015]]]}}, {"type": "Feature", "properties": {"depth_ft": 40.0, "lake": "West Lake Sylvia", "dow": "86027900"}, "geometry": {"type": "Polygon", "coordinates": [[[-94.210232, 45.259215], [-94.210264, 45.258712], [-94.21026, 45.258669], [-94.210122, 45.258604], [-94.210011, 45.258611], [-94.2099, 45.258637], [-94.209815, 45.258674], [-94.209697, 45.258747], [-94.209529, 45.258876], [-94.209445, 45.258949], [-94.209388, 45.259077], [-94.209398, 45.259161], [-94.209426, 45.259251], [-94.209566, 45.259383], [-94.209652, 45.25943], [-94.209738, 45.259465], [-94.20985, 45.2595], [-94.209979, 45.259529], [-94.210039, 45.259535], [-94.210116, 45.259528], [-94.210209, 45.25949], [-94.210233, 45.259418], [-94.210232, 45.259215]]]}}, {"type": "Feature", "properties": {"depth_ft": 40.0, "lake": "West Lake Sylvia", "dow": "86027900"}, "geometry": {"type": "Polygon", "coordinates": [[[-94.210423, 45.258323], [-94.210276, 45.258222], [-94.210148, 45.258218], [-94.210161, 45.258272], [-94.210239, 45.258348], [-94.210478, 45.25848], [-94.210537, 45.258455], [-94.210484, 45.258353], [-94.210423, 45.258323]]]}}, {"type": "Feature", "properties": {"depth_ft": 60.0, "lake": "West Lake Sylvia", "dow": "86027900"}, "geometry": {"type": "Polygon", "coordinates": [[[-94.209677, 45.257063], [-94.209583, 45.256992], [-94.209523, 45.256957], [-94.209411, 45.25694], [-94.20914, 45.257069], [-94.208872, 45.257289], [-94.208547, 45.257697], [-94.208423, 45.257898], [-94.208268, 45.258237], [-94.208237, 45.258389], [-94.208224, 45.25857], [-94.208233, 45.25863], [-94.208293, 45.258636], [-94.208358, 45.258466], [-94.208365, 45.258405], [-94.208365, 45.258369], [-94.208471, 45.258139], [-94.208529, 45.258054], [-94.208721, 45.257846], [-94.209118, 45.257625], [-94.209262, 45.257563], [-94.209339, 45.257574], [-94.209855, 45.257708], [-94.210135, 45.257614], [-94.210168, 45.257577], [-94.210126, 45.25747], [-94.20978, 45.257145], [-94.209677, 45.257063]]]}}, {"type": "Feature", "properties": {"depth_ft": 40.0, "lake": "West Lake Sylvia", "dow": "86027900"}, "geometry": {"type": "Polygon", "coordinates": [[[-94.207347, 45.257529], [-94.207204, 45.25741], [-94.207176, 45.257267], [-94.20719, 45.257135], [-94.207222, 45.257051], [-94.207313, 45.256961], [-94.207506, 45.256869], [-94.207927, 45.256745], [-94.208556, 45.256526], [-94.20936, 45.256161], [-94.209403, 45.256137], [-94.20952, 45.256051], [-94.21007, 45.255768], [-94.210299, 45.255675], [-94.210376, 45.255686], [-94.21047, 45.255715], [-94.210566, 45.255762], [-94.210626, 45.255804], [-94.210739, 45.255899], [-94.210844, 45.256007], [-94.210879, 45.256055], [-94.211013, 45.256319], [-94.211032, 45.256391], [-94.211055, 45.256669], [-94.211039, 45.256711], [-94.210946, 45.25676], [-94.210843, 45.256761], [-94.210369, 45.256585], [-94.210266, 45.256556], [-94.21001, 45.256571], [-94.209509, 45.256703], [-94.209407, 45.25674], [-94.209195, 45.256839], [-94.208984, 45.256956], [-94.208875, 45.25703], [-94.208732, 45.257152], [-94.208415, 45.257536], [-94.208341, 45.257663], [-94.208123, 45.258239], [-94.208062, 45.258314], [-94.208003, 45.258327], [-94.207968, 45.258315], [-94.207949, 45.258208], [-94.20792, 45.258023], [-94.207858, 45.257875], [-94.207347, 45.257529]]]}}, {"type": "Feature", "properties": {"depth_ft": 30.0, "lake": "West Lake Sylvia", "dow": "86027900"}, "geometry": {"type": "Polygon", "coordinates": [[[-94.207925, 45.257068], [-94.207775, 45.257159], [-94.207692, 45.257273], [-94.207669, 45.257345], [-94.207662, 45.257423], [-94.207697, 45.257482], [-94.207844, 45.257636], [-94.207949, 45.257778], [-94.207951, 45.257904], [-94.207944, 45.257981], [-94.207962, 45.258005], [-94.20803, 45.258016], [-94.208087, 45.257932], [-94.208232, 45.257596], [-94.208404, 45.257325], [-94.208553, 45.25719], [-94.208636, 45.257081], [-94.208913, 45.256824], [-94.209056, 45.256714], [-94.20914, 45.256665], [-94.209225, 45.256628], [-94.209395, 45.256578], [-94.209488, 45.25654], [-94.209667, 45.256514], [-94.209709, 45.256496], [-94.209956, 45.256433], [-94.210142, 45.256322], [-94.210155, 45.256153], [-94.210018, 45.256124], [-94.20983, 45.256144], [-94.209423, 45.256282], [-94.209355, 45.256331], [-94.208402, 45.256914], [-94.207927, 45.25707], [-94.207925, 45.257068]]]}}, {"type": "Feature", "properties": {"depth_ft": 20.0, "lake": "West Lake Sylvia", "dow": "86027900"}, "geometry": {"type": "Polygon", "coordinates": [[[-94.208208, 45.257238], [-94.208137, 45.257297], [-94.208067, 45.257395], [-94.207962, 45.257617], [-94.208008, 45.257685], [-94.208051, 45.257684], [-94.208118, 45.257623], [-94.208359, 45.257277], [-94.208701, 45.256911], [-94.208743, 45.25685], [-94.208699, 45.256844], [-94.20864, 45.256863], [-94.208515, 45.25696], [-94.208254, 45.257187], [-94.208208, 45.257238]]]}}, {"type": "Feature", "properties": {"depth_ft": 60.0, "lake": "West Lake Sylvia", "dow": "86027900"}, "geometry": {"type": "Polygon", "coordinates": [[[-94.216819, 45.246013], [-94.216758, 45.245997], [-94.216638, 45.24598], [-94.216501, 45.245981], [-94.216433, 45.245994], [-94.216366, 45.246031], [-94.216325, 45.246116], [-94.216285, 45.246249], [-94.216287, 45.24634], [-94.216317, 45.246545], [-94.216486, 45.246875], [-94.216521, 45.246892], [-94.21657, 45.24682], [-94.216564, 45.2465], [-94.216597, 45.246469], [-94.21674, 45.246359], [-94.216765, 45.246347], [-94.216841, 45.246275], [-94.216881, 45.246149], [-94.216879, 45.246054], [-94.216819, 45.246013]]]}}, {"type": "Feature", "properties": {"depth_ft": 60.0, "lake": "West Lake Sylvia", "dow": "86027900"}, "geometry": {"type": "Polygon", "coordinates": [[[-94.215195, 45.242439], [-94.214996, 45.242285], [-94.214944, 45.242255], [-94.214492, 45.241928], [-94.214104, 45.241721], [-94.213722, 45.241472], [-94.213634, 45.241328], [-94.213509, 45.241088], [-94.213499, 45.241033], [-94.213496, 45.240889], [-94.213535, 45.240695], [-94.213533, 45.240623], [-94.213607, 45.240471], [-94.21383, 45.240124], [-94.213961, 45.239839], [-94.214234, 45.239408], [-94.214483, 45.239061], [-94.214641, 45.238884], [-94.214717, 45.238847], [-94.214836, 45.238804], [-94.214938, 45.238779], [-94.215023, 45.238772], [-94.215194, 45.23877], [-94.215503, 45.238815], [-94.215597, 45.238838], [-94.215683, 45.238879], [-94.215779, 45.238939], [-94.215831, 45.238993], [-94.21591, 45.2391], [-94.215974, 45.239269], [-94.215984, 45.239335], [-94.215986, 45.239444], [-94.215979, 45.23951], [-94.215882, 45.239801], [-94.215849, 45.239849], [-94.215694, 45.240171], [-94.215654, 45.240316], [-94.215648, 45.240431], [-94.215669, 45.24063], [-94.215716, 45.240811], [-94.215787, 45.240949], [-94.216122, 45.241428], [-94.216585, 45.241912], [-94.216621, 45.241978], [-94.216894, 45.242349], [-94.216985, 45.242602], [-94.216994, 45.242662], [-94.21698, 45.242789], [-94.21699, 45.242837], [-94.217034, 45.242939], [-94.217105, 45.243047], [-94.217533, 45.243483], [-94.217551, 45.243538], [-94.217561, 45.243604], [-94.217564, 45.243724], [-94.217549, 45.243839], [-94.217533, 45.243894], [-94.2175, 45.243942], [-94.217433, 45.243991], [-94.217382, 45.244016], [-94.217272, 45.24406], [-94.217059, 45.24411], [-94.216864, 45.244136], [-94.216727, 45.244138], [-94.216667, 45.244132], [-94.216477, 45.24405], [-94.216391, 45.244003], [-94.216339, 45.243961], [-94.216251, 45.243871], [-94.216002, 45.243415], [-94.215867, 45.243103], [-94.215753, 45.242923], [-94.215195, 45.242439]]]}}, {"type": "Feature", "properties": {"depth_ft": 40.0, "lake": "West Lake Sylvia", "dow": "86027900"}, "geometry": {"type": "Polygon", "coordinates": [[[-94.217404, 45.238855], [-94.21732, 45.239116], [-94.217271, 45.239219], [-94.217122, 45.239438], [-94.216938, 45.239639], [-94.216517, 45.239909], [-94.216373, 45.239947], [-94.216347, 45.239917], [-94.21632, 45.239857], [-94.216351, 45.239738], [-94.21644, 45.239523], [-94.216479, 45.239324], [-94.21645, 45.239185], [-94.216465, 45.239094], [-94.216529, 45.238864], [-94.21672, 45.238603], [-94.216854, 45.238499], [-94.217142, 45.238364], [-94.217218, 45.238338], [-94.217295, 45.238325], [-94.217355, 45.238324], [-94.217415, 45.238336], [-94.217467, 45.238365], [-94.217491, 45.238438], [-94.217477, 45.23857], [-94.21743, 45.238756], [-94.217404, 45.238855]]]}}, {"type": "Feature", "properties": {"depth_ft": 30.0, "lake": "West Lake Sylvia", "dow": "86027900"}, "geometry": {"type": "Polygon", "coordinates": [[[-94.216634, 45.239099], [-94.216649, 45.23928], [-94.216634, 45.239407], [-94.21661, 45.239479], [-94.216561, 45.239576], [-94.216513, 45.239722], [-94.216613, 45.239702], [-94.216943, 45.239452], [-94.217101, 45.239275], [-94.217143, 45.239202], [-94.21715, 45.239154], [-94.217253, 45.238772], [-94.217174, 45.238688], [-94.217071, 45.238659], [-94.216929, 45.238659], [-94.216829, 45.238732], [-94.216705, 45.238877], [-94.216648, 45.238991], [-94.216634, 45.239099]]]}}, {"type": "Feature", "properties": {"depth_ft": 20.0, "lake": "West Lake Sylvia", "dow": "86027900"}, "geometry": {"type": "Polygon", "coordinates": [[[-94.21682, 45.239115], [-94.216844, 45.239205], [-94.216948, 45.239149], [-94.216988, 45.239077], [-94.216962, 45.239006], [-94.216894, 45.238994], [-94.21682, 45.239115]]]}}, {"type": "Feature", "properties": {"depth_ft": 50.0, "lake": "West Lake Sylvia", "dow": "86027900"}, "geometry": {"type": "Polygon", "coordinates": [[[-94.220487, 45.231933], [-94.220302, 45.232335], [-94.220204, 45.232934], [-94.220192, 45.233163], [-94.220276, 45.233495], [-94.220331, 45.233675], [-94.220331, 45.233705], [-94.220341, 45.233735], [-94.220385, 45.233813], [-94.220464, 45.233921], [-94.220517, 45.233975], [-94.220716, 45.234118], [-94.221007, 45.234139], [-94.221134, 45.234083], [-94.22121, 45.234034], [-94.221324, 45.233773], [-94.221321, 45.233658], [-94.221329, 45.233604], [-94.221444, 45.233392], [-94.221474, 45.232818], [-94.221464, 45.232745], [-94.221451, 45.232516], [-94.221481, 45.232335], [-94.221479, 45.232268], [-94.221487, 45.232214], [-94.221527, 45.232093], [-94.221568, 45.232032], [-94.221601, 45.231965], [-94.221631, 45.23176], [-94.221615, 45.231422], [-94.221659, 45.230697], [-94.22165, 45.230649], [-94.221614, 45.230553], [-94.221493, 45.230512], [-94.22129, 45.230592], [-94.221064, 45.2308], [-94.220872, 45.231007], [-94.220648, 45.23136], [-94.220624, 45.231414], [-94.220487, 45.231933]]]}}, {"type": "Feature", "properties": {"depth_ft": 20.0, "lake": "West Lake Sylvia", "dow": "86027900"}, "geometry": {"type": "Polygon", "coordinates": [[[-94.204997, 45.235801], [-94.204716, 45.236153], [-94.204627, 45.236413], [-94.204657, 45.237016], [-94.204695, 45.237209], [-94.205059, 45.237851], [-94.205186, 45.238206], [-94.205366, 45.238639], [-94.205607, 45.239125], [-94.205718, 45.239534], [-94.205709, 45.239927], [-94.205694, 45.239993], [-94.205688, 45.240114], [-94.2057, 45.240265], [-94.205737, 45.24044], [-94.205782, 45.240542], [-94.20588, 45.24071], [-94.205976, 45.240829], [-94.206595, 45.241378], [-94.207503, 45.24193], [-94.20779, 45.242126], [-94.208008, 45.242359], [-94.208096, 45.242485], [-94.208204, 45.242749], [-94.208243, 45.243347], [-94.208211, 45.243474], [-94.208106, 45.243734], [-94.207948, 45.243971], [-94.207872, 45.244021], [-94.207669, 45.244107], [-94.207594, 45.244156], [-94.207594, 45.244192], [-94.207637, 45.244227], [-94.207798, 45.244225], [-94.208018, 45.244235], [-94.208197, 45.244275], [-94.20834, 45.244293], [-94.208803, 45.244391], [-94.208999, 45.244371], [-94.209059, 45.244358], [-94.209287, 45.244241], [-94.209267, 45.24409], [-94.209197, 45.244043], [-94.209093, 45.243983], [-94.208937, 45.243877], [-94.208849, 45.243739], [-94.208979, 45.243411], [-94.209029, 45.243356], [-94.209137, 45.243204], [-94.209379, 45.242948], [-94.209724, 45.242311], [-94.209852, 45.241881], [-94.210058, 45.241616], [-94.210099, 45.24158], [-94.210081, 45.241526], [-94.210021, 45.241455], [-94.210027, 45.241365], [-94.210108, 45.241173], [-94.210507, 45.24054], [-94.210735, 45.23962], [-94.210724, 45.239512], [-94.210739, 45.239415], [-94.210738, 45.239354], [-94.21071, 45.239258], [-94.210648, 45.239126], [-94.210437, 45.238845], [-94.210289, 45.238725], [-94.209986, 45.238548], [-94.209578, 45.238244], [-94.209456, 45.238125], [-94.209377, 45.238017], [-94.209323, 45.237897], [-94.209277, 45.237722], [-94.209139, 45.237265], [-94.208825, 45.236954], [-94.208738, 45.236889], [-94.208546, 45.236716], [-94.20845, 45.236602], [-94.20837, 45.236476], [-94.20836, 45.23641], [-94.208356, 45.236193], [-94.208409, 45.235902], [-94.208364, 45.235758], [-94.208303, 45.235728], [-94.2082, 45.235693], [-94.207085, 45.235506], [-94.206648, 45.23542], [-94.206408, 45.235398], [-94.206272, 45.2354], [-94.205607, 45.235491], [-94.205363, 45.235566], [-94.205137, 45.235681], [-94.204997, 45.235801]]]}}, {"type": "Feature", "properties": {"depth_ft": 30.0, "lake": "West Lake Sylvia", "dow": "86027900"}, "geometry": {"type": "Polygon", "coordinates": [[[-94.205409, 45.236144], [-94.205357, 45.236194], [-94.205307, 45.236261], [-94.205275, 45.236346], [-94.205161, 45.237005], [-94.205179, 45.237083], [-94.205203, 45.237409], [-94.205262, 45.237759], [-94.205524, 45.238414], [-94.205881, 45.239158], [-94.205856, 45.240004], [-94.205834, 45.240155], [-94.205839, 45.240384], [-94.205858, 45.240468], [-94.205902, 45.240553], [-94.206017, 45.240714], [-94.206252, 45.240947], [-94.206798, 45.241298], [-94.207067, 45.241506], [-94.207969, 45.242106], [-94.208006, 45.242245], [-94.208092, 45.24231], [-94.208253, 45.242634], [-94.208399, 45.243079], [-94.208418, 45.243176], [-94.20852, 45.243513], [-94.208499, 45.243742], [-94.208524, 45.243736], [-94.208647, 45.243532], [-94.20882, 45.243327], [-94.209049, 45.243115], [-94.209445, 45.242416], [-94.209477, 45.242307], [-94.209479, 45.242036], [-94.20946, 45.241951], [-94.209468, 45.241885], [-94.209516, 45.24174], [-94.209622, 45.241527], [-94.209911, 45.241047], [-94.209927, 45.240999], [-94.209995, 45.240564], [-94.21006, 45.240406], [-94.210159, 45.240236], [-94.210292, 45.240071], [-94.210423, 45.239817], [-94.210461, 45.239599], [-94.210453, 45.239219], [-94.210434, 45.239122], [-94.210407, 45.239062], [-94.210354, 45.238972], [-94.209971, 45.238644], [-94.209616, 45.238389], [-94.209476, 45.238269], [-94.209197, 45.238007], [-94.209136, 45.237935], [-94.208995, 45.237339], [-94.208864, 45.237183], [-94.208507, 45.236867], [-94.208445, 45.236789], [-94.208339, 45.236621], [-94.208071, 45.236051], [-94.208027, 45.236003], [-94.207984, 45.235967], [-94.207622, 45.23585], [-94.206981, 45.235815], [-94.206528, 45.235808], [-94.20634, 45.235822], [-94.206128, 45.235866], [-94.205782, 45.235972], [-94.205409, 45.236144]]]}}, {"type": "Feature", "properties": {"depth_ft": 40.0, "lake": "West Lake Sylvia", "dow": "86027900"}, "geometry": {"type": "Polygon", "coordinates": [[[-94.206646, 45.238387], [-94.206684, 45.238317], [-94.207126, 45.237805], [-94.207157, 45.237666], [-94.207136, 45.237515], [-94.207014, 45.237366], [-94.206665, 45.237031], [-94.20656, 45.236906], [-94.206524, 45.236828], [-94.206514, 45.236786], [-94.206615, 45.236706], [-94.206701, 45.236699], [-94.206761, 45.236704], [-94.206846, 45.236728], [-94.207019, 45.236786], [-94.207993, 45.237205], [-94.208157, 45.237287], [-94.208732, 45.237414], [-94.209089, 45.238135], [-94.209142, 45.238194], [-94.209603, 45.238612], [-94.209557, 45.238836], [-94.209503, 45.239537], [-94.20948, 45.239645], [-94.209361, 45.240099], [-94.209337, 45.240154], [-94.209122, 45.240476], [-94.209012, 45.240532], [-94.208918, 45.240569], [-94.208851, 45.240588], [-94.208782, 45.240601], [-94.208621, 45.24062], [-94.208561, 45.240615], [-94.208398, 45.240617], [-94.208143, 45.240674], [-94.208093, 45.240704], [-94.207992, 45.240778], [-94.207753, 45.241191], [-94.207676, 45.24121], [-94.207616, 45.241216], [-94.20742, 45.241206], [-94.207201, 45.240961], [-94.20709, 45.240576], [-94.207098, 45.240528], [-94.207146, 45.240364], [-94.207426, 45.239872], [-94.207412, 45.239631], [-94.207177, 45.239434], [-94.206776, 45.23907], [-94.206663, 45.238951], [-94.206596, 45.238805], [-94.206584, 45.238626], [-94.206606, 45.238483], [-94.206646, 45.238387]]]}}, {"type": "Feature", "properties": {"depth_ft": 50.0, "lake": "West Lake Sylvia", "dow": "86027900"}, "geometry": {"type": "Polygon", "coordinates": [[[-94.208211, 45.23834], [-94.208199, 45.238197], [-94.208309, 45.238172], [-94.208462, 45.23823], [-94.208725, 45.238307], [-94.208786, 45.238337], [-94.208838, 45.238379], [-94.208882, 45.238426], [-94.208934, 45.238498], [-94.209015, 45.238654], [-94.209062, 45.238871], [-94.208984, 45.23924], [-94.20896, 45.239295], [-94.208855, 45.239604], [-94.208797, 45.239665], [-94.208739, 45.239768], [-94.208672, 45.239847], [-94.208639, 45.239878], [-94.208528, 45.239891], [-94.208468, 45.23988], [-94.208399, 45.23985], [-94.208372, 45.239796], [-94.208336, 45.239688], [-94.208335, 45.239652], [-94.208349, 45.239501], [-94.208352, 45.239241], [-94.208308, 45.239175], [-94.208247, 45.239109], [-94.208203, 45.239043], [-94.208158, 45.238941], [-94.208139, 45.238875], [-94.208168, 45.238717], [-94.208204, 45.23843], [-94.208211, 45.23834]]]}}, {"type": "Feature", "properties": {"depth_ft": 10.0, "lake": "West Lake Sylvia", "dow": "86027900"}, "geometry": {"type": "Polygon", "coordinates": [[[-94.21045, 45.241702], [-94.210479, 45.241633], [-94.210486, 45.241578], [-94.210352, 45.241284], [-94.210458, 45.241036], [-94.210499, 45.240987], [-94.210575, 45.240944], [-94.210669, 45.240907], [-94.210737, 45.240894], [-94.210848, 45.240905], [-94.211012, 45.240969], [-94.211201, 45.241034], [-94.211791, 45.241064], [-94.211817, 45.241057], [-94.211945, 45.241062], [-94.212116, 45.241078], [-94.212063, 45.241159], [-94.211955, 45.241232], [-94.211636, 45.241349], [-94.211444, 45.2415], [-94.21117, 45.241976], [-94.211128, 45.24203], [-94.21107, 45.242091], [-94.210985, 45.242135], [-94.210917, 45.242159], [-94.210824, 45.242185], [-94.210747, 45.242197], [-94.210662, 45.242228], [-94.210206, 45.242445], [-94.210137, 45.242433], [-94.210094, 45.24241], [-94.210083, 45.242313], [-94.21014, 45.242162], [-94.210369, 45.241846], [-94.21045, 45.241702]]]}}, {"type": "Feature", "properties": {"depth_ft": 30.0, "lake": "West Lake Sylvia", "dow": "86027900"}, "geometry": {"type": "Polygon", "coordinates": [[[-94.219076, 45.263154], [-94.218848, 45.263419], [-94.218466, 45.263918], [-94.218416, 45.263973], [-94.218341, 45.264082], [-94.218276, 45.264228], [-94.218252, 45.264336], [-94.21826, 45.264686], [-94.218278, 45.264741], [-94.218491, 45.265125], [-94.218614, 45.26528], [-94.218754, 45.265424], [-94.218902, 45.265549], [-94.21905, 45.26565], [-94.219402, 45.265725], [-94.219897, 45.265683], [-94.220033, 45.265663], [-94.220116, 45.265554], [-94.220157, 45.265481], [-94.220134, 45.265173], [-94.220115, 45.265113], [-94.219921, 45.264801], [-94.2199, 45.264657], [-94.219888, 45.264488], [-94.219921, 45.264421], [-94.220051, 45.264112], [-94.220483, 45.263522], [-94.221101, 45.262845], [-94.221273, 45.262524], [-94.221312, 45.262336], [-94.221255, 45.262059], [-94.220968, 45.261851], [-94.220796, 45.261774], [-94.220735, 45.261739], [-94.220693, 45.261739], [-94.220633, 45.261764], [-94.220515, 45.261831], [-94.220078, 45.262162], [-94.219076, 45.263154]]]}}]}